msg_id,conv_id,speaker,message,timestamp
1,c1,G,Team: let's discuss choosing tools/stack and get aligned before we split tasks.,2026-02-01T11:00:00
2,c1,B,"I think, i agree. We should build a baseline before adding any improvements.",2026-02-01T11:00:46
3,c1,E,Quick question: A minimal system plus strong evaluation is probably the best strategy?,2026-02-01T11:01:31
4,c1,C,"If we keep it simple, we can run more experiments and comparisons. That way we can separate system behavior from human perception effects.",2026-02-01T11:02:30
5,c1,B,"Kind of, i'm not fully convinced yet. We should choose tools that are stable and easy to reproduce.",2026-02-01T11:03:54
6,c1,B,"I think, first we ingest chats, then index, then retrieve, then answer, then analyze logs.",2026-02-01T11:04:20
7,c1,B,"I'm not sure but, i agree. If we keep the stack simple, we can focus on the analysis.",2026-02-01T11:05:47
8,c1,B,"I think, a minimal system plus strong evaluation is probably the best strategy.",2026-02-01T11:07:24
9,c1,E,Quick question: I'm not fully convinced yet. We should trade engineering time for better study design and write-up?,2026-02-01T11:08:26
10,c1,G,"To be clear, first we ingest chats, then index, then retrieve, then answer, then analyze logs.",2026-02-01T11:09:45
11,c1,G,A minimal system plus strong evaluation is probably the best strategy.,2026-02-01T11:10:07
12,c1,B,"I think, we could compare two setups to see if results are robust.",2026-02-01T11:11:42
13,c1,B,"Maybe, we should trade engineering time for better study design and write-up.",2026-02-01T11:12:08
14,c1,B,"Maybe, if we keep the stack simple, we can focus on the analysis.",2026-02-01T11:12:48
15,c1,E,Just to check: A minimal system plus strong evaluation is probably the best strategy?,2026-02-01T11:14:17
16,c1,G,We should build a baseline before adding any improvements.,2026-02-01T11:14:43
17,c1,C,We should log every retrieval step so we can explain results. We can validate it quickly with a small pilot before we scale it up.,2026-02-01T11:16:23
18,c1,E,"Before we move on: I agree. If we keep it simple, we can run more experiments and comparisons?",2026-02-01T11:17:59
19,c1,B,"I feel like, a minimal system plus strong evaluation is probably the best strategy.",2026-02-01T11:18:40
20,c1,D,We should build a baseline before adding any improvements.,2026-02-01T11:19:27
21,c1,C,"We should choose tools that are stable and easy to reproduce. It might feel like extra work now, but it saves time during analysis.",2026-02-01T11:21:17
22,c1,C,I'm not fully convinced yet. Let’s make the pipeline reproducible with fixed seeds and configs. We can validate it quickly with a small pilot before we scale it up.,2026-02-01T11:22:37
23,c1,E,"Just to check: To be clear, first we ingest chats, then index, then retrieve, then answer, then analyze logs?",2026-02-01T11:23:39
24,c1,E,Quick question: We can use a simple vector store and a basic retrieval QA chain?,2026-02-01T11:25:17
25,c1,B,"Kind of, i'm not fully convinced yet. First we ingest chats, then index, then retrieve, then answer, then analyze logs.",2026-02-01T11:26:28
26,c1,C,"I'm not fully convinced yet. If we keep it simple, we can run more experiments and comparisons. We can validate it quickly with a small pilot before we scale it up.",2026-02-01T11:27:22
27,c1,G,"If we keep the stack simple, we can focus on the analysis.",2026-02-01T11:27:52
28,c1,B,"I'm not sure but, i agree. We should build a baseline before adding any improvements.",2026-02-01T11:28:43
29,c1,D,We should choose tools that are stable and easy to reproduce.,2026-02-01T11:29:56
30,c1,B,"It seems like, we should choose tools that are stable and easy to reproduce.",2026-02-01T11:30:35
31,c1,G,We could compare two setups to see if results are robust.,2026-02-01T11:31:14
32,c1,B,"I feel like, first we ingest chats, then index, then retrieve, then answer, then analyze logs.",2026-02-01T11:32:10
33,c1,C,We should build a baseline before adding any improvements. This also gives us something concrete to show in the proposal and final report.,2026-02-01T11:33:00
34,c1,D,I agree.,2026-02-01T11:34:23
35,c1,B,"I feel like, honestly, we should log every retrieval step so we can explain results.",2026-02-01T11:34:54
36,c1,D,"If we keep the stack simple, we can focus on the analysis.",2026-02-01T11:36:13
37,c1,E,Small question: We should trade engineering time for better study design and write-up?,2026-02-01T11:37:28
38,c1,D,"If we keep the stack simple, we can focus on the analysis.",2026-02-01T11:38:36
39,c1,G,We should build a baseline before adding any improvements.,2026-02-01T11:40:08
40,c1,B,"I'm not sure but, we should choose tools that are stable and easy to reproduce.",2026-02-01T11:41:25
41,c1,D,I agree.,2026-02-01T11:42:10
42,c1,B,"Possibly, i'm not fully convinced yet. We should build a baseline before adding any improvements.",2026-02-01T11:42:46
43,c1,D,We should build a baseline before adding any improvements.,2026-02-01T11:43:56
44,c1,B,"Possibly, first we ingest chats, then index, then retrieve, then answer, then analyze logs.",2026-02-01T11:44:43
45,c1,B,"I think, i agree. We should choose tools that are stable and easy to reproduce.",2026-02-01T11:45:15
46,c1,D,I'm not fully convinced yet.,2026-02-01T11:45:55
47,c1,D,"Definitely, we should build a baseline before adding any improvements.",2026-02-01T11:47:37
48,c1,C,We can use a simple vector store and a basic retrieval QA chain. This also gives us something concrete to show in the proposal and final report.,2026-02-01T11:48:33
49,c1,E,Small question: Let’s make the pipeline reproducible with fixed seeds and configs?,2026-02-01T11:49:57
50,c1,B,"Maybe, we can use a simple vector store and a basic retrieval QA chain.",2026-02-01T11:51:03
51,c1,C,We can use a simple vector store and a basic retrieval QA chain. That way we can separate system behavior from human perception effects.,2026-02-01T11:52:41
52,c1,G,"I agree. If we keep it simple, we can run more experiments and comparisons.",2026-02-01T11:53:19
53,c1,E,Just to check: A more complex system might look impressive but could be risky?,2026-02-01T11:54:13
54,c1,G,A more complex system might look impressive but could be risky.,2026-02-01T11:55:11
55,c1,B,"Maybe, to be clear, we should trade engineering time for better study design and write-up.",2026-02-01T11:55:44
56,c1,G,"First we ingest chats, then index, then retrieve, then answer, then analyze logs.",2026-02-01T11:57:12
57,c1,G,A more complex system might look impressive but could be risky.,2026-02-01T11:57:41
58,c1,E,Quick question: We should build a baseline before adding any improvements?,2026-02-01T11:59:27
59,c1,C,"Let’s make the pipeline reproducible with fixed seeds and configs. It might feel like extra work now, but it saves time during analysis.",2026-02-01T12:00:49
60,c1,G,"If we keep the stack simple, we can focus on the analysis.",2026-02-01T12:01:25
1,c2,E,Team: let's discuss study design discussion and get aligned before we split tasks.,2026-02-01T12:00:00
2,c2,E,"Quick question: For the user study, we can ask who seems most knowledgeable or influential?",2026-02-01T12:00:45
3,c2,B,"It seems like, we can compute retrieval share per speaker and compare it to participation share.",2026-02-01T12:02:13
4,c2,F,"Thanks, we should randomize which conversation they see to avoid learning effects.",2026-02-01T12:03:14
5,c2,B,"Possibly, i agree. I suspect verbose speakers will be retrieved more often just because they contain more keywords.",2026-02-01T12:04:08
6,c2,E,Small question: I suspect verbose speakers will be retrieved more often just because they contain more keywords?,2026-02-01T12:05:32
7,c2,A,"I recommend we should compute style metrics: verbosity, hedging rate, assertiveness rate.",2026-02-01T12:06:04
8,c2,B,"Maybe, readers may think the most-retrieved speaker is the leader, even if they weren’t.",2026-02-01T12:06:43
9,c2,E,Just to check: Hedging language might be retrieved less because it sounds less decisive?,2026-02-01T12:07:25
10,c2,B,"Kind of, i agree. We should collect demographics lightly, if allowed, but keep it minimal.",2026-02-01T12:08:26
11,c2,F,"I agree. We should compute style metrics: verbosity, hedging rate, assertiveness rate. thanks.",2026-02-01T12:09:06
12,c2,D,"We should compute style metrics: verbosity, hedging rate, assertiveness rate.",2026-02-01T12:10:11
13,c2,E,Before we move on: We should track agreement across participants to see if the effect is consistent?,2026-02-01T12:11:50
14,c2,E,"Quick question: We should compute style metrics: verbosity, hedging rate, assertiveness rate?",2026-02-01T12:12:17
15,c2,F,"Appreciate it, for the user study, we can ask who seems most knowledgeable or influential.",2026-02-01T12:12:56
16,c2,A,"Let's readers may think the most-retrieved speaker is the leader, even if they weren’t.",2026-02-01T12:14:18
17,c2,B,"I'm not sure but, in my view, readers may think the most-retrieved speaker is the leader, even if they weren’t.",2026-02-01T12:14:59
18,c2,E,Quick question: I agree. I suspect verbose speakers will be retrieved more often just because they contain more keywords?,2026-02-01T12:16:01
19,c2,A,"Let's i'm not fully convinced yet. We should compute style metrics: verbosity, hedging rate, assertiveness rate.",2026-02-01T12:16:31
20,c2,F,"Thanks, readers may think the most-retrieved speaker is the leader, even if they weren’t.",2026-02-01T12:17:54
21,c2,A,Let's i suspect verbose speakers will be retrieved more often just because they contain more keywords.,2026-02-01T12:19:31
22,c2,B,"Kind of, hedging language might be retrieved less because it sounds less decisive.",2026-02-01T12:20:58
23,c2,E,"Just to check: Readers may think the most-retrieved speaker is the leader, even if they weren’t?",2026-02-01T12:22:15
24,c2,A,I recommend we can show participants a short system-generated summary and ask perception questions.,2026-02-01T12:23:32
25,c2,E,Just to check: We can show participants a short system-generated summary and ask perception questions?,2026-02-01T12:23:53
26,c2,B,"I feel like, definitely, i'm not fully convinced yet. We can keep it lightweight with a Google Form and short tasks.",2026-02-01T12:24:46
27,c2,F,"Readers may think the most-retrieved speaker is the leader, even if they weren’t. could we.",2026-02-01T12:26:00
28,c2,F,"Honestly, readers may think the most-retrieved speaker is the leader, even if they weren’t. appreciate it.",2026-02-01T12:27:42
29,c2,D,We should randomize which conversation they see to avoid learning effects.,2026-02-01T12:28:03
30,c2,F,I agree. We can keep it lightweight with a Google Form and short tasks. appreciate it.,2026-02-01T12:29:03
31,c2,D,I'm not fully convinced yet.,2026-02-01T12:30:34
32,c2,F,"Could we, we can keep it lightweight with a Google Form and short tasks.",2026-02-01T12:32:19
33,c2,B,"It seems like, i suspect verbose speakers will be retrieved more often just because they contain more keywords.",2026-02-01T12:33:06
34,c2,F,"I agree. We should compute style metrics: verbosity, hedging rate, assertiveness rate. appreciate it.",2026-02-01T12:34:49
35,c2,F,I agree. I suspect verbose speakers will be retrieved more often just because they contain more keywords. could we.,2026-02-01T12:36:15
36,c2,D,"To be clear, for the user study, we can ask who seems most knowledgeable or influential.",2026-02-01T12:38:04
37,c2,E,"Before we move on: Readers may think the most-retrieved speaker is the leader, even if they weren’t?",2026-02-01T12:38:27
38,c2,E,Can we clarify: We can show participants a short system-generated summary and ask perception questions?,2026-02-01T12:40:03
39,c2,F,"To be clear, hedging language might be retrieved less because it sounds less decisive. would you be able to.",2026-02-01T12:40:56
40,c2,A,"Let's readers may think the most-retrieved speaker is the leader, even if they weren’t.",2026-02-01T12:42:26
41,c2,A,"I recommend readers may think the most-retrieved speaker is the leader, even if they weren’t.",2026-02-01T12:43:16
42,c2,A,"I recommend we should compute style metrics: verbosity, hedging rate, assertiveness rate.",2026-02-01T12:44:04
43,c2,A,"The best option is we should collect demographics lightly, if allowed, but keep it minimal.",2026-02-01T12:45:23
44,c2,B,"Possibly, readers may think the most-retrieved speaker is the leader, even if they weren’t.",2026-02-01T12:46:16
45,c2,A,"I recommend we should compute style metrics: verbosity, hedging rate, assertiveness rate.",2026-02-01T12:46:42
46,c2,F,"We should compute style metrics: verbosity, hedging rate, assertiveness rate. appreciate it.",2026-02-01T12:48:29
47,c2,B,"Possibly, we can show participants a short system-generated summary and ask perception questions.",2026-02-01T12:49:42
48,c2,A,"We should i agree. For the user study, we can ask who seems most knowledgeable or influential.",2026-02-01T12:50:46
49,c2,E,Small question: I suspect verbose speakers will be retrieved more often just because they contain more keywords?,2026-02-01T12:51:13
50,c2,E,"Before we move on: To be clear, we can keep it lightweight with a Google Form and short tasks?",2026-02-01T12:53:02
51,c2,E,Before we move on: We can keep it lightweight with a Google Form and short tasks?,2026-02-01T12:54:44
52,c2,A,"We should definitely, i agree. We should randomize which conversation they see to avoid learning effects.",2026-02-01T12:55:11
53,c2,E,Before we move on: We should randomize which conversation they see to avoid learning effects?,2026-02-01T12:56:51
54,c2,F,Hedging language might be retrieved less because it sounds less decisive. could we.,2026-02-01T12:57:14
55,c2,D,Hedging language might be retrieved less because it sounds less decisive.,2026-02-01T12:57:41
56,c2,B,"Possibly, we should randomize which conversation they see to avoid learning effects.",2026-02-01T12:59:25
57,c2,E,Just to check: We can show participants a short system-generated summary and ask perception questions?,2026-02-01T13:00:36
58,c2,E,"Can we clarify: To be clear, we should compute style metrics: verbosity, hedging rate, assertiveness rate?",2026-02-01T13:01:33
59,c2,F,"I'm not fully convinced yet. For the user study, we can ask who seems most knowledgeable or influential. appreciate it.",2026-02-01T13:02:16
60,c2,F,"Please, if retrieval is skewed, summaries may systematically misrepresent the group.",2026-02-01T13:02:40
61,c2,B,"Possibly, we can keep it lightweight with a Google Form and short tasks.",2026-02-01T13:03:04
62,c2,E,Quick question: I'm not fully convinced yet. We should track agreement across participants to see if the effect is consistent?,2026-02-01T13:04:16
63,c2,B,"Possibly, in my view, hedging language might be retrieved less because it sounds less decisive.",2026-02-01T13:05:12
64,c2,D,"We should collect demographics lightly, if allowed, but keep it minimal.",2026-02-01T13:05:58
65,c2,B,"It seems like, we can show participants a short system-generated summary and ask perception questions.",2026-02-01T13:07:40
66,c2,E,Just to check: Hedging language might be retrieved less because it sounds less decisive?,2026-02-01T13:08:38
67,c2,F,"Would you be able to, for the user study, we can ask who seems most knowledgeable or influential.",2026-02-01T13:09:08
68,c2,B,"Possibly, we should track agreement across participants to see if the effect is consistent.",2026-02-01T13:09:53
69,c2,F,"Readers may think the most-retrieved speaker is the leader, even if they weren’t. appreciate it.",2026-02-01T13:10:13
1,c3,G,Team: let's discuss class project planning and get aligned before we split tasks.,2026-02-01T13:00:00
2,c3,F,"Could we, we should store everything in a clean CSV with speaker IDs and timestamps.",2026-02-01T13:01:04
3,c3,G,Let’s define a small set of standard questions to ask the system.,2026-02-01T13:02:37
4,c3,G,We can simulate group chats so we control ground truth and avoid privacy issues.,2026-02-01T13:03:04
5,c3,F,"Appreciate it, i'm not fully convinced yet. We need time near the end for polishing figures and slides.",2026-02-01T13:04:36
6,c3,A,I recommend we should store everything in a clean CSV with speaker IDs and timestamps.,2026-02-01T13:05:14
7,c3,F,"Appreciate it, let’s decide how many conversations and messages we need for signal.",2026-02-01T13:07:01
8,c3,C,Let’s define a small set of standard questions to ask the system. This also gives us something concrete to show in the proposal and final report.,2026-02-01T13:07:45
9,c3,G,I agree. We should assign owners for each part so work doesn’t overlap.,2026-02-01T13:09:10
10,c3,B,"Possibly, we need multi-speaker conversations where each person has a distinct style.",2026-02-01T13:10:45
11,c3,C,"I agree. Let’s set weekly milestones: data, prototype, analysis, study, writing. If we write this down as a checklist, we can avoid back-and-forth later.",2026-02-01T13:12:06
12,c3,G,We need multi-speaker conversations where each person has a distinct style.,2026-02-01T13:13:13
13,c3,G,Let’s define a small set of standard questions to ask the system.,2026-02-01T13:14:51
14,c3,G,"Honestly, let’s decide how many conversations and messages we need for signal.",2026-02-01T13:15:50
15,c3,G,"Let’s set weekly milestones: data, prototype, analysis, study, writing.",2026-02-01T13:17:16
16,c3,B,"I feel like, we also need a human study to see if summaries change perception.",2026-02-01T13:17:36
17,c3,G,We also need a human study to see if summaries change perception.,2026-02-01T13:18:41
18,c3,A,I recommend we should measure who gets retrieved compared to who actually contributed.,2026-02-01T13:19:22
19,c3,G,We need time near the end for polishing figures and slides.,2026-02-01T13:20:16
20,c3,F,We also need a human study to see if summaries change perception. please.,2026-02-01T13:21:02
21,c3,F,"Would you be able to, we should include robustness checks by changing retrieval settings.",2026-02-01T13:22:28
22,c3,F,"Thanks, we need multi-speaker conversations where each person has a distinct style.",2026-02-01T13:24:15
23,c3,A,We should we need multi-speaker conversations where each person has a distinct style.,2026-02-01T13:24:38
24,c3,G,I'm not fully convinced yet. We should include robustness checks by changing retrieval settings.,2026-02-01T13:25:58
25,c3,C,"We should assign owners for each part so work doesn’t overlap. It might feel like extra work now, but it saves time during analysis.",2026-02-01T13:26:48
26,c3,A,We should i agree. We need time near the end for polishing figures and slides.,2026-02-01T13:28:01
27,c3,A,"We need to i agree. If we finish the prototype early, we’ll have time to run the user study.",2026-02-01T13:28:30
28,c3,F,Let’s decide how many conversations and messages we need for signal. please.,2026-02-01T13:28:51
29,c3,G,"If we finish the prototype early, we’ll have time to run the user study.",2026-02-01T13:30:20
30,c3,G,"In my view, i'm not fully convinced yet. Let’s decide how many conversations and messages we need for signal.",2026-02-01T13:31:04
31,c3,B,"I think, we should measure who gets retrieved compared to who actually contributed.",2026-02-01T13:32:51
32,c3,C,"In my view, we should include robustness checks by changing retrieval settings. It might feel like extra work now, but it saves time during analysis.",2026-02-01T13:34:32
33,c3,A,We should i agree. We can simulate group chats so we control ground truth and avoid privacy issues.,2026-02-01T13:35:18
34,c3,B,"I feel like, i'm not fully convinced yet. We need multi-speaker conversations where each person has a distinct style.",2026-02-01T13:37:00
35,c3,C,"We should store everything in a clean CSV with speaker IDs and timestamps. It might feel like extra work now, but it saves time during analysis.",2026-02-01T13:37:29
36,c3,B,"I think, we should include robustness checks by changing retrieval settings.",2026-02-01T13:37:50
37,c3,B,"It seems like, we also need a human study to see if summaries change perception.",2026-02-01T13:39:09
38,c3,A,We need to we need time near the end for polishing figures and slides.,2026-02-01T13:39:39
39,c3,B,"I think, we should include robustness checks by changing retrieval settings.",2026-02-01T13:40:51
40,c3,G,We need time near the end for polishing figures and slides.,2026-02-01T13:41:56
41,c3,C,"I agree. We also need a human study to see if summaries change perception. It might feel like extra work now, but it saves time during analysis.",2026-02-01T13:42:50
42,c3,G,We can simulate group chats so we control ground truth and avoid privacy issues.,2026-02-01T13:44:09
43,c3,A,We should we can simulate group chats so we control ground truth and avoid privacy issues.,2026-02-01T13:45:28
44,c3,F,"Would you be able to, let’s decide how many conversations and messages we need for signal.",2026-02-01T13:47:02
45,c3,A,The best option is we also need a human study to see if summaries change perception.,2026-02-01T13:48:15
46,c3,C,"We can simulate group chats so we control ground truth and avoid privacy issues. It might feel like extra work now, but it saves time during analysis.",2026-02-01T13:48:54
47,c3,B,"I feel like, we need multi-speaker conversations where each person has a distinct style.",2026-02-01T13:50:37
48,c3,A,The best option is let’s decide how many conversations and messages we need for signal.,2026-02-01T13:52:22
49,c3,C,We should store everything in a clean CSV with speaker IDs and timestamps. That way we can separate system behavior from human perception effects.,2026-02-01T13:53:01
50,c3,C,We should measure who gets retrieved compared to who actually contributed. This also gives us something concrete to show in the proposal and final report.,2026-02-01T13:53:31
51,c3,B,"Kind of, we should measure who gets retrieved compared to who actually contributed.",2026-02-01T13:54:47
52,c3,C,Let’s decide how many conversations and messages we need for signal. This also gives us something concrete to show in the proposal and final report.,2026-02-01T13:56:36
53,c3,B,"I think, let’s decide how many conversations and messages we need for signal.",2026-02-01T13:57:43
54,c3,B,"It seems like, we also need a human study to see if summaries change perception.",2026-02-01T13:58:43
55,c3,A,"Let's honestly, we can simulate group chats so we control ground truth and avoid privacy issues.",2026-02-01T14:00:27
56,c3,A,I propose we should include robustness checks by changing retrieval settings.,2026-02-01T14:02:06
57,c3,A,"We should if we finish the prototype early, we’ll have time to run the user study.",2026-02-01T14:03:32
58,c3,A,"The best option is let’s set weekly milestones: data, prototype, analysis, study, writing.",2026-02-01T14:04:01
59,c3,A,"Let's for sure, we should assign owners for each part so work doesn’t overlap.",2026-02-01T14:04:48
60,c3,G,We should assign owners for each part so work doesn’t overlap.,2026-02-01T14:06:10
61,c3,C,"Let’s define a small set of standard questions to ask the system. It might feel like extra work now, but it saves time during analysis.",2026-02-01T14:06:32
62,c3,B,"It seems like, we need time near the end for polishing figures and slides.",2026-02-01T14:08:09
63,c3,F,"Appreciate it, we should measure who gets retrieved compared to who actually contributed.",2026-02-01T14:08:33
64,c3,F,I agree. We should include robustness checks by changing retrieval settings. could we.,2026-02-01T14:09:55
65,c3,G,"To be clear, we should store everything in a clean CSV with speaker IDs and timestamps.",2026-02-01T14:10:25
66,c3,B,"It seems like, i'm not fully convinced yet. We should store everything in a clean CSV with speaker IDs and timestamps.",2026-02-01T14:10:56
67,c3,C,"Definitely, i agree. We should assign owners for each part so work doesn’t overlap. This also gives us something concrete to show in the proposal and final report.",2026-02-01T14:12:42
68,c3,F,I agree. We should measure who gets retrieved compared to who actually contributed. thanks.,2026-02-01T14:13:59
69,c3,F,"Thanks, we should measure who gets retrieved compared to who actually contributed.",2026-02-01T14:14:55
70,c3,G,"To be clear, we need multi-speaker conversations where each person has a distinct style.",2026-02-01T14:16:22
71,c3,C,We need multi-speaker conversations where each person has a distinct style. This also gives us something concrete to show in the proposal and final report.,2026-02-01T14:17:36
72,c3,G,We also need a human study to see if summaries change perception.,2026-02-01T14:18:10
73,c3,C,We can simulate group chats so we control ground truth and avoid privacy issues. This also gives us something concrete to show in the proposal and final report.,2026-02-01T14:18:49
74,c3,C,I agree. Let’s decide how many conversations and messages we need for signal. We can validate it quickly with a small pilot before we scale it up.,2026-02-01T14:20:03
75,c3,B,"I think, i agree. We also need a human study to see if summaries change perception.",2026-02-01T14:21:20
1,c4,E,Team: let's discuss team meeting recap and get aligned before we split tasks.,2026-02-01T14:00:00
2,c4,E,Can we clarify: Let’s restate what we agreed on before we end the meeting?,2026-02-01T14:00:38
3,c4,A,"We need to action items: finalize data format, build indexing, and draft pitch.",2026-02-01T14:01:22
4,c4,A,Let's let’s restate what we agreed on before we end the meeting.,2026-02-01T14:02:42
5,c4,A,I propose i agree. Can someone summarize today’s discussion in a few bullets?,2026-02-01T14:04:31
6,c4,G,Let’s restate what we agreed on before we end the meeting.,2026-02-01T14:05:39
7,c4,A,I propose can someone summarize today’s discussion in a few bullets?,2026-02-01T14:06:17
8,c4,G,I agree. How do we define 'important' contributions in a fair way?,2026-02-01T14:07:18
9,c4,G,"I agree. We should capture the reasoning behind the decision, not just the outcome.",2026-02-01T14:07:46
10,c4,B,"Possibly, let’s assign owners and deadlines for each task.",2026-02-01T14:08:12
11,c4,A,I propose i'm not fully convinced yet. The main decision is which project idea we commit to.,2026-02-01T14:09:41
12,c4,F,"Would you be able to, we still need to decide the retrieval strategy and top-k value.",2026-02-01T14:10:33
13,c4,E,Before we move on: How many participants do we need for a reasonable user study??,2026-02-01T14:11:44
14,c4,E,"Small question: Honestly, how many participants do we need for a reasonable user study??",2026-02-01T14:12:58
15,c4,B,"I think, the main decision is which project idea we commit to.",2026-02-01T14:13:57
16,c4,F,Should we analyze message-level retrieval or chunk messages into windows? appreciate it.,2026-02-01T14:14:30
17,c4,F,Should we analyze message-level retrieval or chunk messages into windows? could we.,2026-02-01T14:16:14
18,c4,F,I agree. Should we analyze message-level retrieval or chunk messages into windows? thanks.,2026-02-01T14:16:59
19,c4,E,Before we move on: I agree. We still need to decide the retrieval strategy and top-k value?,2026-02-01T14:18:47
20,c4,E,Can we clarify: I agree. The main decision is which project idea we commit to?,2026-02-01T14:19:21
21,c4,G,"We should capture the reasoning behind the decision, not just the outcome.",2026-02-01T14:20:54
22,c4,G,"We should capture the reasoning behind the decision, not just the outcome.",2026-02-01T14:22:34
23,c4,G,I agree. Let’s assign owners and deadlines for each task.,2026-02-01T14:23:06
24,c4,G,Let’s assign owners and deadlines for each task.,2026-02-01T14:24:33
25,c4,B,"Possibly, i agree. We should write down the final scope so everyone is aligned.",2026-02-01T14:26:16
26,c4,F,"Please, the main decision is which project idea we commit to.",2026-02-01T14:27:44
27,c4,E,Quick question: Can someone summarize today’s discussion in a few bullets??,2026-02-01T14:29:21
28,c4,F,Let’s assign owners and deadlines for each task. appreciate it.,2026-02-01T14:29:54
29,c4,B,"I feel like, the main decision is which project idea we commit to.",2026-02-01T14:30:42
30,c4,E,"Just to check: Honestly, how many participants do we need for a reasonable user study??",2026-02-01T14:31:38
31,c4,A,We should should we analyze message-level retrieval or chunk messages into windows?,2026-02-01T14:32:24
32,c4,A,"The best option is action items: finalize data format, build indexing, and draft pitch.",2026-02-01T14:33:50
33,c4,B,"I'm not sure but, we still need to decide the retrieval strategy and top-k value.",2026-02-01T14:34:54
34,c4,B,"I'm not sure but, in my view, should we analyze message-level retrieval or chunk messages into windows?",2026-02-01T14:36:36
35,c4,A,We need to the main decision is which project idea we commit to.,2026-02-01T14:38:05
36,c4,E,Just to check: We should create a shared doc with open questions and next steps?,2026-02-01T14:39:46
37,c4,B,"I'm not sure but, we should write down the final scope so everyone is aligned.",2026-02-01T14:41:06
38,c4,B,"I feel like, how many participants do we need for a reasonable user study?",2026-02-01T14:42:08
39,c4,E,"Just to check: Definitely, we should capture the reasoning behind the decision, not just the outcome?",2026-02-01T14:43:46
40,c4,A,The best option is i'm not fully convinced yet. Let’s assign owners and deadlines for each task.,2026-02-01T14:45:29
41,c4,B,"Possibly, can someone summarize today’s discussion in a few bullets?",2026-02-01T14:46:13
42,c4,A,The best option is can someone summarize today’s discussion in a few bullets?,2026-02-01T14:47:06
43,c4,G,Can someone summarize today’s discussion in a few bullets?,2026-02-01T14:48:05
44,c4,G,How do we define 'important' contributions in a fair way?,2026-02-01T14:49:08
45,c4,G,Let’s assign owners and deadlines for each task.,2026-02-01T14:50:33
46,c4,F,"Thanks, let’s assign owners and deadlines for each task.",2026-02-01T14:51:40
47,c4,F,"Please, how many participants do we need for a reasonable user study?",2026-02-01T14:53:13
48,c4,E,"Just to check: For sure, i'm not fully convinced yet. We should create a shared doc with open questions and next steps?",2026-02-01T14:54:17
49,c4,B,"It seems like, the main decision is which project idea we commit to.",2026-02-01T14:55:54
50,c4,G,How do we define 'important' contributions in a fair way?,2026-02-01T14:56:26
51,c4,E,Before we move on: Let’s restate what we agreed on before we end the meeting?,2026-02-01T14:57:32
52,c4,G,Let’s restate what we agreed on before we end the meeting.,2026-02-01T14:58:16
53,c4,F,"Appreciate it, we should capture the reasoning behind the decision, not just the outcome.",2026-02-01T14:59:51
54,c4,F,"Appreciate it, i agree. We should capture the reasoning behind the decision, not just the outcome.",2026-02-01T15:01:38
55,c4,E,Can we clarify: We should write down the final scope so everyone is aligned?,2026-02-01T15:03:18
56,c4,E,"Just to check: In my view, the main decision is which project idea we commit to?",2026-02-01T15:05:05
57,c4,A,I recommend how do we define 'important' contributions in a fair way?,2026-02-01T15:06:29
58,c4,B,"It seems like, let’s restate what we agreed on before we end the meeting.",2026-02-01T15:07:38
59,c4,B,"I'm not sure but, we should capture the reasoning behind the decision, not just the outcome.",2026-02-01T15:08:36
60,c4,A,"I recommend action items: finalize data format, build indexing, and draft pitch.",2026-02-01T15:09:31
61,c4,B,"I think, definitely, let’s assign owners and deadlines for each task.",2026-02-01T15:11:05
62,c4,A,"We should action items: finalize data format, build indexing, and draft pitch.",2026-02-01T15:12:06
1,c5,F,Team: let's discuss choosing tools/stack and get aligned before we split tasks.,2026-02-01T15:00:00
2,c5,F,"Please, if we keep it simple, we can run more experiments and comparisons.",2026-02-01T15:01:21
3,c5,A,"We should i agree. If we keep the stack simple, we can focus on the analysis.",2026-02-01T15:02:09
4,c5,E,Quick question: We should build a baseline before adding any improvements?,2026-02-01T15:03:32
5,c5,B,"Kind of, we should log every retrieval step so we can explain results.",2026-02-01T15:04:36
6,c5,E,Before we move on: Let’s make the pipeline reproducible with fixed seeds and configs?,2026-02-01T15:05:20
7,c5,F,A minimal system plus strong evaluation is probably the best strategy. if you don't mind.,2026-02-01T15:06:25
8,c5,B,"Kind of, we could compare two setups to see if results are robust.",2026-02-01T15:07:02
9,c5,F,"Would you be able to, i agree. A more complex system might look impressive but could be risky.",2026-02-01T15:07:41
10,c5,A,"We should i agree. First we ingest chats, then index, then retrieve, then answer, then analyze logs.",2026-02-01T15:09:17
11,c5,B,"Kind of, let’s make the pipeline reproducible with fixed seeds and configs.",2026-02-01T15:10:30
12,c5,G,I'm not fully convinced yet. Let’s make the pipeline reproducible with fixed seeds and configs.,2026-02-01T15:11:48
13,c5,F,I'm not fully convinced yet. Let’s make the pipeline reproducible with fixed seeds and configs. please.,2026-02-01T15:13:00
14,c5,A,"I recommend if we keep the stack simple, we can focus on the analysis.",2026-02-01T15:13:57
15,c5,E,Quick question: We should log every retrieval step so we can explain results?,2026-02-01T15:15:39
16,c5,E,Small question: We should choose tools that are stable and easy to reproduce?,2026-02-01T15:17:18
17,c5,A,The best option is we should choose tools that are stable and easy to reproduce.,2026-02-01T15:18:41
18,c5,A,"The best option is first we ingest chats, then index, then retrieve, then answer, then analyze logs.",2026-02-01T15:20:00
19,c5,A,I recommend we can use a simple vector store and a basic retrieval QA chain.,2026-02-01T15:20:46
20,c5,B,"Kind of, we should build a baseline before adding any improvements.",2026-02-01T15:22:10
21,c5,A,"I propose first we ingest chats, then index, then retrieve, then answer, then analyze logs.",2026-02-01T15:22:35
22,c5,A,We need to we should trade engineering time for better study design and write-up.,2026-02-01T15:23:46
23,c5,A,"The best option is if we keep the stack simple, we can focus on the analysis.",2026-02-01T15:25:00
24,c5,B,"Maybe, let’s make the pipeline reproducible with fixed seeds and configs.",2026-02-01T15:26:16
25,c5,A,We should we should trade engineering time for better study design and write-up.,2026-02-01T15:26:51
26,c5,B,"Maybe, i agree. We could compare two setups to see if results are robust.",2026-02-01T15:28:04
27,c5,E,"Small question: To be clear, first we ingest chats, then index, then retrieve, then answer, then analyze logs?",2026-02-01T15:29:51
28,c5,G,A more complex system might look impressive but could be risky.,2026-02-01T15:30:20
29,c5,F,"Definitely, i agree. Let’s make the pipeline reproducible with fixed seeds and configs. could we.",2026-02-01T15:31:55
30,c5,G,We should log every retrieval step so we can explain results.,2026-02-01T15:33:45
31,c5,G,We should log every retrieval step so we can explain results.,2026-02-01T15:34:28
32,c5,E,Quick question: We should trade engineering time for better study design and write-up?,2026-02-01T15:35:32
33,c5,B,"Maybe, we can use a simple vector store and a basic retrieval QA chain.",2026-02-01T15:36:21
34,c5,B,"I think, honestly, first we ingest chats, then index, then retrieve, then answer, then analyze logs.",2026-02-01T15:36:47
35,c5,A,"The best option is if we keep it simple, we can run more experiments and comparisons.",2026-02-01T15:37:48
36,c5,E,Can we clarify: Let’s make the pipeline reproducible with fixed seeds and configs?,2026-02-01T15:38:51
37,c5,G,I agree. We should choose tools that are stable and easy to reproduce.,2026-02-01T15:40:28
38,c5,E,Can we clarify: A more complex system might look impressive but could be risky?,2026-02-01T15:41:50
39,c5,B,"Kind of, if we keep the stack simple, we can focus on the analysis.",2026-02-01T15:43:11
40,c5,G,We should choose tools that are stable and easy to reproduce.,2026-02-01T15:44:04
41,c5,E,Can we clarify: I agree. We can use a simple vector store and a basic retrieval QA chain?,2026-02-01T15:45:02
42,c5,F,"Please, we can use a simple vector store and a basic retrieval QA chain.",2026-02-01T15:45:34
43,c5,G,A minimal system plus strong evaluation is probably the best strategy.,2026-02-01T15:47:00
44,c5,F,A minimal system plus strong evaluation is probably the best strategy. could we.,2026-02-01T15:48:07
45,c5,B,"Maybe, i'm not fully convinced yet. A minimal system plus strong evaluation is probably the best strategy.",2026-02-01T15:48:49
46,c5,G,Let’s make the pipeline reproducible with fixed seeds and configs.,2026-02-01T15:50:27
47,c5,A,We need to we should build a baseline before adding any improvements.,2026-02-01T15:51:15
48,c5,A,Let's a more complex system might look impressive but could be risky.,2026-02-01T15:52:51
49,c5,A,"We should honestly, let’s make the pipeline reproducible with fixed seeds and configs.",2026-02-01T15:54:07
50,c5,E,"Can we clarify: If we keep the stack simple, we can focus on the analysis?",2026-02-01T15:55:55
51,c5,B,"I'm not sure but, let’s make the pipeline reproducible with fixed seeds and configs.",2026-02-01T15:56:35
52,c5,F,"If you don't mind, a more complex system might look impressive but could be risky.",2026-02-01T15:57:47
53,c5,F,"If you don't mind, a minimal system plus strong evaluation is probably the best strategy.",2026-02-01T15:58:28
54,c5,B,"It seems like, we can use a simple vector store and a basic retrieval QA chain.",2026-02-01T15:59:46
55,c5,G,I agree. We should choose tools that are stable and easy to reproduce.,2026-02-01T16:01:34
56,c5,B,"I feel like, for sure, a more complex system might look impressive but could be risky.",2026-02-01T16:02:21
57,c5,F,"Appreciate it, we could compare two setups to see if results are robust.",2026-02-01T16:04:07
1,c6,E,Team: let's discuss class project planning and get aligned before we split tasks.,2026-02-01T16:00:00
2,c6,F,"If you don't mind, we should measure who gets retrieved compared to who actually contributed.",2026-02-01T16:01:05
3,c6,F,"Appreciate it, we should include robustness checks by changing retrieval settings.",2026-02-01T16:01:34
4,c6,B,"Maybe, i'm not fully convinced yet. Let’s define a small set of standard questions to ask the system.",2026-02-01T16:02:44
5,c6,E,Can we clarify: I'm not fully convinced yet. Let’s pick one main question and avoid building extra features?,2026-02-01T16:03:37
6,c6,B,"I feel like, i'm not fully convinced yet. We should assign owners for each part so work doesn’t overlap.",2026-02-01T16:05:15
7,c6,B,"It seems like, if we finish the prototype early, we’ll have time to run the user study.",2026-02-01T16:06:46
8,c6,B,"Possibly, if we finish the prototype early, we’ll have time to run the user study.",2026-02-01T16:07:07
9,c6,B,"I'm not sure but, we also need a human study to see if summaries change perception.",2026-02-01T16:08:40
10,c6,B,"I think, we should assign owners for each part so work doesn’t overlap.",2026-02-01T16:10:25
11,c6,E,Before we move on: We should include robustness checks by changing retrieval settings?,2026-02-01T16:12:13
12,c6,C,"For sure, we should measure who gets retrieved compared to who actually contributed. We can validate it quickly with a small pilot before we scale it up.",2026-02-01T16:13:09
13,c6,E,"Just to check: If we finish the prototype early, we’ll have time to run the user study?",2026-02-01T16:14:48
14,c6,C,"Let’s set weekly milestones: data, prototype, analysis, study, writing. If we write this down as a checklist, we can avoid back-and-forth later.",2026-02-01T16:16:24
15,c6,F,"To be clear, i'm not fully convinced yet. We need time near the end for polishing figures and slides. thanks.",2026-02-01T16:17:04
16,c6,C,Let’s define a small set of standard questions to ask the system. That way we can separate system behavior from human perception effects.,2026-02-01T16:18:10
17,c6,C,I'm not fully convinced yet. Let’s pick one main question and avoid building extra features. We can validate it quickly with a small pilot before we scale it up.,2026-02-01T16:19:39
18,c6,F,I agree. Let’s define a small set of standard questions to ask the system. appreciate it.,2026-02-01T16:20:38
19,c6,C,"Let’s define a small set of standard questions to ask the system. If we write this down as a checklist, we can avoid back-and-forth later.",2026-02-01T16:22:14
20,c6,E,"Before we move on: If we overbuild, we’ll have less time for evaluation and writing?",2026-02-01T16:22:45
21,c6,C,We also need a human study to see if summaries change perception. This also gives us something concrete to show in the proposal and final report.,2026-02-01T16:23:07
22,c6,E,Small question: I agree. We should include robustness checks by changing retrieval settings?,2026-02-01T16:23:43
23,c6,B,"Maybe, if we finish the prototype early, we’ll have time to run the user study.",2026-02-01T16:24:14
24,c6,E,Quick question: Let’s pick one main question and avoid building extra features?,2026-02-01T16:25:18
25,c6,F,"Would you be able to, we also need a human study to see if summaries change perception.",2026-02-01T16:25:55
26,c6,C,"We need to keep the project focused so we can finish in time. If we write this down as a checklist, we can avoid back-and-forth later.",2026-02-01T16:27:11
27,c6,B,"Maybe, we need time near the end for polishing figures and slides.",2026-02-01T16:28:35
28,c6,B,"Maybe, let’s set weekly milestones: data, prototype, analysis, study, writing.",2026-02-01T16:29:00
29,c6,F,"If we finish the prototype early, we’ll have time to run the user study. if you don't mind.",2026-02-01T16:29:45
30,c6,C,We should assign owners for each part so work doesn’t overlap. This also gives us something concrete to show in the proposal and final report.,2026-02-01T16:30:18
31,c6,C,"We need to keep the project focused so we can finish in time. It might feel like extra work now, but it saves time during analysis.",2026-02-01T16:31:56
32,c6,C,"If we finish the prototype early, we’ll have time to run the user study. We can validate it quickly with a small pilot before we scale it up.",2026-02-01T16:33:13
33,c6,E,Just to check: I'm not fully convinced yet. We should include robustness checks by changing retrieval settings?,2026-02-01T16:34:29
34,c6,F,We need to keep the project focused so we can finish in time. thanks.,2026-02-01T16:36:16
35,c6,D,Let’s define a small set of standard questions to ask the system.,2026-02-01T16:37:11
36,c6,E,"Just to check: Let’s set weekly milestones: data, prototype, analysis, study, writing?",2026-02-01T16:38:24
37,c6,B,"Kind of, we should assign owners for each part so work doesn’t overlap.",2026-02-01T16:38:50
38,c6,C,Let’s pick one main question and avoid building extra features. This also gives us something concrete to show in the proposal and final report.,2026-02-01T16:39:54
39,c6,C,"I agree. We should assign owners for each part so work doesn’t overlap. If we write this down as a checklist, we can avoid back-and-forth later.",2026-02-01T16:41:15
40,c6,B,"Possibly, we also need a human study to see if summaries change perception.",2026-02-01T16:42:06
41,c6,C,We also need a human study to see if summaries change perception. We can validate it quickly with a small pilot before we scale it up.,2026-02-01T16:43:25
42,c6,E,Can we clarify: We need time near the end for polishing figures and slides?,2026-02-01T16:44:59
43,c6,F,Let’s pick one main question and avoid building extra features. could we.,2026-02-01T16:46:49
44,c6,B,"Maybe, we need time near the end for polishing figures and slides.",2026-02-01T16:48:15
45,c6,C,"Let’s define a small set of standard questions to ask the system. If we write this down as a checklist, we can avoid back-and-forth later.",2026-02-01T16:49:38
46,c6,B,"Kind of, i agree. Let’s define a small set of standard questions to ask the system.",2026-02-01T16:51:02
47,c6,C,"I agree. We should include robustness checks by changing retrieval settings. If we write this down as a checklist, we can avoid back-and-forth later.",2026-02-01T16:52:30
48,c6,C,We need time near the end for polishing figures and slides. This also gives us something concrete to show in the proposal and final report.,2026-02-01T16:53:02
49,c6,B,"It seems like, we need time near the end for polishing figures and slides.",2026-02-01T16:54:44
50,c6,D,We also need a human study to see if summaries change perception.,2026-02-01T16:55:07
51,c6,C,"We should include robustness checks by changing retrieval settings. If we write this down as a checklist, we can avoid back-and-forth later.",2026-02-01T16:55:47
52,c6,B,"Possibly, we should measure who gets retrieved compared to who actually contributed.",2026-02-01T16:56:13
53,c6,C,"If we finish the prototype early, we’ll have time to run the user study. We can validate it quickly with a small pilot before we scale it up.",2026-02-01T16:56:53
54,c6,C,We should include robustness checks by changing retrieval settings. That way we can separate system behavior from human perception effects.,2026-02-01T16:58:28
55,c6,F,"If you don't mind, honestly, we need to keep the project focused so we can finish in time.",2026-02-01T16:59:32
56,c6,F,"Please, i agree. We should include robustness checks by changing retrieval settings.",2026-02-01T17:00:17
57,c6,C,"Honestly, i agree. Let’s define a small set of standard questions to ask the system. We can validate it quickly with a small pilot before we scale it up.",2026-02-01T17:01:36
58,c6,C,Let’s define a small set of standard questions to ask the system. That way we can separate system behavior from human perception effects.,2026-02-01T17:02:55
59,c6,B,"Possibly, let’s define a small set of standard questions to ask the system.",2026-02-01T17:04:30
60,c6,F,"Could we, i agree. We need time near the end for polishing figures and slides.",2026-02-01T17:05:29
61,c6,D,I agree.,2026-02-01T17:06:41
62,c6,E,"Quick question: To be clear, we need time near the end for polishing figures and slides?",2026-02-01T17:07:56
63,c6,B,"Kind of, we should include robustness checks by changing retrieval settings.",2026-02-01T17:08:46
64,c6,B,"I feel like, let’s define a small set of standard questions to ask the system.",2026-02-01T17:09:16
65,c6,D,We should assign owners for each part so work doesn’t overlap.,2026-02-01T17:09:41
66,c6,D,We should include robustness checks by changing retrieval settings.,2026-02-01T17:11:30
67,c6,F,We also need a human study to see if summaries change perception. could we.,2026-02-01T17:12:18
68,c6,F,"Could we, we need time near the end for polishing figures and slides.",2026-02-01T17:13:42
69,c6,C,We need to keep the project focused so we can finish in time. That way we can separate system behavior from human perception effects.,2026-02-01T17:15:02
1,c7,B,Team: let's discuss study design discussion and get aligned before we split tasks.,2026-02-01T17:00:00
2,c7,D,"We should compute style metrics: verbosity, hedging rate, assertiveness rate.",2026-02-01T17:01:22
3,c7,C,"I'm not fully convinced yet. Readers may think the most-retrieved speaker is the leader, even if they weren’t. This also gives us something concrete to show in the proposal and final report.",2026-02-01T17:02:12
4,c7,E,"Can we clarify: I'm not fully convinced yet. We should collect demographics lightly, if allowed, but keep it minimal?",2026-02-01T17:03:22
5,c7,B,"I feel like, if retrieval is skewed, summaries may systematically misrepresent the group.",2026-02-01T17:04:59
6,c7,C,"We should compute style metrics: verbosity, hedging rate, assertiveness rate. It might feel like extra work now, but it saves time during analysis.",2026-02-01T17:05:38
7,c7,B,"Kind of, i suspect verbose speakers will be retrieved more often just because they contain more keywords.",2026-02-01T17:06:04
8,c7,F,Hedging language might be retrieved less because it sounds less decisive. thanks.,2026-02-01T17:06:30
9,c7,B,"I feel like, for the user study, we can ask who seems most knowledgeable or influential.",2026-02-01T17:08:08
10,c7,F,"Appreciate it, i'm not fully convinced yet. For the user study, we can ask who seems most knowledgeable or influential.",2026-02-01T17:09:52
11,c7,E,"Small question: If retrieval is skewed, summaries may systematically misrepresent the group?",2026-02-01T17:11:29
12,c7,B,"I think, readers may think the most-retrieved speaker is the leader, even if they weren’t.",2026-02-01T17:13:13
13,c7,F,"I agree. If retrieval is skewed, summaries may systematically misrepresent the group. thanks.",2026-02-01T17:14:52
14,c7,E,"Just to check: For the user study, we can ask who seems most knowledgeable or influential?",2026-02-01T17:15:35
15,c7,C,"We should collect demographics lightly, if allowed, but keep it minimal. It might feel like extra work now, but it saves time during analysis.",2026-02-01T17:16:58
16,c7,F,"Would you be able to, we can keep it lightweight with a Google Form and short tasks.",2026-02-01T17:18:42
17,c7,E,"Before we move on: For the user study, we can ask who seems most knowledgeable or influential?",2026-02-01T17:19:58
18,c7,E,Before we move on: We should track agreement across participants to see if the effect is consistent?,2026-02-01T17:20:23
19,c7,D,"We should compute style metrics: verbosity, hedging rate, assertiveness rate.",2026-02-01T17:20:51
20,c7,D,I'm not fully convinced yet.,2026-02-01T17:22:35
21,c7,B,"I feel like, i agree. If retrieval is skewed, summaries may systematically misrepresent the group.",2026-02-01T17:23:21
22,c7,F,We can show participants a short system-generated summary and ask perception questions. would you be able to.,2026-02-01T17:24:07
23,c7,D,We can show participants a short system-generated summary and ask perception questions.,2026-02-01T17:25:03
24,c7,B,"I'm not sure but, i suspect verbose speakers will be retrieved more often just because they contain more keywords.",2026-02-01T17:25:52
25,c7,E,"Small question: We should collect demographics lightly, if allowed, but keep it minimal?",2026-02-01T17:26:31
26,c7,B,"I think, we should randomize which conversation they see to avoid learning effects.",2026-02-01T17:27:54
27,c7,F,"Would you be able to, i'm not fully convinced yet. We can keep it lightweight with a Google Form and short tasks.",2026-02-01T17:29:34
28,c7,F,"For sure, readers may think the most-retrieved speaker is the leader, even if they weren’t. would you be able to.",2026-02-01T17:30:10
29,c7,E,"Small question: For the user study, we can ask who seems most knowledgeable or influential?",2026-02-01T17:31:44
30,c7,E,"Quick question: In my view, we should track agreement across participants to see if the effect is consistent?",2026-02-01T17:33:22
31,c7,E,Before we move on: Hedging language might be retrieved less because it sounds less decisive?,2026-02-01T17:34:51
32,c7,F,"Readers may think the most-retrieved speaker is the leader, even if they weren’t. thanks.",2026-02-01T17:35:58
33,c7,B,"Kind of, we should randomize which conversation they see to avoid learning effects.",2026-02-01T17:37:03
34,c7,F,"Would you be able to, i agree. I suspect verbose speakers will be retrieved more often just because they contain more keywords.",2026-02-01T17:37:38
35,c7,E,"Can we clarify: I agree. We should collect demographics lightly, if allowed, but keep it minimal?",2026-02-01T17:38:46
36,c7,F,"Could we, for sure, we should randomize which conversation they see to avoid learning effects.",2026-02-01T17:40:26
37,c7,B,"It seems like, i'm not fully convinced yet. We should collect demographics lightly, if allowed, but keep it minimal.",2026-02-01T17:42:13
38,c7,B,"Kind of, hedging language might be retrieved less because it sounds less decisive.",2026-02-01T17:43:27
39,c7,C,"For the user study, we can ask who seems most knowledgeable or influential. This also gives us something concrete to show in the proposal and final report.",2026-02-01T17:44:55
40,c7,B,"Maybe, we can compute retrieval share per speaker and compare it to participation share.",2026-02-01T17:45:31
41,c7,F,"Would you be able to, for sure, we should compute style metrics: verbosity, hedging rate, assertiveness rate.",2026-02-01T17:47:20
42,c7,F,"Would you be able to, hedging language might be retrieved less because it sounds less decisive.",2026-02-01T17:48:57
43,c7,F,"Please, we can compute retrieval share per speaker and compare it to participation share.",2026-02-01T17:50:39
44,c7,C,I agree. I suspect verbose speakers will be retrieved more often just because they contain more keywords. We can validate it quickly with a small pilot before we scale it up.,2026-02-01T17:51:49
45,c7,B,"Possibly, honestly, i agree. Hedging language might be retrieved less because it sounds less decisive.",2026-02-01T17:52:37
46,c7,E,"Quick question: Honestly, if retrieval is skewed, summaries may systematically misrepresent the group?",2026-02-01T17:53:12
47,c7,B,"Kind of, readers may think the most-retrieved speaker is the leader, even if they weren’t.",2026-02-01T17:55:02
48,c7,E,"Can we clarify: For sure, we should collect demographics lightly, if allowed, but keep it minimal?",2026-02-01T17:56:31
49,c7,B,"It seems like, i agree. I suspect verbose speakers will be retrieved more often just because they contain more keywords.",2026-02-01T17:58:07
50,c7,E,Can we clarify: We should track agreement across participants to see if the effect is consistent?,2026-02-01T17:59:12
51,c7,B,"Possibly, we can keep it lightweight with a Google Form and short tasks.",2026-02-01T17:59:39
52,c7,D,"Honestly, we should collect demographics lightly, if allowed, but keep it minimal.",2026-02-01T18:00:30
53,c7,B,"I think, we should collect demographics lightly, if allowed, but keep it minimal.",2026-02-01T18:01:16
54,c7,B,"Possibly, if retrieval is skewed, summaries may systematically misrepresent the group.",2026-02-01T18:02:09
55,c7,F,"For sure, i agree. We should collect demographics lightly, if allowed, but keep it minimal. could we.",2026-02-01T18:03:29
56,c7,B,"Kind of, i agree. We can compute retrieval share per speaker and compare it to participation share.",2026-02-01T18:04:42
57,c7,B,"I'm not sure but, hedging language might be retrieved less because it sounds less decisive.",2026-02-01T18:05:18
58,c7,C,Hedging language might be retrieved less because it sounds less decisive. We can validate it quickly with a small pilot before we scale it up.,2026-02-01T18:05:59
59,c7,C,"Hedging language might be retrieved less because it sounds less decisive. If we write this down as a checklist, we can avoid back-and-forth later.",2026-02-01T18:06:20
60,c7,D,"If retrieval is skewed, summaries may systematically misrepresent the group.",2026-02-01T18:07:42
61,c7,F,We should track agreement across participants to see if the effect is consistent. could we.,2026-02-01T18:08:13
62,c7,F,"Would you be able to, we should compute style metrics: verbosity, hedging rate, assertiveness rate.",2026-02-01T18:09:46
63,c7,B,"Possibly, readers may think the most-retrieved speaker is the leader, even if they weren’t.",2026-02-01T18:11:00
64,c7,D,"We should compute style metrics: verbosity, hedging rate, assertiveness rate.",2026-02-01T18:11:55
65,c7,E,"Small question: I'm not fully convinced yet. We should collect demographics lightly, if allowed, but keep it minimal?",2026-02-01T18:13:13
66,c7,C,"I agree. For the user study, we can ask who seems most knowledgeable or influential. If we write this down as a checklist, we can avoid back-and-forth later.",2026-02-01T18:14:42
67,c7,B,"I feel like, i'm not fully convinced yet. Readers may think the most-retrieved speaker is the leader, even if they weren’t.",2026-02-01T18:15:10
68,c7,C,"I'm not fully convinced yet. We can show participants a short system-generated summary and ask perception questions. If we write this down as a checklist, we can avoid back-and-forth later.",2026-02-01T18:16:51
69,c7,C,"I agree. We should collect demographics lightly, if allowed, but keep it minimal. It might feel like extra work now, but it saves time during analysis.",2026-02-01T18:17:27
70,c7,B,"I feel like, in my view, for the user study, we can ask who seems most knowledgeable or influential.",2026-02-01T18:18:27
71,c7,F,"Please, i'm not fully convinced yet. For the user study, we can ask who seems most knowledgeable or influential.",2026-02-01T18:19:25
1,c8,F,Team: let's discuss team meeting recap and get aligned before we split tasks.,2026-02-01T18:00:00
2,c8,B,"It seems like, the main decision is which project idea we commit to.",2026-02-01T18:01:24
3,c8,A,"We should action items: finalize data format, build indexing, and draft pitch.",2026-02-01T18:02:53
4,c8,F,"Could we, honestly, i agree. We should create a shared doc with open questions and next steps.",2026-02-01T18:03:52
5,c8,A,I propose let’s assign owners and deadlines for each task.,2026-02-01T18:04:57
6,c8,G,Should we analyze message-level retrieval or chunk messages into windows?,2026-02-01T18:05:27
7,c8,G,We still need to decide the retrieval strategy and top-k value.,2026-02-01T18:07:11
8,c8,C,Let’s assign owners and deadlines for each task. This also gives us something concrete to show in the proposal and final report.,2026-02-01T18:07:51
9,c8,F,I'm not fully convinced yet. Can someone summarize today’s discussion in a few bullets? could we.,2026-02-01T18:09:03
10,c8,A,Let's i agree. Can someone summarize today’s discussion in a few bullets?,2026-02-01T18:09:31
11,c8,G,How do we define 'important' contributions in a fair way?,2026-02-01T18:11:12
12,c8,C,Should we analyze message-level retrieval or chunk messages into windows? This also gives us something concrete to show in the proposal and final report.,2026-02-01T18:12:46
13,c8,A,I recommend should we analyze message-level retrieval or chunk messages into windows?,2026-02-01T18:14:07
14,c8,B,"I feel like, the main decision is which project idea we commit to.",2026-02-01T18:14:44
15,c8,A,I propose should we analyze message-level retrieval or chunk messages into windows?,2026-02-01T18:15:42
16,c8,F,"Thanks, how many participants do we need for a reasonable user study?",2026-02-01T18:17:22
17,c8,B,"Kind of, action items: finalize data format, build indexing, and draft pitch.",2026-02-01T18:18:21
18,c8,B,"Maybe, let’s restate what we agreed on before we end the meeting.",2026-02-01T18:19:04
19,c8,B,"I'm not sure but, definitely, how do we define 'important' contributions in a fair way?",2026-02-01T18:19:28
20,c8,F,"Action items: finalize data format, build indexing, and draft pitch. could we.",2026-02-01T18:20:17
21,c8,B,"It seems like, let’s restate what we agreed on before we end the meeting.",2026-02-01T18:20:59
22,c8,B,"I feel like, we should capture the reasoning behind the decision, not just the outcome.",2026-02-01T18:21:52
23,c8,F,I agree. Let’s restate what we agreed on before we end the meeting. would you be able to.,2026-02-01T18:23:25
24,c8,F,"Thanks, can someone summarize today’s discussion in a few bullets?",2026-02-01T18:24:06
25,c8,C,"We should capture the reasoning behind the decision, not just the outcome. That way we can separate system behavior from human perception effects.",2026-02-01T18:24:31
26,c8,G,The main decision is which project idea we commit to.,2026-02-01T18:26:06
27,c8,C,"Action items: finalize data format, build indexing, and draft pitch. We can validate it quickly with a small pilot before we scale it up.",2026-02-01T18:27:37
28,c8,F,"Honestly, how do we define 'important' contributions in a fair way? appreciate it.",2026-02-01T18:28:09
29,c8,B,"Kind of, the main decision is which project idea we commit to.",2026-02-01T18:29:22
30,c8,F,"Could we, can someone summarize today’s discussion in a few bullets?",2026-02-01T18:29:53
31,c8,B,"I think, we still need to decide the retrieval strategy and top-k value.",2026-02-01T18:30:15
32,c8,G,"Honestly, how many participants do we need for a reasonable user study?",2026-02-01T18:31:15
33,c8,F,"We should capture the reasoning behind the decision, not just the outcome. please.",2026-02-01T18:32:59
34,c8,B,"Kind of, should we analyze message-level retrieval or chunk messages into windows?",2026-02-01T18:33:35
35,c8,B,"I'm not sure but, i'm not fully convinced yet. The main decision is which project idea we commit to.",2026-02-01T18:34:05
36,c8,A,The best option is how many participants do we need for a reasonable user study?,2026-02-01T18:35:44
37,c8,C,We should write down the final scope so everyone is aligned. We can validate it quickly with a small pilot before we scale it up.,2026-02-01T18:37:30
38,c8,C,"Honestly, i agree. The main decision is which project idea we commit to. We can validate it quickly with a small pilot before we scale it up.",2026-02-01T18:39:03
39,c8,B,"I feel like, action items: finalize data format, build indexing, and draft pitch.",2026-02-01T18:39:42
40,c8,F,I agree. Can someone summarize today’s discussion in a few bullets? if you don't mind.,2026-02-01T18:40:08
41,c8,A,The best option is we still need to decide the retrieval strategy and top-k value.,2026-02-01T18:41:57
42,c8,F,We should create a shared doc with open questions and next steps. please.,2026-02-01T18:43:16
43,c8,C,"I agree. Let’s assign owners and deadlines for each task. If we write this down as a checklist, we can avoid back-and-forth later.",2026-02-01T18:44:10
44,c8,A,"We should action items: finalize data format, build indexing, and draft pitch.",2026-02-01T18:45:33
45,c8,A,We should how many participants do we need for a reasonable user study?,2026-02-01T18:47:20
46,c8,A,"Let's honestly, we still need to decide the retrieval strategy and top-k value.",2026-02-01T18:47:45
47,c8,F,Should we analyze message-level retrieval or chunk messages into windows? would you be able to.,2026-02-01T18:48:23
48,c8,C,Let’s assign owners and deadlines for each task. We can validate it quickly with a small pilot before we scale it up.,2026-02-01T18:49:38
49,c8,G,We should create a shared doc with open questions and next steps.,2026-02-01T18:50:05
50,c8,F,"Could we, i agree. Let’s assign owners and deadlines for each task.",2026-02-01T18:50:26
51,c8,F,"Would you be able to, for sure, we should capture the reasoning behind the decision, not just the outcome.",2026-02-01T18:51:01
52,c8,G,I agree. The main decision is which project idea we commit to.,2026-02-01T18:52:09
53,c8,C,"I agree. We should capture the reasoning behind the decision, not just the outcome. It might feel like extra work now, but it saves time during analysis.",2026-02-01T18:52:36
54,c8,C,Should we analyze message-level retrieval or chunk messages into windows? We can validate it quickly with a small pilot before we scale it up.,2026-02-01T18:53:48
55,c8,C,The main decision is which project idea we commit to. That way we can separate system behavior from human perception effects.,2026-02-01T18:54:42
56,c8,F,Can someone summarize today’s discussion in a few bullets? could we.,2026-02-01T18:56:08
57,c8,G,I agree. The main decision is which project idea we commit to.,2026-02-01T18:57:12
58,c8,A,I propose let’s assign owners and deadlines for each task.,2026-02-01T18:58:17
59,c8,F,Can someone summarize today’s discussion in a few bullets? please.,2026-02-01T18:58:39
60,c8,C,How many participants do we need for a reasonable user study? This also gives us something concrete to show in the proposal and final report.,2026-02-01T19:00:16
61,c8,C,"I'm not fully convinced yet. Should we analyze message-level retrieval or chunk messages into windows? It might feel like extra work now, but it saves time during analysis.",2026-02-01T19:02:02
62,c8,G,We should create a shared doc with open questions and next steps.,2026-02-01T19:03:12
63,c8,B,"I think, can someone summarize today’s discussion in a few bullets?",2026-02-01T19:03:33
64,c8,F,"Would you be able to, how do we define 'important' contributions in a fair way?",2026-02-01T19:04:50
65,c8,B,"Possibly, we should write down the final scope so everyone is aligned.",2026-02-01T19:05:14
66,c8,C,How do we define 'important' contributions in a fair way? We can validate it quickly with a small pilot before we scale it up.,2026-02-01T19:06:02
67,c8,C,I'm not fully convinced yet. We should write down the final scope so everyone is aligned. That way we can separate system behavior from human perception effects.,2026-02-01T19:06:29
68,c8,B,"It seems like, we should create a shared doc with open questions and next steps.",2026-02-01T19:07:53
1,c9,B,Team: let's discuss choosing tools/stack and get aligned before we split tasks.,2026-02-01T19:00:00
2,c9,A,I propose we could compare two setups to see if results are robust.,2026-02-01T19:01:15
3,c9,F,"Appreciate it, we should choose tools that are stable and easy to reproduce.",2026-02-01T19:01:52
4,c9,B,"I'm not sure but, i'm not fully convinced yet. If we keep the stack simple, we can focus on the analysis.",2026-02-01T19:02:21
5,c9,A,We should we can use a simple vector store and a basic retrieval QA chain.,2026-02-01T19:03:11
6,c9,F,"Could we, first we ingest chats, then index, then retrieve, then answer, then analyze logs.",2026-02-01T19:03:34
7,c9,F,"Please, we should choose tools that are stable and easy to reproduce.",2026-02-01T19:04:31
8,c9,C,"If we keep it simple, we can run more experiments and comparisons. That way we can separate system behavior from human perception effects.",2026-02-01T19:05:23
9,c9,B,"I feel like, we should log every retrieval step so we can explain results.",2026-02-01T19:06:07
10,c9,B,"I think, i agree. We could compare two setups to see if results are robust.",2026-02-01T19:07:48
11,c9,D,We can use a simple vector store and a basic retrieval QA chain.,2026-02-01T19:09:05
12,c9,B,"Possibly, we should choose tools that are stable and easy to reproduce.",2026-02-01T19:10:40
13,c9,F,"In my view, let’s make the pipeline reproducible with fixed seeds and configs. appreciate it.",2026-02-01T19:11:47
14,c9,C,Let’s make the pipeline reproducible with fixed seeds and configs. That way we can separate system behavior from human perception effects.,2026-02-01T19:12:37
15,c9,B,"Kind of, we should choose tools that are stable and easy to reproduce.",2026-02-01T19:13:57
16,c9,A,I recommend a minimal system plus strong evaluation is probably the best strategy.,2026-02-01T19:14:36
17,c9,C,"A more complex system might look impressive but could be risky. If we write this down as a checklist, we can avoid back-and-forth later.",2026-02-01T19:16:21
18,c9,B,"Possibly, we could compare two setups to see if results are robust.",2026-02-01T19:18:05
19,c9,D,I agree.,2026-02-01T19:18:26
20,c9,C,We should build a baseline before adding any improvements. This also gives us something concrete to show in the proposal and final report.,2026-02-01T19:19:53
21,c9,F,"Definitely, if we keep the stack simple, we can focus on the analysis. if you don't mind.",2026-02-01T19:21:09
22,c9,F,"Appreciate it, we should log every retrieval step so we can explain results.",2026-02-01T19:22:06
23,c9,C,"First we ingest chats, then index, then retrieve, then answer, then analyze logs. If we write this down as a checklist, we can avoid back-and-forth later.",2026-02-01T19:23:49
24,c9,A,We need to i agree. A minimal system plus strong evaluation is probably the best strategy.,2026-02-01T19:24:55
25,c9,A,"We need to honestly, first we ingest chats, then index, then retrieve, then answer, then analyze logs.",2026-02-01T19:25:32
26,c9,C,"I agree. First we ingest chats, then index, then retrieve, then answer, then analyze logs. We can validate it quickly with a small pilot before we scale it up.",2026-02-01T19:26:25
27,c9,B,"Kind of, i'm not fully convinced yet. A minimal system plus strong evaluation is probably the best strategy.",2026-02-01T19:27:12
28,c9,B,"It seems like, we could compare two setups to see if results are robust.",2026-02-01T19:27:47
29,c9,C,"Definitely, i'm not fully convinced yet. We should log every retrieval step so we can explain results. That way we can separate system behavior from human perception effects.",2026-02-01T19:28:31
30,c9,B,"It seems like, in my view, we should build a baseline before adding any improvements.",2026-02-01T19:30:05
31,c9,A,"The best option is first we ingest chats, then index, then retrieve, then answer, then analyze logs.",2026-02-01T19:31:08
32,c9,A,We need to let’s make the pipeline reproducible with fixed seeds and configs.,2026-02-01T19:32:18
33,c9,D,"If we keep the stack simple, we can focus on the analysis.",2026-02-01T19:33:00
34,c9,F,We should choose tools that are stable and easy to reproduce. thanks.,2026-02-01T19:34:02
35,c9,D,We should trade engineering time for better study design and write-up.,2026-02-01T19:34:23
36,c9,A,"Let's if we keep the stack simple, we can focus on the analysis.",2026-02-01T19:34:49
37,c9,F,I agree. We should build a baseline before adding any improvements. please.,2026-02-01T19:36:02
38,c9,C,I'm not fully convinced yet. We can use a simple vector store and a basic retrieval QA chain. That way we can separate system behavior from human perception effects.,2026-02-01T19:37:23
39,c9,C,"We should choose tools that are stable and easy to reproduce. If we write this down as a checklist, we can avoid back-and-forth later.",2026-02-01T19:39:04
40,c9,B,"It seems like, we could compare two setups to see if results are robust.",2026-02-01T19:39:44
41,c9,A,"We should for sure, we could compare two setups to see if results are robust.",2026-02-01T19:41:22
42,c9,F,"Appreciate it, i agree. We should trade engineering time for better study design and write-up.",2026-02-01T19:42:59
43,c9,C,"To be clear, a minimal system plus strong evaluation is probably the best strategy. This also gives us something concrete to show in the proposal and final report.",2026-02-01T19:43:53
44,c9,D,We should log every retrieval step so we can explain results.,2026-02-01T19:45:27
45,c9,F,"If you don't mind, if we keep the stack simple, we can focus on the analysis.",2026-02-01T19:46:16
46,c9,A,The best option is we should log every retrieval step so we can explain results.,2026-02-01T19:46:50
47,c9,F,"I'm not fully convinced yet. If we keep the stack simple, we can focus on the analysis. if you don't mind.",2026-02-01T19:47:25
48,c9,F,"Appreciate it, we could compare two setups to see if results are robust.",2026-02-01T19:49:00
49,c9,B,"Kind of, a minimal system plus strong evaluation is probably the best strategy.",2026-02-01T19:50:50
50,c9,B,"Possibly, we can use a simple vector store and a basic retrieval QA chain.",2026-02-01T19:52:02
51,c9,C,"We should choose tools that are stable and easy to reproduce. It might feel like extra work now, but it saves time during analysis.",2026-02-01T19:53:11
52,c9,A,"Let's if we keep it simple, we can run more experiments and comparisons.",2026-02-01T19:54:02
53,c9,F,A minimal system plus strong evaluation is probably the best strategy. would you be able to.,2026-02-01T19:55:08
54,c9,C,"I agree. If we keep the stack simple, we can focus on the analysis. If we write this down as a checklist, we can avoid back-and-forth later.",2026-02-01T19:55:37
55,c9,F,"Would you be able to, honestly, we could compare two setups to see if results are robust.",2026-02-01T19:56:49
56,c9,C,Let’s make the pipeline reproducible with fixed seeds and configs. That way we can separate system behavior from human perception effects.,2026-02-01T19:58:09
57,c9,F,"Could we, i agree. First we ingest chats, then index, then retrieve, then answer, then analyze logs.",2026-02-01T19:59:48
58,c9,F,"Could we, we could compare two setups to see if results are robust.",2026-02-01T20:01:23
59,c9,D,"For sure, we should log every retrieval step so we can explain results.",2026-02-01T20:02:26
60,c9,B,"I'm not sure but, we should log every retrieval step so we can explain results.",2026-02-01T20:03:02
1,c10,F,Team: let's discuss class project planning and get aligned before we split tasks.,2026-02-01T20:00:00
2,c10,F,"Could we, we need time near the end for polishing figures and slides.",2026-02-01T20:01:29
3,c10,B,"Kind of, let’s decide how many conversations and messages we need for signal.",2026-02-01T20:01:52
4,c10,F,We need time near the end for polishing figures and slides. would you be able to.,2026-02-01T20:03:40
5,c10,B,"Possibly, if we finish the prototype early, we’ll have time to run the user study.",2026-02-01T20:04:18
6,c10,B,"Possibly, i'm not fully convinced yet. We should store everything in a clean CSV with speaker IDs and timestamps.",2026-02-01T20:05:32
7,c10,E,Before we move on: We need to keep the project focused so we can finish in time?,2026-02-01T20:06:53
8,c10,D,We should assign owners for each part so work doesn’t overlap.,2026-02-01T20:07:49
9,c10,B,"It seems like, if we overbuild, we’ll have less time for evaluation and writing.",2026-02-01T20:09:22
10,c10,G,We need to keep the project focused so we can finish in time.,2026-02-01T20:10:29
11,c10,D,I agree.,2026-02-01T20:11:51
12,c10,F,"Thanks, for sure, if we overbuild, we’ll have less time for evaluation and writing.",2026-02-01T20:13:27
13,c10,D,We can simulate group chats so we control ground truth and avoid privacy issues.,2026-02-01T20:14:28
14,c10,G,We should measure who gets retrieved compared to who actually contributed.,2026-02-01T20:15:01
15,c10,F,"In my view, we need to keep the project focused so we can finish in time. could we.",2026-02-01T20:15:44
16,c10,F,We should decide what success looks like by the end of the semester. would you be able to.,2026-02-01T20:17:04
17,c10,B,"It seems like, we should store everything in a clean CSV with speaker IDs and timestamps.",2026-02-01T20:17:36
18,c10,B,"Kind of, let’s set weekly milestones: data, prototype, analysis, study, writing.",2026-02-01T20:18:51
19,c10,B,"I feel like, we need time near the end for polishing figures and slides.",2026-02-01T20:20:23
20,c10,D,I'm not fully convinced yet.,2026-02-01T20:21:35
21,c10,D,Let’s define a small set of standard questions to ask the system.,2026-02-01T20:23:10
22,c10,D,We should include robustness checks by changing retrieval settings.,2026-02-01T20:23:40
23,c10,E,Just to check: Let’s pick one main question and avoid building extra features?,2026-02-01T20:25:06
24,c10,F,Let’s define a small set of standard questions to ask the system. please.,2026-02-01T20:25:48
25,c10,F,We also need a human study to see if summaries change perception. appreciate it.,2026-02-01T20:27:27
26,c10,G,"If we overbuild, we’ll have less time for evaluation and writing.",2026-02-01T20:28:08
27,c10,F,"Honestly, i'm not fully convinced yet. We should measure who gets retrieved compared to who actually contributed. could we.",2026-02-01T20:29:47
28,c10,E,Small question: Let’s decide how many conversations and messages we need for signal?,2026-02-01T20:30:59
29,c10,F,"Appreciate it, if we overbuild, we’ll have less time for evaluation and writing.",2026-02-01T20:32:15
30,c10,E,Just to check: Let’s define a small set of standard questions to ask the system?,2026-02-01T20:33:12
31,c10,B,"I'm not sure but, we should store everything in a clean CSV with speaker IDs and timestamps.",2026-02-01T20:34:29
32,c10,F,"Thanks, i agree. We also need a human study to see if summaries change perception.",2026-02-01T20:35:32
33,c10,F,Let’s pick one main question and avoid building extra features. if you don't mind.,2026-02-01T20:36:34
34,c10,E,Small question: We need time near the end for polishing figures and slides?,2026-02-01T20:37:55
35,c10,D,We should assign owners for each part so work doesn’t overlap.,2026-02-01T20:38:28
36,c10,F,"Could we, we should assign owners for each part so work doesn’t overlap.",2026-02-01T20:38:56
37,c10,B,"Maybe, let’s pick one main question and avoid building extra features.",2026-02-01T20:40:32
38,c10,F,"Could we, let’s set weekly milestones: data, prototype, analysis, study, writing.",2026-02-01T20:41:37
39,c10,F,We should assign owners for each part so work doesn’t overlap. appreciate it.,2026-02-01T20:43:02
40,c10,D,We also need a human study to see if summaries change perception.,2026-02-01T20:44:11
41,c10,B,"I'm not sure but, i agree. If we finish the prototype early, we’ll have time to run the user study.",2026-02-01T20:45:24
42,c10,G,We need to keep the project focused so we can finish in time.,2026-02-01T20:46:17
43,c10,F,I agree. We also need a human study to see if summaries change perception. appreciate it.,2026-02-01T20:47:53
44,c10,G,I agree. We need to keep the project focused so we can finish in time.,2026-02-01T20:49:20
45,c10,G,"If we finish the prototype early, we’ll have time to run the user study.",2026-02-01T20:51:04
46,c10,B,"Maybe, definitely, we should measure who gets retrieved compared to who actually contributed.",2026-02-01T20:52:20
47,c10,G,We should measure who gets retrieved compared to who actually contributed.,2026-02-01T20:52:45
48,c10,D,I agree.,2026-02-01T20:53:52
49,c10,G,We also need a human study to see if summaries change perception.,2026-02-01T20:55:05
50,c10,D,We need multi-speaker conversations where each person has a distinct style.,2026-02-01T20:55:33
51,c10,D,We should measure who gets retrieved compared to who actually contributed.,2026-02-01T20:56:49
52,c10,B,"Kind of, we should decide what success looks like by the end of the semester.",2026-02-01T20:58:39
53,c10,B,"I think, if we overbuild, we’ll have less time for evaluation and writing.",2026-02-01T20:59:31
54,c10,B,"Possibly, let’s set weekly milestones: data, prototype, analysis, study, writing.",2026-02-01T21:01:19
55,c10,E,"Quick question: For sure, we need multi-speaker conversations where each person has a distinct style?",2026-02-01T21:02:41
56,c10,E,Just to check: We also need a human study to see if summaries change perception?,2026-02-01T21:04:18
57,c10,F,"Could we, we can simulate group chats so we control ground truth and avoid privacy issues.",2026-02-01T21:04:52
58,c10,E,Quick question: We also need a human study to see if summaries change perception?,2026-02-01T21:05:19
59,c10,G,We need time near the end for polishing figures and slides.,2026-02-01T21:06:48
60,c10,G,"Let’s set weekly milestones: data, prototype, analysis, study, writing.",2026-02-01T21:07:44
61,c10,G,"I'm not fully convinced yet. Let’s set weekly milestones: data, prototype, analysis, study, writing.",2026-02-01T21:08:33
62,c10,G,I agree. We can simulate group chats so we control ground truth and avoid privacy issues.,2026-02-01T21:10:20
63,c10,G,"If we overbuild, we’ll have less time for evaluation and writing.",2026-02-01T21:11:22
64,c10,E,"Just to check: Definitely, we should assign owners for each part so work doesn’t overlap?",2026-02-01T21:11:56
65,c10,D,We also need a human study to see if summaries change perception.,2026-02-01T21:13:33
66,c10,D,We should decide what success looks like by the end of the semester.,2026-02-01T21:14:05
67,c10,G,"If we overbuild, we’ll have less time for evaluation and writing.",2026-02-01T21:14:41
68,c10,G,I agree. We should store everything in a clean CSV with speaker IDs and timestamps.,2026-02-01T21:15:26
69,c10,G,Let’s define a small set of standard questions to ask the system.,2026-02-01T21:15:55
70,c10,B,"I'm not sure but, if we finish the prototype early, we’ll have time to run the user study.",2026-02-01T21:17:42
1,c11,A,Team: let's discuss class project planning and get aligned before we split tasks.,2026-02-01T21:00:00
2,c11,F,"If we finish the prototype early, we’ll have time to run the user study. please.",2026-02-01T21:00:57
3,c11,A,"We need to let’s set weekly milestones: data, prototype, analysis, study, writing.",2026-02-01T21:02:31
4,c11,F,"If you don't mind, definitely, i agree. We need to keep the project focused so we can finish in time.",2026-02-01T21:04:09
5,c11,B,"Kind of, we need multi-speaker conversations where each person has a distinct style.",2026-02-01T21:05:53
6,c11,C,Let’s pick one main question and avoid building extra features. This also gives us something concrete to show in the proposal and final report.,2026-02-01T21:07:04
7,c11,C,"Let’s set weekly milestones: data, prototype, analysis, study, writing. That way we can separate system behavior from human perception effects.",2026-02-01T21:08:47
8,c11,A,We should we should store everything in a clean CSV with speaker IDs and timestamps.,2026-02-01T21:10:02
9,c11,C,We should decide what success looks like by the end of the semester. This also gives us something concrete to show in the proposal and final report.,2026-02-01T21:11:22
10,c11,F,"Would you be able to, we need time near the end for polishing figures and slides.",2026-02-01T21:13:06
11,c11,C,I agree. We should store everything in a clean CSV with speaker IDs and timestamps. This also gives us something concrete to show in the proposal and final report.,2026-02-01T21:14:45
12,c11,F,"Definitely, we can simulate group chats so we control ground truth and avoid privacy issues. if you don't mind.",2026-02-01T21:15:17
13,c11,F,We can simulate group chats so we control ground truth and avoid privacy issues. could we.,2026-02-01T21:16:11
14,c11,A,I propose let’s pick one main question and avoid building extra features.,2026-02-01T21:17:19
15,c11,B,"Maybe, let’s pick one main question and avoid building extra features.",2026-02-01T21:17:40
16,c11,A,"The best option is if we finish the prototype early, we’ll have time to run the user study.",2026-02-01T21:19:14
17,c11,C,"If we overbuild, we’ll have less time for evaluation and writing. This also gives us something concrete to show in the proposal and final report.",2026-02-01T21:19:44
18,c11,C,Let’s pick one main question and avoid building extra features. This also gives us something concrete to show in the proposal and final report.,2026-02-01T21:20:43
19,c11,A,"I propose i agree. If we overbuild, we’ll have less time for evaluation and writing.",2026-02-01T21:22:15
20,c11,F,"If we overbuild, we’ll have less time for evaluation and writing. thanks.",2026-02-01T21:23:48
21,c11,E,Can we clarify: We should decide what success looks like by the end of the semester?,2026-02-01T21:25:12
22,c11,E,"Small question: Let’s set weekly milestones: data, prototype, analysis, study, writing?",2026-02-01T21:26:51
23,c11,F,"Let’s set weekly milestones: data, prototype, analysis, study, writing. please.",2026-02-01T21:27:37
24,c11,F,Let’s pick one main question and avoid building extra features. appreciate it.,2026-02-01T21:28:49
25,c11,A,"We need to to be clear, i'm not fully convinced yet. We need to keep the project focused so we can finish in time.",2026-02-01T21:30:23
26,c11,F,We need multi-speaker conversations where each person has a distinct style. thanks.,2026-02-01T21:32:13
27,c11,B,"I feel like, we should store everything in a clean CSV with speaker IDs and timestamps.",2026-02-01T21:33:39
28,c11,F,I agree. We can simulate group chats so we control ground truth and avoid privacy issues. please.,2026-02-01T21:34:33
29,c11,F,"Thanks, let’s set weekly milestones: data, prototype, analysis, study, writing.",2026-02-01T21:35:14
30,c11,C,I'm not fully convinced yet. We need time near the end for polishing figures and slides. That way we can separate system behavior from human perception effects.,2026-02-01T21:35:49
31,c11,A,We need to i agree. We can simulate group chats so we control ground truth and avoid privacy issues.,2026-02-01T21:37:12
32,c11,C,"We need time near the end for polishing figures and slides. If we write this down as a checklist, we can avoid back-and-forth later.",2026-02-01T21:37:34
33,c11,F,Let’s pick one main question and avoid building extra features. thanks.,2026-02-01T21:38:28
34,c11,C,"We should store everything in a clean CSV with speaker IDs and timestamps. It might feel like extra work now, but it saves time during analysis.",2026-02-01T21:39:01
35,c11,E,Quick question: We can simulate group chats so we control ground truth and avoid privacy issues?,2026-02-01T21:39:41
36,c11,C,We need multi-speaker conversations where each person has a distinct style. That way we can separate system behavior from human perception effects.,2026-02-01T21:40:29
37,c11,A,Let's we should store everything in a clean CSV with speaker IDs and timestamps.,2026-02-01T21:41:43
38,c11,C,We should decide what success looks like by the end of the semester. That way we can separate system behavior from human perception effects.,2026-02-01T21:42:46
39,c11,A,"I recommend if we overbuild, we’ll have less time for evaluation and writing.",2026-02-01T21:43:43
40,c11,C,"If we overbuild, we’ll have less time for evaluation and writing. That way we can separate system behavior from human perception effects.",2026-02-01T21:44:52
41,c11,B,"Possibly, we can simulate group chats so we control ground truth and avoid privacy issues.",2026-02-01T21:46:16
42,c11,E,Quick question: We need time near the end for polishing figures and slides?,2026-02-01T21:47:40
43,c11,A,"I recommend let’s set weekly milestones: data, prototype, analysis, study, writing.",2026-02-01T21:49:00
44,c11,F,"Would you be able to, i'm not fully convinced yet. Let’s decide how many conversations and messages we need for signal.",2026-02-01T21:50:33
45,c11,E,Can we clarify: Let’s decide how many conversations and messages we need for signal?,2026-02-01T21:52:17
46,c11,B,"I'm not sure but, we need to keep the project focused so we can finish in time.",2026-02-01T21:53:39
47,c11,E,Small question: We can simulate group chats so we control ground truth and avoid privacy issues?,2026-02-01T21:54:50
48,c11,E,"Before we move on: If we finish the prototype early, we’ll have time to run the user study?",2026-02-01T21:56:37
49,c11,C,Let’s pick one main question and avoid building extra features. This also gives us something concrete to show in the proposal and final report.,2026-02-01T21:57:04
50,c11,E,"Can we clarify: If we overbuild, we’ll have less time for evaluation and writing?",2026-02-01T21:58:30
51,c11,A,We need to we should store everything in a clean CSV with speaker IDs and timestamps.,2026-02-01T22:00:12
52,c11,E,Before we move on: I'm not fully convinced yet. We need time near the end for polishing figures and slides?,2026-02-01T22:01:30
53,c11,F,"If you don't mind, we should store everything in a clean CSV with speaker IDs and timestamps.",2026-02-01T22:02:51
54,c11,C,I'm not fully convinced yet. We need time near the end for polishing figures and slides. That way we can separate system behavior from human perception effects.,2026-02-01T22:04:06
55,c11,F,We should decide what success looks like by the end of the semester. would you be able to.,2026-02-01T22:05:39
56,c11,B,"Possibly, we need time near the end for polishing figures and slides.",2026-02-01T22:06:21
57,c11,E,Just to check: We need multi-speaker conversations where each person has a distinct style?,2026-02-01T22:08:08
58,c11,F,We need multi-speaker conversations where each person has a distinct style. thanks.,2026-02-01T22:08:38
59,c11,A,"We should i agree. If we finish the prototype early, we’ll have time to run the user study.",2026-02-01T22:10:26
60,c11,E,Just to check: We should store everything in a clean CSV with speaker IDs and timestamps?,2026-02-01T22:12:01
61,c11,E,Quick question: I'm not fully convinced yet. We need to keep the project focused so we can finish in time?,2026-02-01T22:12:36
62,c11,F,"If you don't mind, for sure, if we finish the prototype early, we’ll have time to run the user study.",2026-02-01T22:14:22
1,c12,B,Team: let's discuss study design discussion and get aligned before we split tasks.,2026-02-01T22:00:00
2,c12,F,"Honestly, we should collect demographics lightly, if allowed, but keep it minimal. could we.",2026-02-01T22:01:19
3,c12,E,"Quick question: We should collect demographics lightly, if allowed, but keep it minimal?",2026-02-01T22:02:14
4,c12,F,"We should compute style metrics: verbosity, hedging rate, assertiveness rate. appreciate it.",2026-02-01T22:04:00
5,c12,F,We should randomize which conversation they see to avoid learning effects. thanks.,2026-02-01T22:05:26
6,c12,F,"Would you be able to, readers may think the most-retrieved speaker is the leader, even if they weren’t.",2026-02-01T22:06:30
7,c12,G,I suspect verbose speakers will be retrieved more often just because they contain more keywords.,2026-02-01T22:06:59
8,c12,E,"Small question: If retrieval is skewed, summaries may systematically misrepresent the group?",2026-02-01T22:08:23
9,c12,C,"If retrieval is skewed, summaries may systematically misrepresent the group. It might feel like extra work now, but it saves time during analysis.",2026-02-01T22:09:19
10,c12,B,"Possibly, i agree. We should track agreement across participants to see if the effect is consistent.",2026-02-01T22:09:44
11,c12,E,"Quick question: Readers may think the most-retrieved speaker is the leader, even if they weren’t?",2026-02-01T22:10:46
12,c12,B,"Possibly, we should compute style metrics: verbosity, hedging rate, assertiveness rate.",2026-02-01T22:11:50
13,c12,G,"In my view, we can show participants a short system-generated summary and ask perception questions.",2026-02-01T22:12:59
14,c12,B,"Possibly, hedging language might be retrieved less because it sounds less decisive.",2026-02-01T22:14:40
15,c12,C,I agree. Hedging language might be retrieved less because it sounds less decisive. That way we can separate system behavior from human perception effects.,2026-02-01T22:15:36
16,c12,E,"Can we clarify: For sure, if retrieval is skewed, summaries may systematically misrepresent the group?",2026-02-01T22:16:10
17,c12,C,"We should randomize which conversation they see to avoid learning effects. It might feel like extra work now, but it saves time during analysis.",2026-02-01T22:16:34
18,c12,G,I agree. We can show participants a short system-generated summary and ask perception questions.,2026-02-01T22:18:14
19,c12,F,We can keep it lightweight with a Google Form and short tasks. would you be able to.,2026-02-01T22:19:35
20,c12,E,Just to check: We should track agreement across participants to see if the effect is consistent?,2026-02-01T22:20:32
21,c12,G,"Readers may think the most-retrieved speaker is the leader, even if they weren’t.",2026-02-01T22:21:37
22,c12,C,"For the user study, we can ask who seems most knowledgeable or influential. If we write this down as a checklist, we can avoid back-and-forth later.",2026-02-01T22:23:23
23,c12,E,"Just to check: For the user study, we can ask who seems most knowledgeable or influential?",2026-02-01T22:24:44
24,c12,C,I'm not fully convinced yet. I suspect verbose speakers will be retrieved more often just because they contain more keywords. This also gives us something concrete to show in the proposal and final report.,2026-02-01T22:25:32
25,c12,F,We can keep it lightweight with a Google Form and short tasks. if you don't mind.,2026-02-01T22:26:21
26,c12,G,We should randomize which conversation they see to avoid learning effects.,2026-02-01T22:28:10
27,c12,C,"We should randomize which conversation they see to avoid learning effects. If we write this down as a checklist, we can avoid back-and-forth later.",2026-02-01T22:29:09
28,c12,F,I'm not fully convinced yet. We should track agreement across participants to see if the effect is consistent. could we.,2026-02-01T22:29:29
29,c12,E,Before we move on: I'm not fully convinced yet. Hedging language might be retrieved less because it sounds less decisive?,2026-02-01T22:29:55
30,c12,C,"We should track agreement across participants to see if the effect is consistent. If we write this down as a checklist, we can avoid back-and-forth later.",2026-02-01T22:31:31
31,c12,G,We should randomize which conversation they see to avoid learning effects.,2026-02-01T22:33:05
32,c12,F,"Definitely, if retrieval is skewed, summaries may systematically misrepresent the group. if you don't mind.",2026-02-01T22:34:08
33,c12,E,"Before we move on: If retrieval is skewed, summaries may systematically misrepresent the group?",2026-02-01T22:34:40
34,c12,E,"Quick question: For the user study, we can ask who seems most knowledgeable or influential?",2026-02-01T22:35:39
35,c12,C,"To be clear, we should compute style metrics: verbosity, hedging rate, assertiveness rate. That way we can separate system behavior from human perception effects.",2026-02-01T22:36:30
36,c12,B,"I think, we can compute retrieval share per speaker and compare it to participation share.",2026-02-01T22:37:12
37,c12,B,"I think, i agree. We should randomize which conversation they see to avoid learning effects.",2026-02-01T22:38:31
38,c12,B,"It seems like, we should collect demographics lightly, if allowed, but keep it minimal.",2026-02-01T22:38:52
39,c12,C,We can compute retrieval share per speaker and compare it to participation share. That way we can separate system behavior from human perception effects.,2026-02-01T22:39:16
40,c12,G,I agree. We can show participants a short system-generated summary and ask perception questions.,2026-02-01T22:39:51
41,c12,F,"If you don't mind, i agree. We should collect demographics lightly, if allowed, but keep it minimal.",2026-02-01T22:41:16
42,c12,G,"I agree. For the user study, we can ask who seems most knowledgeable or influential.",2026-02-01T22:41:45
43,c12,B,"Kind of, for sure, we should track agreement across participants to see if the effect is consistent.",2026-02-01T22:42:40
44,c12,E,"Can we clarify: I agree. We should compute style metrics: verbosity, hedging rate, assertiveness rate?",2026-02-01T22:43:40
45,c12,B,"I think, i'm not fully convinced yet. We should randomize which conversation they see to avoid learning effects.",2026-02-01T22:44:08
46,c12,B,"I think, i'm not fully convinced yet. We can show participants a short system-generated summary and ask perception questions.",2026-02-01T22:45:36
47,c12,C,"For the user study, we can ask who seems most knowledgeable or influential. This also gives us something concrete to show in the proposal and final report.",2026-02-01T22:46:46
48,c12,C,"Readers may think the most-retrieved speaker is the leader, even if they weren’t. It might feel like extra work now, but it saves time during analysis.",2026-02-01T22:47:46
49,c12,F,"Could we, for sure, we can compute retrieval share per speaker and compare it to participation share.",2026-02-01T22:49:31
50,c12,F,"Please, i suspect verbose speakers will be retrieved more often just because they contain more keywords.",2026-02-01T22:50:02
51,c12,E,"Just to check: For sure, readers may think the most-retrieved speaker is the leader, even if they weren’t?",2026-02-01T22:50:30
52,c12,G,"For the user study, we can ask who seems most knowledgeable or influential.",2026-02-01T22:51:55
53,c12,E,"Can we clarify: Readers may think the most-retrieved speaker is the leader, even if they weren’t?",2026-02-01T22:53:21
54,c12,F,We should randomize which conversation they see to avoid learning effects. if you don't mind.,2026-02-01T22:53:51
55,c12,B,"I feel like, for the user study, we can ask who seems most knowledgeable or influential.",2026-02-01T22:54:40
56,c12,E,Can we clarify: We should track agreement across participants to see if the effect is consistent?,2026-02-01T22:55:50
57,c12,E,"Small question: For sure, readers may think the most-retrieved speaker is the leader, even if they weren’t?",2026-02-01T22:57:13
58,c12,C,"I suspect verbose speakers will be retrieved more often just because they contain more keywords. It might feel like extra work now, but it saves time during analysis.",2026-02-01T22:58:21
59,c12,G,We should track agreement across participants to see if the effect is consistent.,2026-02-01T22:58:53
60,c12,G,"If retrieval is skewed, summaries may systematically misrepresent the group.",2026-02-01T22:59:17
61,c12,C,"For the user study, we can ask who seems most knowledgeable or influential. It might feel like extra work now, but it saves time during analysis.",2026-02-01T23:01:07
62,c12,G,"Definitely, i agree. We can compute retrieval share per speaker and compare it to participation share.",2026-02-01T23:02:24
63,c12,B,"Possibly, in my view, we should compute style metrics: verbosity, hedging rate, assertiveness rate.",2026-02-01T23:02:48
64,c12,C,We should track agreement across participants to see if the effect is consistent. This also gives us something concrete to show in the proposal and final report.,2026-02-01T23:04:26
65,c12,F,"Thanks, hedging language might be retrieved less because it sounds less decisive.",2026-02-01T23:04:58
66,c12,G,"If retrieval is skewed, summaries may systematically misrepresent the group.",2026-02-01T23:06:33
67,c12,F,"If retrieval is skewed, summaries may systematically misrepresent the group. could we.",2026-02-01T23:07:34
68,c12,E,Can we clarify: We can compute retrieval share per speaker and compare it to participation share?,2026-02-01T23:09:05
69,c12,F,Hedging language might be retrieved less because it sounds less decisive. thanks.,2026-02-01T23:10:30
70,c12,B,"I think, we can compute retrieval share per speaker and compare it to participation share.",2026-02-01T23:11:24
71,c12,C,"We should compute style metrics: verbosity, hedging rate, assertiveness rate. We can validate it quickly with a small pilot before we scale it up.",2026-02-01T23:12:06
1,c13,G,Team: let's discuss class project planning and get aligned before we split tasks.,2026-02-01T23:00:00
2,c13,G,"Definitely, i agree. We can simulate group chats so we control ground truth and avoid privacy issues.",2026-02-01T23:01:21
3,c13,A,"The best option is definitely, we should include robustness checks by changing retrieval settings.",2026-02-01T23:02:06
4,c13,A,Let's let’s pick one main question and avoid building extra features.,2026-02-01T23:03:20
5,c13,F,"If we overbuild, we’ll have less time for evaluation and writing. if you don't mind.",2026-02-01T23:04:16
6,c13,G,I agree. We need multi-speaker conversations where each person has a distinct style.,2026-02-01T23:04:36
7,c13,G,We should assign owners for each part so work doesn’t overlap.,2026-02-01T23:05:22
8,c13,D,"If we finish the prototype early, we’ll have time to run the user study.",2026-02-01T23:05:42
9,c13,A,Let's let’s decide how many conversations and messages we need for signal.,2026-02-01T23:06:43
10,c13,F,"Thanks, we should decide what success looks like by the end of the semester.",2026-02-01T23:07:29
11,c13,G,"To be clear, we can simulate group chats so we control ground truth and avoid privacy issues.",2026-02-01T23:08:51
12,c13,F,"Please, let’s define a small set of standard questions to ask the system.",2026-02-01T23:09:17
13,c13,G,Let’s define a small set of standard questions to ask the system.,2026-02-01T23:09:44
14,c13,G,Let’s decide how many conversations and messages we need for signal.,2026-02-01T23:11:34
15,c13,A,I recommend i'm not fully convinced yet. We should include robustness checks by changing retrieval settings.,2026-02-01T23:13:16
16,c13,F,"Thanks, honestly, i'm not fully convinced yet. We need time near the end for polishing figures and slides.",2026-02-01T23:14:25
17,c13,A,We should i agree. We need multi-speaker conversations where each person has a distinct style.,2026-02-01T23:15:00
18,c13,C,I agree. We also need a human study to see if summaries change perception. We can validate it quickly with a small pilot before we scale it up.,2026-02-01T23:16:29
19,c13,C,"We can simulate group chats so we control ground truth and avoid privacy issues. If we write this down as a checklist, we can avoid back-and-forth later.",2026-02-01T23:17:26
20,c13,G,I agree. Let’s pick one main question and avoid building extra features.,2026-02-01T23:18:39
21,c13,A,"I recommend in my view, we can simulate group chats so we control ground truth and avoid privacy issues.",2026-02-01T23:19:21
22,c13,G,We need to keep the project focused so we can finish in time.,2026-02-01T23:21:09
23,c13,G,I'm not fully convinced yet. We should include robustness checks by changing retrieval settings.,2026-02-01T23:22:44
24,c13,A,The best option is i'm not fully convinced yet. We should measure who gets retrieved compared to who actually contributed.,2026-02-01T23:24:15
25,c13,G,I'm not fully convinced yet. We also need a human study to see if summaries change perception.,2026-02-01T23:25:07
26,c13,C,"We should store everything in a clean CSV with speaker IDs and timestamps. If we write this down as a checklist, we can avoid back-and-forth later.",2026-02-01T23:25:28
27,c13,C,We can simulate group chats so we control ground truth and avoid privacy issues. This also gives us something concrete to show in the proposal and final report.,2026-02-01T23:26:05
28,c13,G,"If we overbuild, we’ll have less time for evaluation and writing.",2026-02-01T23:27:23
29,c13,A,"I recommend honestly, we need to keep the project focused so we can finish in time.",2026-02-01T23:28:24
30,c13,F,We should measure who gets retrieved compared to who actually contributed. please.,2026-02-01T23:29:43
31,c13,F,"Could we, let’s pick one main question and avoid building extra features.",2026-02-01T23:31:28
32,c13,G,Let’s decide how many conversations and messages we need for signal.,2026-02-01T23:32:57
33,c13,C,We should measure who gets retrieved compared to who actually contributed. We can validate it quickly with a small pilot before we scale it up.,2026-02-01T23:34:25
34,c13,F,"Please, let’s set weekly milestones: data, prototype, analysis, study, writing.",2026-02-01T23:35:32
35,c13,C,"If we overbuild, we’ll have less time for evaluation and writing. That way we can separate system behavior from human perception effects.",2026-02-01T23:36:02
36,c13,A,The best option is we should measure who gets retrieved compared to who actually contributed.,2026-02-01T23:36:57
37,c13,A,We should i'm not fully convinced yet. Let’s pick one main question and avoid building extra features.,2026-02-01T23:37:24
38,c13,D,"Honestly, we need time near the end for polishing figures and slides.",2026-02-01T23:37:56
39,c13,D,We should measure who gets retrieved compared to who actually contributed.,2026-02-01T23:39:10
40,c13,A,The best option is we need to keep the project focused so we can finish in time.,2026-02-01T23:40:07
41,c13,C,"If we finish the prototype early, we’ll have time to run the user study. We can validate it quickly with a small pilot before we scale it up.",2026-02-01T23:40:54
42,c13,D,We should store everything in a clean CSV with speaker IDs and timestamps.,2026-02-01T23:41:21
43,c13,F,"Would you be able to, we should decide what success looks like by the end of the semester.",2026-02-01T23:43:03
44,c13,G,We can simulate group chats so we control ground truth and avoid privacy issues.,2026-02-01T23:44:38
45,c13,G,We should store everything in a clean CSV with speaker IDs and timestamps.,2026-02-01T23:45:30
46,c13,F,"I'm not fully convinced yet. Let’s set weekly milestones: data, prototype, analysis, study, writing. please.",2026-02-01T23:46:38
47,c13,A,I recommend we need multi-speaker conversations where each person has a distinct style.,2026-02-01T23:48:01
48,c13,C,"We should assign owners for each part so work doesn’t overlap. It might feel like extra work now, but it saves time during analysis.",2026-02-01T23:49:32
49,c13,G,Let’s define a small set of standard questions to ask the system.,2026-02-01T23:49:58
50,c13,A,The best option is we should decide what success looks like by the end of the semester.,2026-02-01T23:51:10
51,c13,F,"Please, in my view, we can simulate group chats so we control ground truth and avoid privacy issues.",2026-02-01T23:51:50
52,c13,G,We should decide what success looks like by the end of the semester.,2026-02-01T23:53:37
53,c13,F,Let’s decide how many conversations and messages we need for signal. thanks.,2026-02-01T23:54:42
54,c13,G,"If we finish the prototype early, we’ll have time to run the user study.",2026-02-01T23:55:25
55,c13,G,We also need a human study to see if summaries change perception.,2026-02-01T23:55:53
56,c13,G,I agree. We should include robustness checks by changing retrieval settings.,2026-02-01T23:57:37
57,c13,C,We should measure who gets retrieved compared to who actually contributed. This also gives us something concrete to show in the proposal and final report.,2026-02-01T23:58:29
58,c13,F,"If we overbuild, we’ll have less time for evaluation and writing. if you don't mind.",2026-02-01T23:59:38
59,c13,A,I propose i agree. Let’s pick one main question and avoid building extra features.,2026-02-02T00:00:16
60,c13,F,"If you don't mind, to be clear, i agree. Let’s define a small set of standard questions to ask the system.",2026-02-02T00:00:56
61,c13,C,Let’s decide how many conversations and messages we need for signal. This also gives us something concrete to show in the proposal and final report.,2026-02-02T00:01:17
1,c14,C,Team: let's discuss class project planning and get aligned before we split tasks.,2026-02-02T00:00:00
2,c14,B,"I think, we can simulate group chats so we control ground truth and avoid privacy issues.",2026-02-02T00:00:44
3,c14,A,"The best option is i agree. If we finish the prototype early, we’ll have time to run the user study.",2026-02-02T00:01:10
4,c14,B,"It seems like, let’s decide how many conversations and messages we need for signal.",2026-02-02T00:02:03
5,c14,A,"I recommend i agree. If we overbuild, we’ll have less time for evaluation and writing.",2026-02-02T00:02:47
6,c14,B,"Maybe, we need time near the end for polishing figures and slides.",2026-02-02T00:04:02
7,c14,D,We can simulate group chats so we control ground truth and avoid privacy issues.,2026-02-02T00:05:21
8,c14,B,"Kind of, we also need a human study to see if summaries change perception.",2026-02-02T00:06:52
9,c14,D,We need time near the end for polishing figures and slides.,2026-02-02T00:08:00
10,c14,A,"We need to i agree. If we overbuild, we’ll have less time for evaluation and writing.",2026-02-02T00:08:33
11,c14,D,We should include robustness checks by changing retrieval settings.,2026-02-02T00:10:19
12,c14,B,"I think, we should measure who gets retrieved compared to who actually contributed.",2026-02-02T00:11:26
13,c14,E,Small question: Let’s define a small set of standard questions to ask the system?,2026-02-02T00:12:20
14,c14,D,We should measure who gets retrieved compared to who actually contributed.,2026-02-02T00:14:04
15,c14,D,I agree.,2026-02-02T00:14:24
16,c14,A,Let's we should store everything in a clean CSV with speaker IDs and timestamps.,2026-02-02T00:14:57
17,c14,D,Let’s pick one main question and avoid building extra features.,2026-02-02T00:15:58
18,c14,B,"It seems like, if we finish the prototype early, we’ll have time to run the user study.",2026-02-02T00:16:26
19,c14,C,Let’s define a small set of standard questions to ask the system. This also gives us something concrete to show in the proposal and final report.,2026-02-02T00:17:29
20,c14,E,Can we clarify: We need time near the end for polishing figures and slides?,2026-02-02T00:19:17
21,c14,C,"I agree. If we finish the prototype early, we’ll have time to run the user study. If we write this down as a checklist, we can avoid back-and-forth later.",2026-02-02T00:21:03
22,c14,A,I recommend we should measure who gets retrieved compared to who actually contributed.,2026-02-02T00:21:36
23,c14,B,"It seems like, we can simulate group chats so we control ground truth and avoid privacy issues.",2026-02-02T00:22:18
24,c14,C,"Let’s pick one main question and avoid building extra features. It might feel like extra work now, but it saves time during analysis.",2026-02-02T00:24:05
25,c14,D,"Let’s set weekly milestones: data, prototype, analysis, study, writing.",2026-02-02T00:24:56
26,c14,A,"Let's let’s set weekly milestones: data, prototype, analysis, study, writing.",2026-02-02T00:26:46
27,c14,B,"Possibly, let’s define a small set of standard questions to ask the system.",2026-02-02T00:28:22
28,c14,C,Let’s define a small set of standard questions to ask the system. This also gives us something concrete to show in the proposal and final report.,2026-02-02T00:29:38
29,c14,E,Small question: We need multi-speaker conversations where each person has a distinct style?,2026-02-02T00:30:27
30,c14,B,"I think, to be clear, we should measure who gets retrieved compared to who actually contributed.",2026-02-02T00:30:58
31,c14,C,"If we finish the prototype early, we’ll have time to run the user study. This also gives us something concrete to show in the proposal and final report.",2026-02-02T00:32:23
32,c14,D,I agree.,2026-02-02T00:33:30
33,c14,B,"I think, we need to keep the project focused so we can finish in time.",2026-02-02T00:35:12
34,c14,D,We should decide what success looks like by the end of the semester.,2026-02-02T00:37:00
35,c14,A,"The best option is if we overbuild, we’ll have less time for evaluation and writing.",2026-02-02T00:37:33
36,c14,C,"We should measure who gets retrieved compared to who actually contributed. It might feel like extra work now, but it saves time during analysis.",2026-02-02T00:38:29
37,c14,C,"If we overbuild, we’ll have less time for evaluation and writing. We can validate it quickly with a small pilot before we scale it up.",2026-02-02T00:39:15
38,c14,E,Just to check: We need time near the end for polishing figures and slides?,2026-02-02T00:39:39
39,c14,A,I recommend let’s pick one main question and avoid building extra features.,2026-02-02T00:40:26
40,c14,E,Small question: I agree. We can simulate group chats so we control ground truth and avoid privacy issues?,2026-02-02T00:41:10
41,c14,C,I agree. We also need a human study to see if summaries change perception. That way we can separate system behavior from human perception effects.,2026-02-02T00:42:35
42,c14,C,Let’s define a small set of standard questions to ask the system. This also gives us something concrete to show in the proposal and final report.,2026-02-02T00:44:01
43,c14,D,We should assign owners for each part so work doesn’t overlap.,2026-02-02T00:45:19
44,c14,B,"Possibly, let’s define a small set of standard questions to ask the system.",2026-02-02T00:45:47
45,c14,E,"Just to check: If we finish the prototype early, we’ll have time to run the user study?",2026-02-02T00:46:14
46,c14,C,We need time near the end for polishing figures and slides. This also gives us something concrete to show in the proposal and final report.,2026-02-02T00:47:55
47,c14,C,"Let’s set weekly milestones: data, prototype, analysis, study, writing. We can validate it quickly with a small pilot before we scale it up.",2026-02-02T00:48:25
48,c14,C,"I agree. Let’s decide how many conversations and messages we need for signal. It might feel like extra work now, but it saves time during analysis.",2026-02-02T00:49:31
49,c14,C,We need multi-speaker conversations where each person has a distinct style. We can validate it quickly with a small pilot before we scale it up.,2026-02-02T00:50:20
50,c14,A,The best option is i agree. We should decide what success looks like by the end of the semester.,2026-02-02T00:52:08
51,c14,C,"In my view, if we overbuild, we’ll have less time for evaluation and writing. That way we can separate system behavior from human perception effects.",2026-02-02T00:53:46
52,c14,A,"The best option is let’s set weekly milestones: data, prototype, analysis, study, writing.",2026-02-02T00:54:44
53,c14,D,We should store everything in a clean CSV with speaker IDs and timestamps.,2026-02-02T00:56:18
54,c14,E,Can we clarify: We need multi-speaker conversations where each person has a distinct style?,2026-02-02T00:57:33
55,c14,C,I'm not fully convinced yet. We should assign owners for each part so work doesn’t overlap. We can validate it quickly with a small pilot before we scale it up.,2026-02-02T00:58:27
56,c14,B,"It seems like, we can simulate group chats so we control ground truth and avoid privacy issues.",2026-02-02T01:00:00
57,c14,B,"Possibly, i agree. We also need a human study to see if summaries change perception.",2026-02-02T01:01:39
58,c14,E,Quick question: I agree. We also need a human study to see if summaries change perception?,2026-02-02T01:02:29
59,c14,C,"Let’s decide how many conversations and messages we need for signal. If we write this down as a checklist, we can avoid back-and-forth later.",2026-02-02T01:04:13
60,c14,A,I propose we should measure who gets retrieved compared to who actually contributed.,2026-02-02T01:04:34
61,c14,D,"Honestly, let’s pick one main question and avoid building extra features.",2026-02-02T01:06:14
1,c15,F,Team: let's discuss study design discussion and get aligned before we split tasks.,2026-02-02T01:00:00
2,c15,G,I'm not fully convinced yet. We should randomize which conversation they see to avoid learning effects.,2026-02-02T01:00:33
3,c15,F,"Could we, i agree. I suspect verbose speakers will be retrieved more often just because they contain more keywords.",2026-02-02T01:02:07
4,c15,F,"Appreciate it, for the user study, we can ask who seems most knowledgeable or influential.",2026-02-02T01:03:06
5,c15,E,"Can we clarify: For the user study, we can ask who seems most knowledgeable or influential?",2026-02-02T01:03:43
6,c15,C,"To be clear, we can show participants a short system-generated summary and ask perception questions. If we write this down as a checklist, we can avoid back-and-forth later.",2026-02-02T01:05:06
7,c15,A,We should i agree. We can show participants a short system-generated summary and ask perception questions.,2026-02-02T01:05:44
8,c15,E,Before we move on: Hedging language might be retrieved less because it sounds less decisive?,2026-02-02T01:06:36
9,c15,C,I'm not fully convinced yet. We should track agreement across participants to see if the effect is consistent. That way we can separate system behavior from human perception effects.,2026-02-02T01:07:24
10,c15,C,"For the user study, we can ask who seems most knowledgeable or influential. We can validate it quickly with a small pilot before we scale it up.",2026-02-02T01:08:46
11,c15,C,"I agree. We should collect demographics lightly, if allowed, but keep it minimal. We can validate it quickly with a small pilot before we scale it up.",2026-02-02T01:09:46
12,c15,A,We need to we should track agreement across participants to see if the effect is consistent.,2026-02-02T01:10:47
13,c15,C,We should randomize which conversation they see to avoid learning effects. We can validate it quickly with a small pilot before we scale it up.,2026-02-02T01:12:13
14,c15,E,"Small question: For the user study, we can ask who seems most knowledgeable or influential?",2026-02-02T01:12:48
15,c15,E,Just to check: I suspect verbose speakers will be retrieved more often just because they contain more keywords?,2026-02-02T01:13:26
16,c15,F,"I agree. If retrieval is skewed, summaries may systematically misrepresent the group. could we.",2026-02-02T01:14:16
17,c15,F,"Thanks, i suspect verbose speakers will be retrieved more often just because they contain more keywords.",2026-02-02T01:15:33
18,c15,C,We can keep it lightweight with a Google Form and short tasks. We can validate it quickly with a small pilot before we scale it up.,2026-02-02T01:16:15
19,c15,E,"Quick question: Honestly, hedging language might be retrieved less because it sounds less decisive?",2026-02-02T01:17:52
20,c15,E,Before we move on: I agree. We can keep it lightweight with a Google Form and short tasks?,2026-02-02T01:19:11
21,c15,G,"For the user study, we can ask who seems most knowledgeable or influential.",2026-02-02T01:20:19
22,c15,F,"If you don't mind, i suspect verbose speakers will be retrieved more often just because they contain more keywords.",2026-02-02T01:21:25
23,c15,E,"Can we clarify: To be clear, i agree. We can keep it lightweight with a Google Form and short tasks?",2026-02-02T01:23:01
24,c15,G,We should track agreement across participants to see if the effect is consistent.,2026-02-02T01:24:01
25,c15,C,"To be clear, we should collect demographics lightly, if allowed, but keep it minimal. This also gives us something concrete to show in the proposal and final report.",2026-02-02T01:25:37
26,c15,G,We can compute retrieval share per speaker and compare it to participation share.,2026-02-02T01:27:00
27,c15,F,Hedging language might be retrieved less because it sounds less decisive. thanks.,2026-02-02T01:27:33
28,c15,A,Let's we can show participants a short system-generated summary and ask perception questions.,2026-02-02T01:28:34
29,c15,C,"Definitely, i'm not fully convinced yet. We can compute retrieval share per speaker and compare it to participation share. It might feel like extra work now, but it saves time during analysis.",2026-02-02T01:29:45
30,c15,A,"We need to readers may think the most-retrieved speaker is the leader, even if they weren’t.",2026-02-02T01:31:01
31,c15,E,"Small question: Readers may think the most-retrieved speaker is the leader, even if they weren’t?",2026-02-02T01:32:01
32,c15,A,Let's we can show participants a short system-generated summary and ask perception questions.,2026-02-02T01:33:33
33,c15,F,Hedging language might be retrieved less because it sounds less decisive. appreciate it.,2026-02-02T01:34:51
34,c15,G,"For the user study, we can ask who seems most knowledgeable or influential.",2026-02-02T01:35:26
35,c15,F,We can keep it lightweight with a Google Form and short tasks. thanks.,2026-02-02T01:37:08
36,c15,F,"We should compute style metrics: verbosity, hedging rate, assertiveness rate. thanks.",2026-02-02T01:38:11
37,c15,A,"Let's if retrieval is skewed, summaries may systematically misrepresent the group.",2026-02-02T01:39:27
38,c15,E,Quick question: We should track agreement across participants to see if the effect is consistent?,2026-02-02T01:41:16
39,c15,G,"We should compute style metrics: verbosity, hedging rate, assertiveness rate.",2026-02-02T01:41:43
40,c15,F,We should randomize which conversation they see to avoid learning effects. thanks.,2026-02-02T01:43:11
41,c15,F,"Please, we should collect demographics lightly, if allowed, but keep it minimal.",2026-02-02T01:44:34
42,c15,A,We should we should randomize which conversation they see to avoid learning effects.,2026-02-02T01:45:43
43,c15,C,Hedging language might be retrieved less because it sounds less decisive. That way we can separate system behavior from human perception effects.,2026-02-02T01:47:21
44,c15,C,"We should collect demographics lightly, if allowed, but keep it minimal. This also gives us something concrete to show in the proposal and final report.",2026-02-02T01:47:48
45,c15,G,"For the user study, we can ask who seems most knowledgeable or influential.",2026-02-02T01:48:40
46,c15,A,I recommend we can compute retrieval share per speaker and compare it to participation share.,2026-02-02T01:50:09
47,c15,A,Let's we should randomize which conversation they see to avoid learning effects.,2026-02-02T01:50:35
48,c15,E,Small question: We should track agreement across participants to see if the effect is consistent?,2026-02-02T01:51:06
49,c15,E,Quick question: We can show participants a short system-generated summary and ask perception questions?,2026-02-02T01:51:49
50,c15,A,Let's we can keep it lightweight with a Google Form and short tasks.,2026-02-02T01:53:13
51,c15,G,We should track agreement across participants to see if the effect is consistent.,2026-02-02T01:54:53
52,c15,G,"We should collect demographics lightly, if allowed, but keep it minimal.",2026-02-02T01:56:03
53,c15,A,"The best option is readers may think the most-retrieved speaker is the leader, even if they weren’t.",2026-02-02T01:56:24
54,c15,E,Can we clarify: I agree. We can show participants a short system-generated summary and ask perception questions?,2026-02-02T01:58:10
55,c15,A,"We should for sure, we should randomize which conversation they see to avoid learning effects.",2026-02-02T01:59:43
56,c15,A,I recommend i agree. We can show participants a short system-generated summary and ask perception questions.,2026-02-02T02:00:25
57,c15,A,I propose we can keep it lightweight with a Google Form and short tasks.,2026-02-02T02:02:03
58,c15,C,"We can show participants a short system-generated summary and ask perception questions. If we write this down as a checklist, we can avoid back-and-forth later.",2026-02-02T02:03:16
59,c15,E,"Before we move on: Readers may think the most-retrieved speaker is the leader, even if they weren’t?",2026-02-02T02:04:47
60,c15,F,"Appreciate it, i suspect verbose speakers will be retrieved more often just because they contain more keywords.",2026-02-02T02:05:15
61,c15,F,"If you don't mind, i'm not fully convinced yet. I suspect verbose speakers will be retrieved more often just because they contain more keywords.",2026-02-02T02:07:02
62,c15,E,Quick question: We can keep it lightweight with a Google Form and short tasks?,2026-02-02T02:07:34
63,c15,F,"Please, we can show participants a short system-generated summary and ask perception questions.",2026-02-02T02:09:23
64,c15,E,"Can we clarify: Readers may think the most-retrieved speaker is the leader, even if they weren’t?",2026-02-02T02:10:57
65,c15,G,I agree. We should track agreement across participants to see if the effect is consistent.,2026-02-02T02:11:42
66,c15,A,The best option is we should track agreement across participants to see if the effect is consistent.,2026-02-02T02:13:02
67,c15,E,"Small question: For the user study, we can ask who seems most knowledgeable or influential?",2026-02-02T02:13:32
68,c15,G,"For the user study, we can ask who seems most knowledgeable or influential.",2026-02-02T02:15:10
69,c15,C,"We can show participants a short system-generated summary and ask perception questions. If we write this down as a checklist, we can avoid back-and-forth later.",2026-02-02T02:16:54
70,c15,C,We can keep it lightweight with a Google Form and short tasks. We can validate it quickly with a small pilot before we scale it up.,2026-02-02T02:17:47
71,c15,A,The best option is we should track agreement across participants to see if the effect is consistent.,2026-02-02T02:18:58
1,c16,E,Team: let's discuss class project planning and get aligned before we split tasks.,2026-02-02T02:00:00
2,c16,G,I agree. We should include robustness checks by changing retrieval settings.,2026-02-02T02:00:56
3,c16,F,"Please, we should measure who gets retrieved compared to who actually contributed.",2026-02-02T02:02:40
4,c16,F,"If you don't mind, i'm not fully convinced yet. We should measure who gets retrieved compared to who actually contributed.",2026-02-02T02:03:03
5,c16,E,Can we clarify: We should measure who gets retrieved compared to who actually contributed?,2026-02-02T02:03:23
6,c16,F,I agree. We should decide what success looks like by the end of the semester. could we.,2026-02-02T02:04:06
7,c16,A,I recommend i agree. We should assign owners for each part so work doesn’t overlap.,2026-02-02T02:04:29
8,c16,A,"We should let’s set weekly milestones: data, prototype, analysis, study, writing.",2026-02-02T02:05:50
9,c16,E,"Just to check: For sure, we should measure who gets retrieved compared to who actually contributed?",2026-02-02T02:06:52
10,c16,A,We need to let’s pick one main question and avoid building extra features.,2026-02-02T02:07:23
11,c16,E,Can we clarify: Let’s pick one main question and avoid building extra features?,2026-02-02T02:08:07
12,c16,G,"I agree. If we finish the prototype early, we’ll have time to run the user study.",2026-02-02T02:08:59
13,c16,G,We need time near the end for polishing figures and slides.,2026-02-02T02:09:38
14,c16,D,Let’s pick one main question and avoid building extra features.,2026-02-02T02:10:24
15,c16,A,Let's i agree. Let’s pick one main question and avoid building extra features.,2026-02-02T02:11:46
16,c16,G,"If we finish the prototype early, we’ll have time to run the user study.",2026-02-02T02:12:22
17,c16,F,"Thanks, we need to keep the project focused so we can finish in time.",2026-02-02T02:12:57
18,c16,G,"If we overbuild, we’ll have less time for evaluation and writing.",2026-02-02T02:14:44
19,c16,F,"Could we, we should measure who gets retrieved compared to who actually contributed.",2026-02-02T02:16:27
20,c16,A,The best option is i'm not fully convinced yet. We also need a human study to see if summaries change perception.,2026-02-02T02:18:06
21,c16,A,I recommend let’s pick one main question and avoid building extra features.,2026-02-02T02:18:59
22,c16,A,"I recommend let’s set weekly milestones: data, prototype, analysis, study, writing.",2026-02-02T02:20:44
23,c16,A,I recommend we should decide what success looks like by the end of the semester.,2026-02-02T02:21:12
24,c16,A,The best option is we need time near the end for polishing figures and slides.,2026-02-02T02:21:56
25,c16,A,"I propose honestly, i agree. Let’s pick one main question and avoid building extra features.",2026-02-02T02:23:20
26,c16,G,I agree. We should assign owners for each part so work doesn’t overlap.,2026-02-02T02:24:09
27,c16,G,"Let’s set weekly milestones: data, prototype, analysis, study, writing.",2026-02-02T02:25:45
28,c16,E,Quick question: We need to keep the project focused so we can finish in time?,2026-02-02T02:27:16
29,c16,D,We should assign owners for each part so work doesn’t overlap.,2026-02-02T02:28:54
30,c16,A,"I propose in my view, let’s define a small set of standard questions to ask the system.",2026-02-02T02:29:24
31,c16,F,I agree. We should include robustness checks by changing retrieval settings. if you don't mind.,2026-02-02T02:30:22
32,c16,G,I agree. Let’s pick one main question and avoid building extra features.,2026-02-02T02:30:55
33,c16,E,Just to check: We should include robustness checks by changing retrieval settings?,2026-02-02T02:31:48
34,c16,D,We should measure who gets retrieved compared to who actually contributed.,2026-02-02T02:33:22
35,c16,D,We should include robustness checks by changing retrieval settings.,2026-02-02T02:35:04
36,c16,D,We should decide what success looks like by the end of the semester.,2026-02-02T02:36:25
37,c16,G,We need to keep the project focused so we can finish in time.,2026-02-02T02:37:26
38,c16,E,Small question: We should include robustness checks by changing retrieval settings?,2026-02-02T02:39:16
39,c16,D,We should measure who gets retrieved compared to who actually contributed.,2026-02-02T02:39:42
40,c16,F,"Could we, if we overbuild, we’ll have less time for evaluation and writing.",2026-02-02T02:41:20
41,c16,E,Quick question: We should assign owners for each part so work doesn’t overlap?,2026-02-02T02:42:18
42,c16,A,We should we also need a human study to see if summaries change perception.,2026-02-02T02:43:46
43,c16,F,"I agree. Let’s set weekly milestones: data, prototype, analysis, study, writing. if you don't mind.",2026-02-02T02:45:15
44,c16,D,We should measure who gets retrieved compared to who actually contributed.,2026-02-02T02:46:12
45,c16,A,"Let's honestly, let’s set weekly milestones: data, prototype, analysis, study, writing.",2026-02-02T02:46:59
46,c16,A,I propose we should assign owners for each part so work doesn’t overlap.,2026-02-02T02:48:04
47,c16,F,We should measure who gets retrieved compared to who actually contributed. if you don't mind.,2026-02-02T02:49:07
48,c16,F,"Could we, i'm not fully convinced yet. Let’s set weekly milestones: data, prototype, analysis, study, writing.",2026-02-02T02:50:08
49,c16,D,We should decide what success looks like by the end of the semester.,2026-02-02T02:51:40
50,c16,G,"If we finish the prototype early, we’ll have time to run the user study.",2026-02-02T02:52:51
51,c16,A,I propose let’s define a small set of standard questions to ask the system.,2026-02-02T02:53:24
52,c16,A,"We should i agree. If we overbuild, we’ll have less time for evaluation and writing.",2026-02-02T02:53:48
53,c16,E,"Small question: In my view, let’s set weekly milestones: data, prototype, analysis, study, writing?",2026-02-02T02:55:14
54,c16,E,Before we move on: We should include robustness checks by changing retrieval settings?,2026-02-02T02:55:35
55,c16,F,"Could we, we should decide what success looks like by the end of the semester.",2026-02-02T02:56:37
56,c16,F,We also need a human study to see if summaries change perception. would you be able to.,2026-02-02T02:57:02
57,c16,D,Let’s define a small set of standard questions to ask the system.,2026-02-02T02:58:35
58,c16,A,I recommend we need to keep the project focused so we can finish in time.,2026-02-02T03:00:08
59,c16,E,Can we clarify: We need time near the end for polishing figures and slides?,2026-02-02T03:01:51
60,c16,D,We should measure who gets retrieved compared to who actually contributed.,2026-02-02T03:03:05
61,c16,E,"Before we move on: I'm not fully convinced yet. Let’s set weekly milestones: data, prototype, analysis, study, writing?",2026-02-02T03:03:51
62,c16,D,We should decide what success looks like by the end of the semester.,2026-02-02T03:04:29
63,c16,G,We should decide what success looks like by the end of the semester.,2026-02-02T03:05:38
64,c16,F,"Appreciate it, i agree. Let’s pick one main question and avoid building extra features.",2026-02-02T03:06:01
65,c16,A,"We need to to be clear, we should decide what success looks like by the end of the semester.",2026-02-02T03:06:38
66,c16,G,I agree. We should assign owners for each part so work doesn’t overlap.,2026-02-02T03:08:11
67,c16,G,"Let’s set weekly milestones: data, prototype, analysis, study, writing.",2026-02-02T03:08:33
68,c16,G,Let’s pick one main question and avoid building extra features.,2026-02-02T03:09:29
69,c16,A,I recommend we also need a human study to see if summaries change perception.,2026-02-02T03:09:54
70,c16,E,Quick question: I agree. We should decide what success looks like by the end of the semester?,2026-02-02T03:10:15
71,c16,F,"Please, we should include robustness checks by changing retrieval settings.",2026-02-02T03:11:18
72,c16,F,We should decide what success looks like by the end of the semester. could we.,2026-02-02T03:12:25
73,c16,G,We should include robustness checks by changing retrieval settings.,2026-02-02T03:13:31
74,c16,G,Let’s define a small set of standard questions to ask the system.,2026-02-02T03:14:09
1,c17,E,Team: let's discuss class project planning and get aligned before we split tasks.,2026-02-02T03:00:00
2,c17,B,"Maybe, let’s decide how many conversations and messages we need for signal.",2026-02-02T03:01:22
3,c17,D,"If we finish the prototype early, we’ll have time to run the user study.",2026-02-02T03:02:10
4,c17,F,"Appreciate it, in my view, i agree. If we overbuild, we’ll have less time for evaluation and writing.",2026-02-02T03:02:31
5,c17,B,"It seems like, we need multi-speaker conversations where each person has a distinct style.",2026-02-02T03:02:52
6,c17,B,"I feel like, let’s pick one main question and avoid building extra features.",2026-02-02T03:03:46
7,c17,B,"Possibly, i'm not fully convinced yet. If we overbuild, we’ll have less time for evaluation and writing.",2026-02-02T03:05:34
8,c17,F,"If we overbuild, we’ll have less time for evaluation and writing. if you don't mind.",2026-02-02T03:06:43
9,c17,B,"I'm not sure but, we should measure who gets retrieved compared to who actually contributed.",2026-02-02T03:08:14
10,c17,G,Let’s decide how many conversations and messages we need for signal.,2026-02-02T03:10:01
11,c17,E,Quick question: We need multi-speaker conversations where each person has a distinct style?,2026-02-02T03:11:17
12,c17,E,Quick question: We should include robustness checks by changing retrieval settings?,2026-02-02T03:11:56
13,c17,F,"If you don't mind, i'm not fully convinced yet. We also need a human study to see if summaries change perception.",2026-02-02T03:12:28
14,c17,E,Quick question: I'm not fully convinced yet. We should store everything in a clean CSV with speaker IDs and timestamps?,2026-02-02T03:13:15
15,c17,F,"Could we, we should store everything in a clean CSV with speaker IDs and timestamps.",2026-02-02T03:14:00
16,c17,G,We should decide what success looks like by the end of the semester.,2026-02-02T03:15:41
17,c17,F,"Appreciate it, honestly, we should include robustness checks by changing retrieval settings.",2026-02-02T03:17:15
18,c17,E,"Small question: I'm not fully convinced yet. Let’s set weekly milestones: data, prototype, analysis, study, writing?",2026-02-02T03:18:19
19,c17,B,"I'm not sure but, i'm not fully convinced yet. Let’s define a small set of standard questions to ask the system.",2026-02-02T03:18:59
20,c17,D,I'm not fully convinced yet.,2026-02-02T03:20:32
21,c17,F,We should include robustness checks by changing retrieval settings. if you don't mind.,2026-02-02T03:21:13
22,c17,D,We should assign owners for each part so work doesn’t overlap.,2026-02-02T03:21:53
23,c17,E,Before we move on: We should decide what success looks like by the end of the semester?,2026-02-02T03:23:23
24,c17,F,"Appreciate it, let’s define a small set of standard questions to ask the system.",2026-02-02T03:24:47
25,c17,B,"I think, let’s set weekly milestones: data, prototype, analysis, study, writing.",2026-02-02T03:26:37
26,c17,B,"It seems like, we need to keep the project focused so we can finish in time.",2026-02-02T03:28:00
27,c17,D,"To be clear, we should measure who gets retrieved compared to who actually contributed.",2026-02-02T03:28:32
28,c17,B,"Possibly, i'm not fully convinced yet. Let’s decide how many conversations and messages we need for signal.",2026-02-02T03:30:03
29,c17,B,"Kind of, if we finish the prototype early, we’ll have time to run the user study.",2026-02-02T03:31:45
30,c17,E,Before we move on: We can simulate group chats so we control ground truth and avoid privacy issues?,2026-02-02T03:32:46
31,c17,E,Small question: We should assign owners for each part so work doesn’t overlap?,2026-02-02T03:33:16
32,c17,B,"I'm not sure but, i agree. Let’s decide how many conversations and messages we need for signal.",2026-02-02T03:34:01
33,c17,E,Before we move on: We need multi-speaker conversations where each person has a distinct style?,2026-02-02T03:34:47
34,c17,D,"Let’s set weekly milestones: data, prototype, analysis, study, writing.",2026-02-02T03:36:35
35,c17,F,We should measure who gets retrieved compared to who actually contributed. could we.,2026-02-02T03:37:00
36,c17,E,"Small question: If we finish the prototype early, we’ll have time to run the user study?",2026-02-02T03:37:48
37,c17,G,"If we finish the prototype early, we’ll have time to run the user study.",2026-02-02T03:38:33
38,c17,E,Quick question: Let’s pick one main question and avoid building extra features?,2026-02-02T03:39:14
39,c17,D,We should assign owners for each part so work doesn’t overlap.,2026-02-02T03:39:49
40,c17,E,Small question: Let’s define a small set of standard questions to ask the system?,2026-02-02T03:41:21
41,c17,B,"I feel like, let’s pick one main question and avoid building extra features.",2026-02-02T03:42:17
42,c17,F,Let’s pick one main question and avoid building extra features. if you don't mind.,2026-02-02T03:43:12
43,c17,E,Can we clarify: We need multi-speaker conversations where each person has a distinct style?,2026-02-02T03:43:46
44,c17,G,We should include robustness checks by changing retrieval settings.,2026-02-02T03:45:15
45,c17,E,"Small question: If we overbuild, we’ll have less time for evaluation and writing?",2026-02-02T03:46:43
46,c17,B,"Kind of, in my view, we should decide what success looks like by the end of the semester.",2026-02-02T03:47:33
47,c17,B,"Maybe, we should decide what success looks like by the end of the semester.",2026-02-02T03:49:09
48,c17,B,"Kind of, i'm not fully convinced yet. We should assign owners for each part so work doesn’t overlap.",2026-02-02T03:50:43
49,c17,F,"Let’s set weekly milestones: data, prototype, analysis, study, writing. please.",2026-02-02T03:52:14
50,c17,B,"I think, definitely, we can simulate group chats so we control ground truth and avoid privacy issues.",2026-02-02T03:53:52
51,c17,G,"For sure, if we overbuild, we’ll have less time for evaluation and writing.",2026-02-02T03:55:29
52,c17,E,Can we clarify: I agree. We need to keep the project focused so we can finish in time?,2026-02-02T03:55:55
53,c17,G,We also need a human study to see if summaries change perception.,2026-02-02T03:56:31
54,c17,G,We also need a human study to see if summaries change perception.,2026-02-02T03:57:35
55,c17,D,We can simulate group chats so we control ground truth and avoid privacy issues.,2026-02-02T03:59:13
56,c17,F,We should assign owners for each part so work doesn’t overlap. appreciate it.,2026-02-02T03:59:48
57,c17,E,"Just to check: If we overbuild, we’ll have less time for evaluation and writing?",2026-02-02T04:01:26
58,c17,F,"If we finish the prototype early, we’ll have time to run the user study. thanks.",2026-02-02T04:02:22
59,c17,G,We should decide what success looks like by the end of the semester.,2026-02-02T04:03:12
60,c17,G,We should assign owners for each part so work doesn’t overlap.,2026-02-02T04:04:15
61,c17,D,We also need a human study to see if summaries change perception.,2026-02-02T04:05:58
1,c18,E,Team: let's discuss choosing tools/stack and get aligned before we split tasks.,2026-02-02T04:00:00
2,c18,F,"Definitely, first we ingest chats, then index, then retrieve, then answer, then analyze logs. if you don't mind.",2026-02-02T04:01:12
3,c18,F,"If we keep the stack simple, we can focus on the analysis. if you don't mind.",2026-02-02T04:02:32
4,c18,E,"Can we clarify: To be clear, we can use a simple vector store and a basic retrieval QA chain?",2026-02-02T04:03:36
5,c18,B,"Maybe, a more complex system might look impressive but could be risky.",2026-02-02T04:05:16
6,c18,G,"If we keep it simple, we can run more experiments and comparisons.",2026-02-02T04:06:37
7,c18,G,I agree. We can use a simple vector store and a basic retrieval QA chain.,2026-02-02T04:07:00
8,c18,B,"I feel like, i'm not fully convinced yet. We should log every retrieval step so we can explain results.",2026-02-02T04:07:32
9,c18,D,Let’s make the pipeline reproducible with fixed seeds and configs.,2026-02-02T04:08:48
10,c18,D,I agree.,2026-02-02T04:09:38
11,c18,E,"Can we clarify: If we keep it simple, we can run more experiments and comparisons?",2026-02-02T04:11:21
12,c18,F,"If you don't mind, if we keep the stack simple, we can focus on the analysis.",2026-02-02T04:12:12
13,c18,F,We should trade engineering time for better study design and write-up. would you be able to.,2026-02-02T04:13:03
14,c18,B,"Kind of, if we keep it simple, we can run more experiments and comparisons.",2026-02-02T04:13:35
15,c18,F,We could compare two setups to see if results are robust. would you be able to.,2026-02-02T04:14:48
16,c18,E,"Before we move on: If we keep it simple, we can run more experiments and comparisons?",2026-02-02T04:15:51
17,c18,E,"Before we move on: If we keep it simple, we can run more experiments and comparisons?",2026-02-02T04:16:49
18,c18,G,"To be clear, a minimal system plus strong evaluation is probably the best strategy.",2026-02-02T04:18:21
19,c18,F,A minimal system plus strong evaluation is probably the best strategy. could we.,2026-02-02T04:19:25
20,c18,E,Before we move on: I agree. We should choose tools that are stable and easy to reproduce?,2026-02-02T04:20:14
21,c18,F,"First we ingest chats, then index, then retrieve, then answer, then analyze logs. would you be able to.",2026-02-02T04:20:35
22,c18,B,"It seems like, i agree. If we keep the stack simple, we can focus on the analysis.",2026-02-02T04:21:34
23,c18,E,"Just to check: In my view, if we keep the stack simple, we can focus on the analysis?",2026-02-02T04:23:10
24,c18,G,"For sure, we could compare two setups to see if results are robust.",2026-02-02T04:24:34
25,c18,G,A minimal system plus strong evaluation is probably the best strategy.,2026-02-02T04:25:18
26,c18,F,"Appreciate it, let’s make the pipeline reproducible with fixed seeds and configs.",2026-02-02T04:26:21
27,c18,G,A more complex system might look impressive but could be risky.,2026-02-02T04:27:24
28,c18,E,Quick question: We can use a simple vector store and a basic retrieval QA chain?,2026-02-02T04:28:39
29,c18,E,"Quick question: First we ingest chats, then index, then retrieve, then answer, then analyze logs?",2026-02-02T04:29:11
30,c18,F,"Thanks, first we ingest chats, then index, then retrieve, then answer, then analyze logs.",2026-02-02T04:30:15
31,c18,B,"I think, we should build a baseline before adding any improvements.",2026-02-02T04:30:42
32,c18,F,We should choose tools that are stable and easy to reproduce. could we.,2026-02-02T04:32:17
33,c18,G,I'm not fully convinced yet. We should choose tools that are stable and easy to reproduce.,2026-02-02T04:32:51
34,c18,G,"If we keep the stack simple, we can focus on the analysis.",2026-02-02T04:34:16
35,c18,G,We should log every retrieval step so we can explain results.,2026-02-02T04:35:52
36,c18,F,A minimal system plus strong evaluation is probably the best strategy. thanks.,2026-02-02T04:37:25
37,c18,E,Quick question: Let’s make the pipeline reproducible with fixed seeds and configs?,2026-02-02T04:38:50
38,c18,D,Let’s make the pipeline reproducible with fixed seeds and configs.,2026-02-02T04:40:32
39,c18,G,We should choose tools that are stable and easy to reproduce.,2026-02-02T04:41:17
40,c18,G,We should trade engineering time for better study design and write-up.,2026-02-02T04:42:11
41,c18,G,We could compare two setups to see if results are robust.,2026-02-02T04:43:06
42,c18,E,Just to check: We should trade engineering time for better study design and write-up?,2026-02-02T04:44:26
43,c18,D,"For sure, we should choose tools that are stable and easy to reproduce.",2026-02-02T04:46:03
44,c18,B,"Kind of, we should choose tools that are stable and easy to reproduce.",2026-02-02T04:46:45
45,c18,B,"I'm not sure but, let’s make the pipeline reproducible with fixed seeds and configs.",2026-02-02T04:48:03
46,c18,D,"If we keep it simple, we can run more experiments and comparisons.",2026-02-02T04:48:39
47,c18,E,Quick question: We should choose tools that are stable and easy to reproduce?,2026-02-02T04:49:24
48,c18,D,We should trade engineering time for better study design and write-up.,2026-02-02T04:50:52
49,c18,F,"Would you be able to, for sure, we can use a simple vector store and a basic retrieval QA chain.",2026-02-02T04:51:13
50,c18,D,A minimal system plus strong evaluation is probably the best strategy.,2026-02-02T04:52:40
51,c18,B,"Maybe, we could compare two setups to see if results are robust.",2026-02-02T04:54:20
52,c18,F,"Please, a minimal system plus strong evaluation is probably the best strategy.",2026-02-02T04:56:10
53,c18,B,"Kind of, in my view, we could compare two setups to see if results are robust.",2026-02-02T04:56:32
54,c18,E,Small question: We should trade engineering time for better study design and write-up?,2026-02-02T04:58:06
55,c18,D,A minimal system plus strong evaluation is probably the best strategy.,2026-02-02T04:58:56
1,c19,B,Team: let's discuss team meeting recap and get aligned before we split tasks.,2026-02-02T05:00:00
2,c19,G,I agree. We still need to decide the retrieval strategy and top-k value.,2026-02-02T05:00:59
3,c19,G,We still need to decide the retrieval strategy and top-k value.,2026-02-02T05:02:34
4,c19,A,"I propose action items: finalize data format, build indexing, and draft pitch.",2026-02-02T05:03:47
5,c19,G,Let’s assign owners and deadlines for each task.,2026-02-02T05:04:53
6,c19,A,"I propose for sure, we should create a shared doc with open questions and next steps.",2026-02-02T05:05:58
7,c19,B,"It seems like, should we analyze message-level retrieval or chunk messages into windows?",2026-02-02T05:07:40
8,c19,E,Quick question: Let’s assign owners and deadlines for each task?,2026-02-02T05:08:18
9,c19,G,"Action items: finalize data format, build indexing, and draft pitch.",2026-02-02T05:09:48
10,c19,B,"Kind of, i agree. Action items: finalize data format, build indexing, and draft pitch.",2026-02-02T05:10:40
11,c19,B,"Kind of, to be clear, let’s restate what we agreed on before we end the meeting.",2026-02-02T05:11:47
12,c19,G,How many participants do we need for a reasonable user study?,2026-02-02T05:13:17
13,c19,A,We should we should create a shared doc with open questions and next steps.,2026-02-02T05:14:54
14,c19,B,"I think, in my view, we should write down the final scope so everyone is aligned.",2026-02-02T05:15:25
15,c19,E,"Before we move on: Action items: finalize data format, build indexing, and draft pitch?",2026-02-02T05:15:45
16,c19,G,Let’s restate what we agreed on before we end the meeting.,2026-02-02T05:16:22
17,c19,A,"Let's we should capture the reasoning behind the decision, not just the outcome.",2026-02-02T05:17:11
18,c19,B,"Kind of, we should write down the final scope so everyone is aligned.",2026-02-02T05:18:50
19,c19,G,"We should capture the reasoning behind the decision, not just the outcome.",2026-02-02T05:19:49
20,c19,B,"Possibly, let’s assign owners and deadlines for each task.",2026-02-02T05:21:08
21,c19,G,"Action items: finalize data format, build indexing, and draft pitch.",2026-02-02T05:22:17
22,c19,A,I propose i agree. Can someone summarize today’s discussion in a few bullets?,2026-02-02T05:23:03
23,c19,A,The best option is the main decision is which project idea we commit to.,2026-02-02T05:23:31
24,c19,G,Let’s assign owners and deadlines for each task.,2026-02-02T05:25:02
25,c19,B,"Kind of, we should create a shared doc with open questions and next steps.",2026-02-02T05:25:41
26,c19,B,"Possibly, can someone summarize today’s discussion in a few bullets?",2026-02-02T05:26:07
27,c19,A,"We should in my view, let’s restate what we agreed on before we end the meeting.",2026-02-02T05:26:40
28,c19,D,"We should capture the reasoning behind the decision, not just the outcome.",2026-02-02T05:27:17
29,c19,E,Small question: We still need to decide the retrieval strategy and top-k value?,2026-02-02T05:28:56
30,c19,B,"It seems like, action items: finalize data format, build indexing, and draft pitch.",2026-02-02T05:29:56
31,c19,B,"It seems like, we should capture the reasoning behind the decision, not just the outcome.",2026-02-02T05:31:31
32,c19,B,"I feel like, can someone summarize today’s discussion in a few bullets?",2026-02-02T05:33:00
33,c19,A,I recommend i agree. Let’s assign owners and deadlines for each task.,2026-02-02T05:33:57
34,c19,E,Quick question: The main decision is which project idea we commit to?,2026-02-02T05:34:57
35,c19,B,"Maybe, let’s assign owners and deadlines for each task.",2026-02-02T05:35:50
36,c19,G,How many participants do we need for a reasonable user study?,2026-02-02T05:36:15
37,c19,G,Can someone summarize today’s discussion in a few bullets?,2026-02-02T05:36:53
38,c19,B,"I think, we still need to decide the retrieval strategy and top-k value.",2026-02-02T05:38:36
39,c19,G,How many participants do we need for a reasonable user study?,2026-02-02T05:39:33
40,c19,G,We should write down the final scope so everyone is aligned.,2026-02-02T05:41:06
41,c19,E,"Small question: Action items: finalize data format, build indexing, and draft pitch?",2026-02-02T05:42:37
42,c19,G,I'm not fully convinced yet. Let’s assign owners and deadlines for each task.,2026-02-02T05:44:16
43,c19,E,"Can we clarify: I'm not fully convinced yet. Action items: finalize data format, build indexing, and draft pitch?",2026-02-02T05:45:57
44,c19,G,I'm not fully convinced yet. We should create a shared doc with open questions and next steps.,2026-02-02T05:47:23
45,c19,E,Before we move on: I'm not fully convinced yet. We should write down the final scope so everyone is aligned?,2026-02-02T05:48:11
46,c19,B,"Possibly, honestly, the main decision is which project idea we commit to.",2026-02-02T05:48:37
47,c19,E,Small question: I'm not fully convinced yet. We should write down the final scope so everyone is aligned?,2026-02-02T05:49:51
48,c19,B,"It seems like, how do we define 'important' contributions in a fair way?",2026-02-02T05:50:45
49,c19,B,"Kind of, we should create a shared doc with open questions and next steps.",2026-02-02T05:51:11
50,c19,A,I recommend i agree. Let’s restate what we agreed on before we end the meeting.,2026-02-02T05:52:12
51,c19,D,"Action items: finalize data format, build indexing, and draft pitch.",2026-02-02T05:53:56
52,c19,B,"It seems like, i agree. We should capture the reasoning behind the decision, not just the outcome.",2026-02-02T05:54:39
53,c19,E,"Small question: Action items: finalize data format, build indexing, and draft pitch?",2026-02-02T05:55:16
54,c19,D,"Action items: finalize data format, build indexing, and draft pitch.",2026-02-02T05:57:06
55,c19,A,The best option is let’s restate what we agreed on before we end the meeting.,2026-02-02T05:57:30
1,c20,G,Team: let's discuss study design discussion and get aligned before we split tasks.,2026-02-02T06:00:00
2,c20,C,We can show participants a short system-generated summary and ask perception questions. We can validate it quickly with a small pilot before we scale it up.,2026-02-02T06:01:11
3,c20,F,"We should collect demographics lightly, if allowed, but keep it minimal. if you don't mind.",2026-02-02T06:01:38
4,c20,F,"If you don't mind, to be clear, i agree. Readers may think the most-retrieved speaker is the leader, even if they weren’t.",2026-02-02T06:03:03
5,c20,D,"If retrieval is skewed, summaries may systematically misrepresent the group.",2026-02-02T06:04:39
6,c20,F,"Could we, i'm not fully convinced yet. Readers may think the most-retrieved speaker is the leader, even if they weren’t.",2026-02-02T06:06:20
7,c20,C,I agree. We should randomize which conversation they see to avoid learning effects. We can validate it quickly with a small pilot before we scale it up.,2026-02-02T06:07:46
8,c20,F,We should track agreement across participants to see if the effect is consistent. could we.,2026-02-02T06:08:26
9,c20,F,"Please, i agree. We can keep it lightweight with a Google Form and short tasks.",2026-02-02T06:10:01
10,c20,F,"Please, we can keep it lightweight with a Google Form and short tasks.",2026-02-02T06:10:43
11,c20,C,"We should track agreement across participants to see if the effect is consistent. It might feel like extra work now, but it saves time during analysis.",2026-02-02T06:11:45
12,c20,F,"Would you be able to, i suspect verbose speakers will be retrieved more often just because they contain more keywords.",2026-02-02T06:12:31
13,c20,F,"Please, we should collect demographics lightly, if allowed, but keep it minimal.",2026-02-02T06:14:02
14,c20,B,"Possibly, hedging language might be retrieved less because it sounds less decisive.",2026-02-02T06:14:49
15,c20,G,"We should collect demographics lightly, if allowed, but keep it minimal.",2026-02-02T06:15:11
16,c20,C,I suspect verbose speakers will be retrieved more often just because they contain more keywords. That way we can separate system behavior from human perception effects.,2026-02-02T06:16:05
17,c20,G,"In my view, i agree. We should collect demographics lightly, if allowed, but keep it minimal.",2026-02-02T06:17:40
18,c20,F,We should track agreement across participants to see if the effect is consistent. would you be able to.,2026-02-02T06:18:11
19,c20,C,"We should compute style metrics: verbosity, hedging rate, assertiveness rate. It might feel like extra work now, but it saves time during analysis.",2026-02-02T06:19:34
20,c20,B,"I feel like, if retrieval is skewed, summaries may systematically misrepresent the group.",2026-02-02T06:19:54
21,c20,C,"In my view, we should collect demographics lightly, if allowed, but keep it minimal. We can validate it quickly with a small pilot before we scale it up.",2026-02-02T06:21:25
22,c20,F,"Definitely, i'm not fully convinced yet. For the user study, we can ask who seems most knowledgeable or influential. thanks.",2026-02-02T06:22:51
23,c20,G,I suspect verbose speakers will be retrieved more often just because they contain more keywords.,2026-02-02T06:23:22
24,c20,D,I'm not fully convinced yet.,2026-02-02T06:23:45
25,c20,B,"I'm not sure but, we can compute retrieval share per speaker and compare it to participation share.",2026-02-02T06:24:39
26,c20,G,I suspect verbose speakers will be retrieved more often just because they contain more keywords.,2026-02-02T06:25:00
27,c20,C,I suspect verbose speakers will be retrieved more often just because they contain more keywords. That way we can separate system behavior from human perception effects.,2026-02-02T06:26:12
28,c20,C,"I agree. If retrieval is skewed, summaries may systematically misrepresent the group. We can validate it quickly with a small pilot before we scale it up.",2026-02-02T06:26:47
29,c20,B,"I'm not sure but, we can keep it lightweight with a Google Form and short tasks.",2026-02-02T06:27:51
30,c20,C,"We should collect demographics lightly, if allowed, but keep it minimal. If we write this down as a checklist, we can avoid back-and-forth later.",2026-02-02T06:29:11
31,c20,F,"For sure, we should collect demographics lightly, if allowed, but keep it minimal. would you be able to.",2026-02-02T06:30:02
32,c20,C,We can keep it lightweight with a Google Form and short tasks. This also gives us something concrete to show in the proposal and final report.,2026-02-02T06:30:44
33,c20,F,"Appreciate it, i agree. We should randomize which conversation they see to avoid learning effects.",2026-02-02T06:31:37
34,c20,F,"Appreciate it, readers may think the most-retrieved speaker is the leader, even if they weren’t.",2026-02-02T06:33:26
35,c20,D,I'm not fully convinced yet.,2026-02-02T06:35:04
36,c20,G,"Honestly, we should compute style metrics: verbosity, hedging rate, assertiveness rate.",2026-02-02T06:36:36
37,c20,D,We should track agreement across participants to see if the effect is consistent.,2026-02-02T06:38:10
38,c20,B,"Kind of, i suspect verbose speakers will be retrieved more often just because they contain more keywords.",2026-02-02T06:38:50
39,c20,D,"For the user study, we can ask who seems most knowledgeable or influential.",2026-02-02T06:40:14
40,c20,G,"Readers may think the most-retrieved speaker is the leader, even if they weren’t.",2026-02-02T06:40:42
41,c20,D,We can show participants a short system-generated summary and ask perception questions.,2026-02-02T06:42:14
42,c20,C,"We should track agreement across participants to see if the effect is consistent. It might feel like extra work now, but it saves time during analysis.",2026-02-02T06:43:17
43,c20,G,"Definitely, if retrieval is skewed, summaries may systematically misrepresent the group.",2026-02-02T06:43:49
44,c20,F,"Appreciate it, for sure, for the user study, we can ask who seems most knowledgeable or influential.",2026-02-02T06:44:38
45,c20,G,"Readers may think the most-retrieved speaker is the leader, even if they weren’t.",2026-02-02T06:45:25
46,c20,B,"Possibly, we should collect demographics lightly, if allowed, but keep it minimal.",2026-02-02T06:46:12
47,c20,F,"If you don't mind, we can compute retrieval share per speaker and compare it to participation share.",2026-02-02T06:46:43
48,c20,G,"I agree. For the user study, we can ask who seems most knowledgeable or influential.",2026-02-02T06:48:15
49,c20,G,We can keep it lightweight with a Google Form and short tasks.,2026-02-02T06:49:15
50,c20,G,"If retrieval is skewed, summaries may systematically misrepresent the group.",2026-02-02T06:50:53
51,c20,G,I agree. We can compute retrieval share per speaker and compare it to participation share.,2026-02-02T06:52:33
52,c20,C,We should randomize which conversation they see to avoid learning effects. That way we can separate system behavior from human perception effects.,2026-02-02T06:54:02
53,c20,B,"I think, hedging language might be retrieved less because it sounds less decisive.",2026-02-02T06:55:02
54,c20,B,"I think, we should compute style metrics: verbosity, hedging rate, assertiveness rate.",2026-02-02T06:56:52
55,c20,D,"Readers may think the most-retrieved speaker is the leader, even if they weren’t.",2026-02-02T06:57:39
56,c20,C,"I suspect verbose speakers will be retrieved more often just because they contain more keywords. If we write this down as a checklist, we can avoid back-and-forth later.",2026-02-02T06:59:29
1,c21,D,Team: let's discuss study design discussion and get aligned before we split tasks.,2026-02-02T07:00:00
2,c21,C,"We should track agreement across participants to see if the effect is consistent. It might feel like extra work now, but it saves time during analysis.",2026-02-02T07:01:26
3,c21,D,"In my view, readers may think the most-retrieved speaker is the leader, even if they weren’t.",2026-02-02T07:03:06
4,c21,A,I recommend we can keep it lightweight with a Google Form and short tasks.,2026-02-02T07:04:49
5,c21,F,"Thanks, honestly, readers may think the most-retrieved speaker is the leader, even if they weren’t.",2026-02-02T07:06:23
6,c21,E,"Before we move on: For the user study, we can ask who seems most knowledgeable or influential?",2026-02-02T07:07:20
7,c21,C,Hedging language might be retrieved less because it sounds less decisive. We can validate it quickly with a small pilot before we scale it up.,2026-02-02T07:08:58
8,c21,E,"Just to check: In my view, for the user study, we can ask who seems most knowledgeable or influential?",2026-02-02T07:09:36
9,c21,D,"We should collect demographics lightly, if allowed, but keep it minimal.",2026-02-02T07:10:22
10,c21,C,"I'm not fully convinced yet. We should randomize which conversation they see to avoid learning effects. If we write this down as a checklist, we can avoid back-and-forth later.",2026-02-02T07:10:46
11,c21,E,"Just to check: Readers may think the most-retrieved speaker is the leader, even if they weren’t?",2026-02-02T07:11:12
12,c21,F,"Thanks, we can compute retrieval share per speaker and compare it to participation share.",2026-02-02T07:12:01
13,c21,C,"I agree. We should randomize which conversation they see to avoid learning effects. It might feel like extra work now, but it saves time during analysis.",2026-02-02T07:13:46
14,c21,E,"Before we move on: For the user study, we can ask who seems most knowledgeable or influential?",2026-02-02T07:15:04
15,c21,C,We can compute retrieval share per speaker and compare it to participation share. We can validate it quickly with a small pilot before we scale it up.,2026-02-02T07:15:33
16,c21,C,"I agree. We can keep it lightweight with a Google Form and short tasks. It might feel like extra work now, but it saves time during analysis.",2026-02-02T07:16:21
17,c21,C,"I'm not fully convinced yet. We should track agreement across participants to see if the effect is consistent. If we write this down as a checklist, we can avoid back-and-forth later.",2026-02-02T07:17:09
18,c21,D,"We should compute style metrics: verbosity, hedging rate, assertiveness rate.",2026-02-02T07:18:46
19,c21,D,I suspect verbose speakers will be retrieved more often just because they contain more keywords.,2026-02-02T07:19:32
20,c21,A,I recommend we should track agreement across participants to see if the effect is consistent.,2026-02-02T07:21:10
21,c21,C,"We can keep it lightweight with a Google Form and short tasks. If we write this down as a checklist, we can avoid back-and-forth later.",2026-02-02T07:22:24
22,c21,A,The best option is hedging language might be retrieved less because it sounds less decisive.,2026-02-02T07:22:50
23,c21,A,I recommend we can keep it lightweight with a Google Form and short tasks.,2026-02-02T07:23:17
24,c21,D,I suspect verbose speakers will be retrieved more often just because they contain more keywords.,2026-02-02T07:24:08
25,c21,E,Before we move on: I suspect verbose speakers will be retrieved more often just because they contain more keywords?,2026-02-02T07:24:46
26,c21,C,We can show participants a short system-generated summary and ask perception questions. That way we can separate system behavior from human perception effects.,2026-02-02T07:26:06
27,c21,A,Let's we can compute retrieval share per speaker and compare it to participation share.,2026-02-02T07:26:40
28,c21,C,"I'm not fully convinced yet. If retrieval is skewed, summaries may systematically misrepresent the group. We can validate it quickly with a small pilot before we scale it up.",2026-02-02T07:28:08
29,c21,E,Quick question: We can show participants a short system-generated summary and ask perception questions?,2026-02-02T07:29:29
30,c21,C,"We should track agreement across participants to see if the effect is consistent. It might feel like extra work now, but it saves time during analysis.",2026-02-02T07:30:33
31,c21,E,"Small question: I agree. For the user study, we can ask who seems most knowledgeable or influential?",2026-02-02T07:32:21
32,c21,C,"For the user study, we can ask who seems most knowledgeable or influential. This also gives us something concrete to show in the proposal and final report.",2026-02-02T07:33:37
33,c21,E,Can we clarify: We should randomize which conversation they see to avoid learning effects?,2026-02-02T07:34:09
34,c21,D,I agree.,2026-02-02T07:35:29
35,c21,C,"I agree. If retrieval is skewed, summaries may systematically misrepresent the group. We can validate it quickly with a small pilot before we scale it up.",2026-02-02T07:35:52
36,c21,C,"We should randomize which conversation they see to avoid learning effects. If we write this down as a checklist, we can avoid back-and-forth later.",2026-02-02T07:36:31
37,c21,F,"We should compute style metrics: verbosity, hedging rate, assertiveness rate. appreciate it.",2026-02-02T07:37:07
38,c21,C,"We should collect demographics lightly, if allowed, but keep it minimal. This also gives us something concrete to show in the proposal and final report.",2026-02-02T07:37:40
39,c21,A,"Let's definitely, for the user study, we can ask who seems most knowledgeable or influential.",2026-02-02T07:38:17
40,c21,A,"We need to honestly, i'm not fully convinced yet. Readers may think the most-retrieved speaker is the leader, even if they weren’t.",2026-02-02T07:39:21
41,c21,E,Just to check: We can show participants a short system-generated summary and ask perception questions?,2026-02-02T07:39:47
42,c21,F,"Would you be able to, readers may think the most-retrieved speaker is the leader, even if they weren’t.",2026-02-02T07:40:36
43,c21,C,"Honestly, we should randomize which conversation they see to avoid learning effects. It might feel like extra work now, but it saves time during analysis.",2026-02-02T07:41:02
44,c21,C,"We should compute style metrics: verbosity, hedging rate, assertiveness rate. If we write this down as a checklist, we can avoid back-and-forth later.",2026-02-02T07:41:50
45,c21,E,"Quick question: For the user study, we can ask who seems most knowledgeable or influential?",2026-02-02T07:43:23
46,c21,E,Just to check: I suspect verbose speakers will be retrieved more often just because they contain more keywords?,2026-02-02T07:44:40
47,c21,C,"We should collect demographics lightly, if allowed, but keep it minimal. We can validate it quickly with a small pilot before we scale it up.",2026-02-02T07:45:48
48,c21,F,We should track agreement across participants to see if the effect is consistent. thanks.,2026-02-02T07:46:23
49,c21,C,"For the user study, we can ask who seems most knowledgeable or influential. That way we can separate system behavior from human perception effects.",2026-02-02T07:47:42
50,c21,A,I recommend we should track agreement across participants to see if the effect is consistent.,2026-02-02T07:48:57
51,c21,A,"We need to i agree. For the user study, we can ask who seems most knowledgeable or influential.",2026-02-02T07:50:16
52,c21,A,"We should readers may think the most-retrieved speaker is the leader, even if they weren’t.",2026-02-02T07:51:28
53,c21,F,"If retrieval is skewed, summaries may systematically misrepresent the group. could we.",2026-02-02T07:53:01
54,c21,D,I'm not fully convinced yet.,2026-02-02T07:53:40
55,c21,E,"Small question: I'm not fully convinced yet. We should compute style metrics: verbosity, hedging rate, assertiveness rate?",2026-02-02T07:54:38
56,c21,E,"Just to check: Honestly, we can show participants a short system-generated summary and ask perception questions?",2026-02-02T07:55:26
57,c21,F,"Please, if retrieval is skewed, summaries may systematically misrepresent the group.",2026-02-02T07:56:36
58,c21,E,Quick question: We can keep it lightweight with a Google Form and short tasks?,2026-02-02T07:57:56
59,c21,F,I suspect verbose speakers will be retrieved more often just because they contain more keywords. please.,2026-02-02T07:58:53
60,c21,C,"If retrieval is skewed, summaries may systematically misrepresent the group. It might feel like extra work now, but it saves time during analysis.",2026-02-02T08:00:31
61,c21,F,We can compute retrieval share per speaker and compare it to participation share. could we.,2026-02-02T08:01:38
62,c21,F,"Please, hedging language might be retrieved less because it sounds less decisive.",2026-02-02T08:03:19
63,c21,E,"Quick question: Definitely, we should collect demographics lightly, if allowed, but keep it minimal?",2026-02-02T08:03:59
64,c21,A,"I recommend i agree. If retrieval is skewed, summaries may systematically misrepresent the group.",2026-02-02T08:04:44
1,c22,E,Team: let's discuss study design discussion and get aligned before we split tasks.,2026-02-02T08:00:00
2,c22,F,"Please, we should randomize which conversation they see to avoid learning effects.",2026-02-02T08:00:31
3,c22,F,"For the user study, we can ask who seems most knowledgeable or influential. appreciate it.",2026-02-02T08:01:38
4,c22,E,Quick question: We can keep it lightweight with a Google Form and short tasks?,2026-02-02T08:02:29
5,c22,C,We should track agreement across participants to see if the effect is consistent. This also gives us something concrete to show in the proposal and final report.,2026-02-02T08:03:28
6,c22,E,Small question: Hedging language might be retrieved less because it sounds less decisive?,2026-02-02T08:04:03
7,c22,D,"For the user study, we can ask who seems most knowledgeable or influential.",2026-02-02T08:05:20
8,c22,E,Before we move on: We should randomize which conversation they see to avoid learning effects?,2026-02-02T08:06:06
9,c22,G,"If retrieval is skewed, summaries may systematically misrepresent the group.",2026-02-02T08:07:25
10,c22,E,"Before we move on: For the user study, we can ask who seems most knowledgeable or influential?",2026-02-02T08:08:58
11,c22,C,"We can compute retrieval share per speaker and compare it to participation share. If we write this down as a checklist, we can avoid back-and-forth later.",2026-02-02T08:10:01
12,c22,C,Hedging language might be retrieved less because it sounds less decisive. This also gives us something concrete to show in the proposal and final report.,2026-02-02T08:10:46
13,c22,E,"Quick question: For the user study, we can ask who seems most knowledgeable or influential?",2026-02-02T08:12:22
14,c22,G,We can show participants a short system-generated summary and ask perception questions.,2026-02-02T08:13:22
15,c22,C,"We can show participants a short system-generated summary and ask perception questions. If we write this down as a checklist, we can avoid back-and-forth later.",2026-02-02T08:14:03
16,c22,C,We can show participants a short system-generated summary and ask perception questions. That way we can separate system behavior from human perception effects.,2026-02-02T08:14:39
17,c22,G,"If retrieval is skewed, summaries may systematically misrepresent the group.",2026-02-02T08:14:59
18,c22,G,We can show participants a short system-generated summary and ask perception questions.,2026-02-02T08:15:26
19,c22,E,"Just to check: We should compute style metrics: verbosity, hedging rate, assertiveness rate?",2026-02-02T08:16:58
20,c22,G,"We should collect demographics lightly, if allowed, but keep it minimal.",2026-02-02T08:17:31
21,c22,D,We can keep it lightweight with a Google Form and short tasks.,2026-02-02T08:19:12
22,c22,G,"If retrieval is skewed, summaries may systematically misrepresent the group.",2026-02-02T08:19:48
23,c22,G,I agree. We can show participants a short system-generated summary and ask perception questions.,2026-02-02T08:21:34
24,c22,E,Small question: I agree. I suspect verbose speakers will be retrieved more often just because they contain more keywords?,2026-02-02T08:23:16
25,c22,F,"Could we, we should randomize which conversation they see to avoid learning effects.",2026-02-02T08:23:43
26,c22,F,I agree. Hedging language might be retrieved less because it sounds less decisive. please.,2026-02-02T08:25:25
27,c22,C,I suspect verbose speakers will be retrieved more often just because they contain more keywords. This also gives us something concrete to show in the proposal and final report.,2026-02-02T08:26:24
28,c22,C,"We should collect demographics lightly, if allowed, but keep it minimal. It might feel like extra work now, but it saves time during analysis.",2026-02-02T08:26:49
29,c22,G,"Definitely, we can show participants a short system-generated summary and ask perception questions.",2026-02-02T08:27:27
30,c22,E,"Just to check: For sure, we can keep it lightweight with a Google Form and short tasks?",2026-02-02T08:28:59
31,c22,G,"If retrieval is skewed, summaries may systematically misrepresent the group.",2026-02-02T08:29:20
32,c22,G,We can show participants a short system-generated summary and ask perception questions.,2026-02-02T08:31:09
33,c22,E,Quick question: We can keep it lightweight with a Google Form and short tasks?,2026-02-02T08:32:33
34,c22,G,"We should compute style metrics: verbosity, hedging rate, assertiveness rate.",2026-02-02T08:34:05
35,c22,C,We can compute retrieval share per speaker and compare it to participation share. That way we can separate system behavior from human perception effects.,2026-02-02T08:35:20
36,c22,E,"Small question: We should compute style metrics: verbosity, hedging rate, assertiveness rate?",2026-02-02T08:36:52
37,c22,D,"For sure, for the user study, we can ask who seems most knowledgeable or influential.",2026-02-02T08:37:12
38,c22,C,Hedging language might be retrieved less because it sounds less decisive. That way we can separate system behavior from human perception effects.,2026-02-02T08:38:23
39,c22,D,Hedging language might be retrieved less because it sounds less decisive.,2026-02-02T08:39:02
40,c22,G,"I'm not fully convinced yet. For the user study, we can ask who seems most knowledgeable or influential.",2026-02-02T08:39:50
41,c22,G,"For the user study, we can ask who seems most knowledgeable or influential.",2026-02-02T08:41:23
42,c22,D,Hedging language might be retrieved less because it sounds less decisive.,2026-02-02T08:42:02
43,c22,E,Just to check: I suspect verbose speakers will be retrieved more often just because they contain more keywords?,2026-02-02T08:42:52
44,c22,E,Can we clarify: We can compute retrieval share per speaker and compare it to participation share?,2026-02-02T08:44:29
45,c22,E,"Can we clarify: We should compute style metrics: verbosity, hedging rate, assertiveness rate?",2026-02-02T08:45:35
46,c22,E,"Just to check: If retrieval is skewed, summaries may systematically misrepresent the group?",2026-02-02T08:45:55
47,c22,F,"If you don't mind, for the user study, we can ask who seems most knowledgeable or influential.",2026-02-02T08:47:04
48,c22,D,We can keep it lightweight with a Google Form and short tasks.,2026-02-02T08:48:23
49,c22,C,"We should collect demographics lightly, if allowed, but keep it minimal. This also gives us something concrete to show in the proposal and final report.",2026-02-02T08:48:48
50,c22,C,"We should randomize which conversation they see to avoid learning effects. It might feel like extra work now, but it saves time during analysis.",2026-02-02T08:49:24
51,c22,C,"Readers may think the most-retrieved speaker is the leader, even if they weren’t. We can validate it quickly with a small pilot before we scale it up.",2026-02-02T08:50:23
52,c22,C,"I'm not fully convinced yet. We can compute retrieval share per speaker and compare it to participation share. It might feel like extra work now, but it saves time during analysis.",2026-02-02T08:51:59
53,c22,E,Just to check: We can compute retrieval share per speaker and compare it to participation share?,2026-02-02T08:52:23
54,c22,F,"Please, for sure, if retrieval is skewed, summaries may systematically misrepresent the group.",2026-02-02T08:54:10
55,c22,C,"I'm not fully convinced yet. We should compute style metrics: verbosity, hedging rate, assertiveness rate. If we write this down as a checklist, we can avoid back-and-forth later.",2026-02-02T08:55:51
56,c22,E,"Quick question: We should compute style metrics: verbosity, hedging rate, assertiveness rate?",2026-02-02T08:56:43
57,c22,G,"We should compute style metrics: verbosity, hedging rate, assertiveness rate.",2026-02-02T08:58:18
58,c22,G,"Definitely, i agree. I suspect verbose speakers will be retrieved more often just because they contain more keywords.",2026-02-02T08:59:13
1,c23,B,Team: let's discuss study design discussion and get aligned before we split tasks.,2026-02-02T09:00:00
2,c23,A,"Let's we should compute style metrics: verbosity, hedging rate, assertiveness rate.",2026-02-02T09:01:14
3,c23,D,Hedging language might be retrieved less because it sounds less decisive.,2026-02-02T09:02:17
4,c23,D,"In my view, i suspect verbose speakers will be retrieved more often just because they contain more keywords.",2026-02-02T09:03:08
5,c23,A,We should we can keep it lightweight with a Google Form and short tasks.,2026-02-02T09:03:42
6,c23,A,"We need to for sure, i'm not fully convinced yet. We should track agreement across participants to see if the effect is consistent.",2026-02-02T09:05:04
7,c23,F,I agree. We can keep it lightweight with a Google Form and short tasks. could we.,2026-02-02T09:05:53
8,c23,C,We should track agreement across participants to see if the effect is consistent. We can validate it quickly with a small pilot before we scale it up.,2026-02-02T09:07:16
9,c23,C,I suspect verbose speakers will be retrieved more often just because they contain more keywords. We can validate it quickly with a small pilot before we scale it up.,2026-02-02T09:08:06
10,c23,F,"If you don't mind, if retrieval is skewed, summaries may systematically misrepresent the group.",2026-02-02T09:09:38
11,c23,B,"I think, i'm not fully convinced yet. We can compute retrieval share per speaker and compare it to participation share.",2026-02-02T09:10:04
12,c23,F,"Thanks, we should compute style metrics: verbosity, hedging rate, assertiveness rate.",2026-02-02T09:11:06
13,c23,C,"I agree. We should compute style metrics: verbosity, hedging rate, assertiveness rate. It might feel like extra work now, but it saves time during analysis.",2026-02-02T09:11:38
14,c23,C,"We can compute retrieval share per speaker and compare it to participation share. It might feel like extra work now, but it saves time during analysis.",2026-02-02T09:12:35
15,c23,C,"We should collect demographics lightly, if allowed, but keep it minimal. It might feel like extra work now, but it saves time during analysis.",2026-02-02T09:13:27
16,c23,B,"I feel like, we can keep it lightweight with a Google Form and short tasks.",2026-02-02T09:14:45
17,c23,B,"I feel like, we should track agreement across participants to see if the effect is consistent.",2026-02-02T09:15:41
18,c23,C,We should track agreement across participants to see if the effect is consistent. This also gives us something concrete to show in the proposal and final report.,2026-02-02T09:16:52
19,c23,A,"We should if retrieval is skewed, summaries may systematically misrepresent the group.",2026-02-02T09:18:16
20,c23,B,"Maybe, we can compute retrieval share per speaker and compare it to participation share.",2026-02-02T09:19:29
21,c23,F,"Please, we should track agreement across participants to see if the effect is consistent.",2026-02-02T09:20:26
22,c23,A,We should i suspect verbose speakers will be retrieved more often just because they contain more keywords.,2026-02-02T09:21:48
23,c23,B,"Maybe, if retrieval is skewed, summaries may systematically misrepresent the group.",2026-02-02T09:22:24
24,c23,B,"I'm not sure but, we can keep it lightweight with a Google Form and short tasks.",2026-02-02T09:23:23
25,c23,C,"In my view, i'm not fully convinced yet. We can keep it lightweight with a Google Form and short tasks. If we write this down as a checklist, we can avoid back-and-forth later.",2026-02-02T09:25:04
26,c23,B,"I feel like, hedging language might be retrieved less because it sounds less decisive.",2026-02-02T09:26:53
27,c23,C,"Readers may think the most-retrieved speaker is the leader, even if they weren’t. If we write this down as a checklist, we can avoid back-and-forth later.",2026-02-02T09:27:23
28,c23,F,"Would you be able to, we should compute style metrics: verbosity, hedging rate, assertiveness rate.",2026-02-02T09:28:13
29,c23,A,Let's i suspect verbose speakers will be retrieved more often just because they contain more keywords.,2026-02-02T09:30:02
30,c23,F,"Honestly, we should compute style metrics: verbosity, hedging rate, assertiveness rate. appreciate it.",2026-02-02T09:30:42
31,c23,A,"We should we should compute style metrics: verbosity, hedging rate, assertiveness rate.",2026-02-02T09:31:08
32,c23,C,"I'm not fully convinced yet. For the user study, we can ask who seems most knowledgeable or influential. That way we can separate system behavior from human perception effects.",2026-02-02T09:32:49
33,c23,A,We need to i suspect verbose speakers will be retrieved more often just because they contain more keywords.,2026-02-02T09:34:31
34,c23,F,"Thanks, we should randomize which conversation they see to avoid learning effects.",2026-02-02T09:34:51
35,c23,F,"Would you be able to, we should track agreement across participants to see if the effect is consistent.",2026-02-02T09:36:32
36,c23,A,"We need to if retrieval is skewed, summaries may systematically misrepresent the group.",2026-02-02T09:37:46
37,c23,C,"Hedging language might be retrieved less because it sounds less decisive. It might feel like extra work now, but it saves time during analysis.",2026-02-02T09:38:15
38,c23,A,"The best option is readers may think the most-retrieved speaker is the leader, even if they weren’t.",2026-02-02T09:39:23
39,c23,B,"It seems like, hedging language might be retrieved less because it sounds less decisive.",2026-02-02T09:41:07
40,c23,F,"Thanks, i agree. We can keep it lightweight with a Google Form and short tasks.",2026-02-02T09:42:04
41,c23,A,I recommend i suspect verbose speakers will be retrieved more often just because they contain more keywords.,2026-02-02T09:42:24
42,c23,C,"We can keep it lightweight with a Google Form and short tasks. If we write this down as a checklist, we can avoid back-and-forth later.",2026-02-02T09:44:09
43,c23,D,I agree.,2026-02-02T09:45:19
44,c23,F,I suspect verbose speakers will be retrieved more often just because they contain more keywords. appreciate it.,2026-02-02T09:46:36
45,c23,B,"It seems like, we should collect demographics lightly, if allowed, but keep it minimal.",2026-02-02T09:47:07
46,c23,B,"Maybe, we can show participants a short system-generated summary and ask perception questions.",2026-02-02T09:48:02
47,c23,A,We should we can keep it lightweight with a Google Form and short tasks.,2026-02-02T09:49:47
48,c23,F,"Thanks, hedging language might be retrieved less because it sounds less decisive.",2026-02-02T09:51:08
49,c23,A,"I recommend definitely, for the user study, we can ask who seems most knowledgeable or influential.",2026-02-02T09:52:17
50,c23,A,"We need to honestly, i agree. We should compute style metrics: verbosity, hedging rate, assertiveness rate.",2026-02-02T09:53:09
51,c23,C,"I agree. Hedging language might be retrieved less because it sounds less decisive. It might feel like extra work now, but it saves time during analysis.",2026-02-02T09:54:44
52,c23,A,We should i agree. We should randomize which conversation they see to avoid learning effects.,2026-02-02T09:55:40
53,c23,A,"Let's for sure, we should compute style metrics: verbosity, hedging rate, assertiveness rate.",2026-02-02T09:57:21
54,c23,A,We should i suspect verbose speakers will be retrieved more often just because they contain more keywords.,2026-02-02T09:58:54
55,c23,B,"It seems like, we should collect demographics lightly, if allowed, but keep it minimal.",2026-02-02T10:00:05
56,c23,F,"Would you be able to, i suspect verbose speakers will be retrieved more often just because they contain more keywords.",2026-02-02T10:01:33
57,c23,A,Let's we should track agreement across participants to see if the effect is consistent.,2026-02-02T10:03:01
58,c23,C,"We should randomize which conversation they see to avoid learning effects. It might feel like extra work now, but it saves time during analysis.",2026-02-02T10:03:47
59,c23,A,"The best option is if retrieval is skewed, summaries may systematically misrepresent the group.",2026-02-02T10:05:20
60,c23,F,"If retrieval is skewed, summaries may systematically misrepresent the group. would you be able to.",2026-02-02T10:06:44
1,c24,E,Team: let's discuss choosing tools/stack and get aligned before we split tasks.,2026-02-02T10:00:00
2,c24,C,We should build a baseline before adding any improvements. We can validate it quickly with a small pilot before we scale it up.,2026-02-02T10:01:17
3,c24,E,Just to check: We should log every retrieval step so we can explain results?,2026-02-02T10:02:00
4,c24,E,"Just to check: First we ingest chats, then index, then retrieve, then answer, then analyze logs?",2026-02-02T10:03:05
5,c24,F,"Thanks, we can use a simple vector store and a basic retrieval QA chain.",2026-02-02T10:03:40
6,c24,A,"I propose first we ingest chats, then index, then retrieve, then answer, then analyze logs.",2026-02-02T10:05:07
7,c24,F,"Could we, a more complex system might look impressive but could be risky.",2026-02-02T10:05:41
8,c24,A,I recommend we should trade engineering time for better study design and write-up.,2026-02-02T10:06:37
9,c24,E,Quick question: We should trade engineering time for better study design and write-up?,2026-02-02T10:08:03
10,c24,F,"Appreciate it, we should log every retrieval step so we can explain results.",2026-02-02T10:09:07
11,c24,F,A minimal system plus strong evaluation is probably the best strategy. would you be able to.,2026-02-02T10:09:30
12,c24,B,"I think, a minimal system plus strong evaluation is probably the best strategy.",2026-02-02T10:10:50
13,c24,C,"We should log every retrieval step so we can explain results. It might feel like extra work now, but it saves time during analysis.",2026-02-02T10:11:20
14,c24,F,A minimal system plus strong evaluation is probably the best strategy. if you don't mind.,2026-02-02T10:12:05
15,c24,E,Quick question: I agree. A more complex system might look impressive but could be risky?,2026-02-02T10:13:07
16,c24,E,Small question: We should trade engineering time for better study design and write-up?,2026-02-02T10:14:37
17,c24,E,"Before we move on: I'm not fully convinced yet. If we keep it simple, we can run more experiments and comparisons?",2026-02-02T10:15:21
18,c24,C,"I agree. If we keep the stack simple, we can focus on the analysis. This also gives us something concrete to show in the proposal and final report.",2026-02-02T10:16:46
19,c24,C,"If we keep the stack simple, we can focus on the analysis. If we write this down as a checklist, we can avoid back-and-forth later.",2026-02-02T10:18:23
20,c24,B,"I'm not sure but, i'm not fully convinced yet. We should trade engineering time for better study design and write-up.",2026-02-02T10:19:20
21,c24,F,"If we keep it simple, we can run more experiments and comparisons. would you be able to.",2026-02-02T10:19:59
22,c24,F,"If you don't mind, we can use a simple vector store and a basic retrieval QA chain.",2026-02-02T10:20:47
23,c24,E,Quick question: We could compare two setups to see if results are robust?,2026-02-02T10:21:44
24,c24,E,"Before we move on: If we keep the stack simple, we can focus on the analysis?",2026-02-02T10:22:06
25,c24,F,"Thanks, i'm not fully convinced yet. A more complex system might look impressive but could be risky.",2026-02-02T10:23:31
26,c24,E,Can we clarify: Let’s make the pipeline reproducible with fixed seeds and configs?,2026-02-02T10:24:53
27,c24,B,"Possibly, if we keep it simple, we can run more experiments and comparisons.",2026-02-02T10:26:43
28,c24,F,"Honestly, i agree. We could compare two setups to see if results are robust. thanks.",2026-02-02T10:27:44
29,c24,E,"Quick question: To be clear, we should log every retrieval step so we can explain results?",2026-02-02T10:28:39
30,c24,F,"Appreciate it, a minimal system plus strong evaluation is probably the best strategy.",2026-02-02T10:29:01
31,c24,F,I agree. We should trade engineering time for better study design and write-up. thanks.,2026-02-02T10:30:21
32,c24,F,"Would you be able to, we should trade engineering time for better study design and write-up.",2026-02-02T10:32:10
33,c24,C,I'm not fully convinced yet. We can use a simple vector store and a basic retrieval QA chain. We can validate it quickly with a small pilot before we scale it up.,2026-02-02T10:33:43
34,c24,C,"Let’s make the pipeline reproducible with fixed seeds and configs. If we write this down as a checklist, we can avoid back-and-forth later.",2026-02-02T10:34:27
35,c24,C,We should build a baseline before adding any improvements. That way we can separate system behavior from human perception effects.,2026-02-02T10:35:27
36,c24,B,"Possibly, we should trade engineering time for better study design and write-up.",2026-02-02T10:36:49
37,c24,E,Small question: Let’s make the pipeline reproducible with fixed seeds and configs?,2026-02-02T10:37:32
38,c24,C,Let’s make the pipeline reproducible with fixed seeds and configs. That way we can separate system behavior from human perception effects.,2026-02-02T10:37:54
39,c24,B,"I think, we should trade engineering time for better study design and write-up.",2026-02-02T10:39:30
40,c24,A,We need to a minimal system plus strong evaluation is probably the best strategy.,2026-02-02T10:40:55
41,c24,C,"We should build a baseline before adding any improvements. It might feel like extra work now, but it saves time during analysis.",2026-02-02T10:41:50
42,c24,A,"We should if we keep it simple, we can run more experiments and comparisons.",2026-02-02T10:42:59
43,c24,E,Quick question: I agree. We should trade engineering time for better study design and write-up?,2026-02-02T10:43:48
44,c24,B,"I feel like, honestly, a more complex system might look impressive but could be risky.",2026-02-02T10:44:58
45,c24,C,"We should choose tools that are stable and easy to reproduce. If we write this down as a checklist, we can avoid back-and-forth later.",2026-02-02T10:45:22
46,c24,C,"We should trade engineering time for better study design and write-up. It might feel like extra work now, but it saves time during analysis.",2026-02-02T10:47:10
47,c24,B,"It seems like, if we keep it simple, we can run more experiments and comparisons.",2026-02-02T10:48:52
48,c24,B,"Maybe, first we ingest chats, then index, then retrieve, then answer, then analyze logs.",2026-02-02T10:50:09
49,c24,A,We need to i'm not fully convinced yet. We should build a baseline before adding any improvements.,2026-02-02T10:50:36
50,c24,F,"If we keep the stack simple, we can focus on the analysis. if you don't mind.",2026-02-02T10:52:15
51,c24,A,"We should if we keep the stack simple, we can focus on the analysis.",2026-02-02T10:52:37
52,c24,C,A more complex system might look impressive but could be risky. We can validate it quickly with a small pilot before we scale it up.,2026-02-02T10:54:20
53,c24,E,Can we clarify: We can use a simple vector store and a basic retrieval QA chain?,2026-02-02T10:55:30
54,c24,B,"Possibly, we should build a baseline before adding any improvements.",2026-02-02T10:57:11
55,c24,E,"Small question: I'm not fully convinced yet. First we ingest chats, then index, then retrieve, then answer, then analyze logs?",2026-02-02T10:58:22
56,c24,E,"Quick question: To be clear, we should log every retrieval step so we can explain results?",2026-02-02T11:00:02
57,c24,C,"First we ingest chats, then index, then retrieve, then answer, then analyze logs. That way we can separate system behavior from human perception effects.",2026-02-02T11:01:32
58,c24,F,"Could we, let’s make the pipeline reproducible with fixed seeds and configs.",2026-02-02T11:02:30
59,c24,A,I propose we should trade engineering time for better study design and write-up.,2026-02-02T11:03:13
60,c24,F,"Would you be able to, i agree. We should log every retrieval step so we can explain results.",2026-02-02T11:04:19
61,c24,C,"First we ingest chats, then index, then retrieve, then answer, then analyze logs. This also gives us something concrete to show in the proposal and final report.",2026-02-02T11:05:05
62,c24,F,"Could we, we should choose tools that are stable and easy to reproduce.",2026-02-02T11:06:46
63,c24,E,Just to check: We should trade engineering time for better study design and write-up?,2026-02-02T11:07:33
64,c24,B,"I think, we should trade engineering time for better study design and write-up.",2026-02-02T11:09:13
1,c25,E,Team: let's discuss class project planning and get aligned before we split tasks.,2026-02-02T11:00:00
2,c25,C,"If we finish the prototype early, we’ll have time to run the user study. This also gives us something concrete to show in the proposal and final report.",2026-02-02T11:01:03
3,c25,F,We should decide what success looks like by the end of the semester. thanks.,2026-02-02T11:01:48
4,c25,C,We need multi-speaker conversations where each person has a distinct style. That way we can separate system behavior from human perception effects.,2026-02-02T11:03:14
5,c25,E,Can we clarify: Let’s decide how many conversations and messages we need for signal?,2026-02-02T11:04:33
6,c25,C,"Let’s set weekly milestones: data, prototype, analysis, study, writing. That way we can separate system behavior from human perception effects.",2026-02-02T11:05:30
7,c25,C,We should store everything in a clean CSV with speaker IDs and timestamps. This also gives us something concrete to show in the proposal and final report.,2026-02-02T11:05:56
8,c25,E,"Can we clarify: To be clear, we need multi-speaker conversations where each person has a distinct style?",2026-02-02T11:06:39
9,c25,E,Quick question: We should assign owners for each part so work doesn’t overlap?,2026-02-02T11:08:02
10,c25,C,"If we overbuild, we’ll have less time for evaluation and writing. If we write this down as a checklist, we can avoid back-and-forth later.",2026-02-02T11:08:44
11,c25,F,"If you don't mind, we need multi-speaker conversations where each person has a distinct style.",2026-02-02T11:09:54
12,c25,G,"I agree. Let’s set weekly milestones: data, prototype, analysis, study, writing.",2026-02-02T11:11:37
13,c25,F,We can simulate group chats so we control ground truth and avoid privacy issues. if you don't mind.,2026-02-02T11:12:28
14,c25,G,I'm not fully convinced yet. Let’s decide how many conversations and messages we need for signal.,2026-02-02T11:13:58
15,c25,C,We need to keep the project focused so we can finish in time. We can validate it quickly with a small pilot before we scale it up.,2026-02-02T11:15:33
16,c25,D,We can simulate group chats so we control ground truth and avoid privacy issues.,2026-02-02T11:16:48
17,c25,E,"Small question: In my view, we can simulate group chats so we control ground truth and avoid privacy issues?",2026-02-02T11:17:36
18,c25,F,"If you don't mind, i'm not fully convinced yet. We need to keep the project focused so we can finish in time.",2026-02-02T11:18:36
19,c25,C,"If we overbuild, we’ll have less time for evaluation and writing. We can validate it quickly with a small pilot before we scale it up.",2026-02-02T11:20:07
20,c25,C,We should assign owners for each part so work doesn’t overlap. We can validate it quickly with a small pilot before we scale it up.,2026-02-02T11:21:51
21,c25,C,We should assign owners for each part so work doesn’t overlap. That way we can separate system behavior from human perception effects.,2026-02-02T11:23:28
22,c25,E,Before we move on: I'm not fully convinced yet. Let’s decide how many conversations and messages we need for signal?,2026-02-02T11:24:00
23,c25,E,"Small question: In my view, i agree. We can simulate group chats so we control ground truth and avoid privacy issues?",2026-02-02T11:24:59
24,c25,F,We should decide what success looks like by the end of the semester. would you be able to.,2026-02-02T11:26:27
25,c25,D,We should decide what success looks like by the end of the semester.,2026-02-02T11:26:49
26,c25,F,"Would you be able to, we should decide what success looks like by the end of the semester.",2026-02-02T11:27:56
27,c25,D,"If we finish the prototype early, we’ll have time to run the user study.",2026-02-02T11:28:52
28,c25,C,We should decide what success looks like by the end of the semester. We can validate it quickly with a small pilot before we scale it up.,2026-02-02T11:29:59
29,c25,F,"Would you be able to, let’s set weekly milestones: data, prototype, analysis, study, writing.",2026-02-02T11:31:10
30,c25,D,Let’s decide how many conversations and messages we need for signal.,2026-02-02T11:31:52
31,c25,F,We need to keep the project focused so we can finish in time. thanks.,2026-02-02T11:32:59
32,c25,E,Can we clarify: I'm not fully convinced yet. Let’s pick one main question and avoid building extra features?,2026-02-02T11:34:33
33,c25,G,I'm not fully convinced yet. Let’s decide how many conversations and messages we need for signal.,2026-02-02T11:35:46
34,c25,C,We should decide what success looks like by the end of the semester. We can validate it quickly with a small pilot before we scale it up.,2026-02-02T11:36:27
35,c25,D,"For sure, if we overbuild, we’ll have less time for evaluation and writing.",2026-02-02T11:37:21
36,c25,C,We should decide what success looks like by the end of the semester. We can validate it quickly with a small pilot before we scale it up.,2026-02-02T11:38:29
37,c25,E,"Quick question: If we overbuild, we’ll have less time for evaluation and writing?",2026-02-02T11:40:13
38,c25,C,We need to keep the project focused so we can finish in time. That way we can separate system behavior from human perception effects.,2026-02-02T11:41:53
39,c25,D,We need time near the end for polishing figures and slides.,2026-02-02T11:42:32
40,c25,C,We can simulate group chats so we control ground truth and avoid privacy issues. This also gives us something concrete to show in the proposal and final report.,2026-02-02T11:43:52
41,c25,G,Let’s decide how many conversations and messages we need for signal.,2026-02-02T11:44:58
42,c25,E,Small question: We should decide what success looks like by the end of the semester?,2026-02-02T11:45:21
43,c25,E,"Small question: In my view, we can simulate group chats so we control ground truth and avoid privacy issues?",2026-02-02T11:46:06
44,c25,C,"We need multi-speaker conversations where each person has a distinct style. If we write this down as a checklist, we can avoid back-and-forth later.",2026-02-02T11:47:29
45,c25,C,"If we overbuild, we’ll have less time for evaluation and writing. We can validate it quickly with a small pilot before we scale it up.",2026-02-02T11:47:51
46,c25,F,"If you don't mind, we need to keep the project focused so we can finish in time.",2026-02-02T11:49:00
47,c25,D,"Honestly, we should decide what success looks like by the end of the semester.",2026-02-02T11:49:53
48,c25,E,"Can we clarify: In my view, i agree. If we finish the prototype early, we’ll have time to run the user study?",2026-02-02T11:51:11
49,c25,F,"If we finish the prototype early, we’ll have time to run the user study. would you be able to.",2026-02-02T11:52:36
50,c25,E,"Small question: If we overbuild, we’ll have less time for evaluation and writing?",2026-02-02T11:53:25
51,c25,G,"Let’s set weekly milestones: data, prototype, analysis, study, writing.",2026-02-02T11:54:26
52,c25,G,I'm not fully convinced yet. We should store everything in a clean CSV with speaker IDs and timestamps.,2026-02-02T11:55:12
53,c25,E,"Can we clarify: I agree. If we finish the prototype early, we’ll have time to run the user study?",2026-02-02T11:55:59
54,c25,E,"Just to check: Honestly, i agree. We should store everything in a clean CSV with speaker IDs and timestamps?",2026-02-02T11:56:33
55,c25,E,Just to check: I'm not fully convinced yet. Let’s pick one main question and avoid building extra features?,2026-02-02T11:56:58
56,c25,C,I'm not fully convinced yet. We need to keep the project focused so we can finish in time. We can validate it quickly with a small pilot before we scale it up.,2026-02-02T11:57:49
57,c25,C,"Let’s set weekly milestones: data, prototype, analysis, study, writing. We can validate it quickly with a small pilot before we scale it up.",2026-02-02T11:59:27
58,c25,F,"Could we, let’s set weekly milestones: data, prototype, analysis, study, writing.",2026-02-02T12:00:20
59,c25,D,We need to keep the project focused so we can finish in time.,2026-02-02T12:00:46
60,c25,F,"Thanks, we can simulate group chats so we control ground truth and avoid privacy issues.",2026-02-02T12:02:35
61,c25,C,"We should decide what success looks like by the end of the semester. It might feel like extra work now, but it saves time during analysis.",2026-02-02T12:03:42
62,c25,E,"Small question: I agree. If we finish the prototype early, we’ll have time to run the user study?",2026-02-02T12:05:10
63,c25,D,"Honestly, we can simulate group chats so we control ground truth and avoid privacy issues.",2026-02-02T12:06:12
64,c25,C,We should store everything in a clean CSV with speaker IDs and timestamps. We can validate it quickly with a small pilot before we scale it up.,2026-02-02T12:07:57
65,c25,E,Can we clarify: We should assign owners for each part so work doesn’t overlap?,2026-02-02T12:09:30
66,c25,F,"Please, if we finish the prototype early, we’ll have time to run the user study.",2026-02-02T12:10:28
67,c25,G,"I agree. If we finish the prototype early, we’ll have time to run the user study.",2026-02-02T12:11:16
