message_uid,msg_id,conv_id,speaker,message,timestamp,message_length_chars,message_length_words,num_sentences,avg_word_length,words_per_sentence,has_question,has_exclamation,num_questions,question_ratio,is_interrogative,is_declarative,num_uppercase_chars,num_digits,num_hedges,hedge_ratio,num_politeness,num_assertive,assertive_ratio,num_modal_verbs,modal_ratio,num_meta_conversation,num_first_person_pronouns,confidence_score,retrieved
c1_1,1,c1,G,Team: let's discuss choosing tools/stack and get aligned before we split tasks.,2026-02-01T11:00:00,79,14,1,4.571428571428571,14.0,0,0,0,0.0,0,1,1,0,0,0.0,0,0,0.0,0,0.0,1,1,0,1
c1_2,2,c1,B,"I think, i agree. We should build a baseline before adding any improvements.",2026-02-01T11:00:46,76,13,2,4.6923076923076925,6.5,0,0,0,0.0,0,1,2,0,1,0.07692307692307693,0,1,0.07692307692307693,1,0.07692307692307693,0,3,0,0
c1_3,3,c1,E,Quick question: A minimal system plus strong evaluation is probably the best strategy?,2026-02-01T11:01:31,86,13,1,5.538461538461538,13.0,1,0,1,1.0,1,0,2,0,1,0.07692307692307693,0,0,0.0,0,0.0,1,0,-1,1
c1_4,4,c1,C,"If we keep it simple, we can run more experiments and comparisons. That way we can separate system behavior from human perception effects.",2026-02-01T11:02:30,138,23,2,4.913043478260869,11.5,0,0,0,0.0,0,1,2,0,0,0.0,0,0,0.0,2,0.08695652173913043,0,3,0,1
c1_5,5,c1,B,"Kind of, i'm not fully convinced yet. We should choose tools that are stable and easy to reproduce.",2026-02-01T11:03:54,99,19,2,4.105263157894737,9.5,0,0,0,0.0,0,1,2,0,1,0.05263157894736842,0,1,0.05263157894736842,1,0.05263157894736842,0,2,0,0
c1_6,6,c1,B,"I think, first we ingest chats, then index, then retrieve, then answer, then analyze logs.",2026-02-01T11:04:20,90,15,1,4.666666666666667,15.0,0,0,0,0.0,0,1,1,0,1,0.06666666666666667,0,0,0.0,0,0.0,0,2,-1,1
c1_7,7,c1,B,"I'm not sure but, i agree. If we keep the stack simple, we can focus on the analysis.",2026-02-01T11:05:47,85,19,2,3.3157894736842106,9.5,0,0,0,0.0,0,1,2,0,0,0.0,0,0,0.0,1,0.05263157894736842,0,4,0,0
c1_8,8,c1,B,"I think, a minimal system plus strong evaluation is probably the best strategy.",2026-02-01T11:07:24,79,13,1,5.0,13.0,0,0,0,0.0,0,1,1,0,2,0.15384615384615385,0,0,0.0,0,0.0,0,1,-2,1
c1_9,9,c1,E,Quick question: I'm not fully convinced yet. We should trade engineering time for better study design and write-up?,2026-02-01T11:08:26,115,20,2,4.65,10.0,1,0,1,0.5,1,0,3,0,0,0.0,0,1,0.05,1,0.05,1,2,1,0
c1_10,10,c1,G,"To be clear, first we ingest chats, then index, then retrieve, then answer, then analyze logs.",2026-02-01T11:09:45,94,16,1,4.5625,16.0,0,0,0,0.0,0,1,1,0,0,0.0,0,0,0.0,0,0.0,1,1,0,1
c1_11,11,c1,G,A minimal system plus strong evaluation is probably the best strategy.,2026-02-01T11:10:07,70,11,1,5.363636363636363,11.0,0,0,0,0.0,0,1,1,0,1,0.09090909090909091,0,0,0.0,0,0.0,0,0,-1,1
c1_12,12,c1,B,"I think, we could compare two setups to see if results are robust.",2026-02-01T11:11:42,66,13,1,4.0,13.0,0,0,0,0.0,0,1,1,0,2,0.15384615384615385,0,0,0.0,1,0.07692307692307693,0,2,-2,0
c1_13,13,c1,B,"Maybe, we should trade engineering time for better study design and write-up.",2026-02-01T11:12:08,77,13,1,4.846153846153846,13.0,0,0,0,0.0,0,1,1,0,1,0.07692307692307693,0,1,0.07692307692307693,1,0.07692307692307693,0,1,0,0
c1_14,14,c1,B,"Maybe, if we keep the stack simple, we can focus on the analysis.",2026-02-01T11:12:48,65,13,1,3.8461538461538463,13.0,0,0,0,0.0,0,1,1,0,1,0.07692307692307693,0,0,0.0,1,0.07692307692307693,0,2,-1,0
c1_15,15,c1,E,Just to check: A minimal system plus strong evaluation is probably the best strategy?,2026-02-01T11:14:17,85,14,1,5.0,14.0,1,0,1,1.0,1,0,2,0,1,0.07142857142857142,0,0,0.0,0,0.0,1,0,-1,1
c1_16,16,c1,G,We should build a baseline before adding any improvements.,2026-02-01T11:14:43,58,9,1,5.444444444444445,9.0,0,0,0,0.0,0,1,1,0,0,0.0,0,1,0.1111111111111111,1,0.1111111111111111,0,1,1,1
c1_17,17,c1,C,We should log every retrieval step so we can explain results. We can validate it quickly with a small pilot before we scale it up.,2026-02-01T11:16:23,130,25,2,4.16,12.5,0,0,0,0.0,0,1,2,0,0,0.0,0,1,0.04,3,0.12,0,4,1,0
c1_18,18,c1,E,"Before we move on: I agree. If we keep it simple, we can run more experiments and comparisons?",2026-02-01T11:17:59,94,18,2,4.055555555555555,9.0,1,0,1,0.5,1,0,3,0,0,0.0,0,0,0.0,1,0.05555555555555555,1,4,0,0
c1_19,19,c1,B,"I feel like, a minimal system plus strong evaluation is probably the best strategy.",2026-02-01T11:18:40,83,14,1,4.857142857142857,14.0,0,0,0,0.0,0,1,1,0,1,0.07142857142857142,0,0,0.0,0,0.0,0,1,-1,1
c1_20,20,c1,D,We should build a baseline before adding any improvements.,2026-02-01T11:19:27,58,9,1,5.444444444444445,9.0,0,0,0,0.0,0,1,1,0,0,0.0,0,1,0.1111111111111111,1,0.1111111111111111,0,1,1,1
c1_21,21,c1,C,"We should choose tools that are stable and easy to reproduce. It might feel like extra work now, but it saves time during analysis.",2026-02-01T11:21:17,131,24,2,4.375,12.0,0,0,0,0.0,0,1,2,0,1,0.041666666666666664,0,1,0.041666666666666664,2,0.08333333333333333,0,1,0,0
c1_22,22,c1,C,I'm not fully convinced yet. Let’s make the pipeline reproducible with fixed seeds and configs. We can validate it quickly with a small pilot before we scale it up.,2026-02-01T11:22:37,164,31,3,4.225806451612903,10.333333333333334,0,0,0,0.0,0,1,3,0,0,0.0,0,0,0.0,1,0.03225806451612903,0,3,0,0
c1_23,23,c1,E,"Just to check: To be clear, first we ingest chats, then index, then retrieve, then answer, then analyze logs?",2026-02-01T11:23:39,109,19,1,4.421052631578948,19.0,1,0,1,1.0,1,0,2,0,0,0.0,0,0,0.0,0,0.0,2,1,0,0
c1_24,24,c1,E,Quick question: We can use a simple vector store and a basic retrieval QA chain?,2026-02-01T11:25:17,80,15,1,4.266666666666667,15.0,1,0,1,1.0,1,0,4,0,0,0.0,0,0,0.0,1,0.06666666666666667,1,1,0,0
c1_25,25,c1,B,"Kind of, i'm not fully convinced yet. First we ingest chats, then index, then retrieve, then answer, then analyze logs.",2026-02-01T11:26:28,119,21,2,4.380952380952381,10.5,0,0,0,0.0,0,1,2,0,1,0.047619047619047616,0,0,0.0,0,0.0,0,2,-1,0
c1_26,26,c1,C,"I'm not fully convinced yet. If we keep it simple, we can run more experiments and comparisons. We can validate it quickly with a small pilot before we scale it up.",2026-02-01T11:27:22,164,32,3,4.03125,10.666666666666666,0,0,0,0.0,0,1,3,0,0,0.0,0,0,0.0,2,0.0625,0,5,0,0
c1_27,27,c1,G,"If we keep the stack simple, we can focus on the analysis.",2026-02-01T11:27:52,58,12,1,3.75,12.0,0,0,0,0.0,0,1,1,0,0,0.0,0,0,0.0,1,0.08333333333333333,0,2,0,1
c1_28,28,c1,B,"I'm not sure but, i agree. We should build a baseline before adding any improvements.",2026-02-01T11:28:43,85,16,2,4.1875,8.0,0,0,0,0.0,0,1,2,0,0,0.0,0,1,0.0625,1,0.0625,0,3,1,0
c1_29,29,c1,D,We should choose tools that are stable and easy to reproduce.,2026-02-01T11:29:56,61,11,1,4.545454545454546,11.0,0,0,0,0.0,0,1,1,0,0,0.0,0,1,0.09090909090909091,1,0.09090909090909091,0,1,1,0
c1_30,30,c1,B,"It seems like, we should choose tools that are stable and easy to reproduce.",2026-02-01T11:30:35,76,14,1,4.357142857142857,14.0,0,0,0,0.0,0,1,1,0,1,0.07142857142857142,0,1,0.07142857142857142,1,0.07142857142857142,0,1,0,0
c1_31,31,c1,G,We could compare two setups to see if results are robust.,2026-02-01T11:31:14,57,11,1,4.181818181818182,11.0,0,0,0,0.0,0,1,1,0,1,0.09090909090909091,0,0,0.0,1,0.09090909090909091,0,1,-1,0
c1_32,32,c1,B,"I feel like, first we ingest chats, then index, then retrieve, then answer, then analyze logs.",2026-02-01T11:32:10,94,16,1,4.5625,16.0,0,0,0,0.0,0,1,1,0,0,0.0,0,0,0.0,0,0.0,0,2,0,0
c1_33,33,c1,C,We should build a baseline before adding any improvements. This also gives us something concrete to show in the proposal and final report.,2026-02-01T11:33:00,138,23,2,4.956521739130435,11.5,0,0,0,0.0,0,1,2,0,0,0.0,0,1,0.043478260869565216,1,0.043478260869565216,0,2,1,1
c1_34,34,c1,D,I agree.,2026-02-01T11:34:23,8,2,1,3.0,2.0,0,0,0,0.0,0,1,1,0,0,0.0,0,0,0.0,0,0.0,0,1,0,0
c1_35,35,c1,B,"I feel like, honestly, we should log every retrieval step so we can explain results.",2026-02-01T11:34:54,84,15,1,4.466666666666667,15.0,0,0,0,0.0,0,1,1,0,0,0.0,0,1,0.06666666666666667,2,0.13333333333333333,0,3,1,0
c1_36,36,c1,D,"If we keep the stack simple, we can focus on the analysis.",2026-02-01T11:36:13,58,12,1,3.75,12.0,0,0,0,0.0,0,1,1,0,0,0.0,0,0,0.0,1,0.08333333333333333,0,2,0,1
c1_37,37,c1,E,Small question: We should trade engineering time for better study design and write-up?,2026-02-01T11:37:28,86,14,1,5.071428571428571,14.0,1,0,1,1.0,1,0,2,0,0,0.0,0,1,0.07142857142857142,1,0.07142857142857142,1,1,1,0
c1_38,38,c1,D,"If we keep the stack simple, we can focus on the analysis.",2026-02-01T11:38:36,58,12,1,3.75,12.0,0,0,0,0.0,0,1,1,0,0,0.0,0,0,0.0,1,0.08333333333333333,0,2,0,1
c1_39,39,c1,G,We should build a baseline before adding any improvements.,2026-02-01T11:40:08,58,9,1,5.444444444444445,9.0,0,0,0,0.0,0,1,1,0,0,0.0,0,1,0.1111111111111111,1,0.1111111111111111,0,1,1,1
c1_40,40,c1,B,"I'm not sure but, we should choose tools that are stable and easy to reproduce.",2026-02-01T11:41:25,79,16,1,3.875,16.0,0,0,0,0.0,0,1,1,0,0,0.0,0,1,0.0625,1,0.0625,0,2,1,0
c1_41,41,c1,D,I agree.,2026-02-01T11:42:10,8,2,1,3.0,2.0,0,0,0,0.0,0,1,1,0,0,0.0,0,0,0.0,0,0.0,0,1,0,0
c1_42,42,c1,B,"Possibly, i'm not fully convinced yet. We should build a baseline before adding any improvements.",2026-02-01T11:42:46,97,16,2,4.9375,8.0,0,0,0,0.0,0,1,2,0,1,0.0625,0,1,0.0625,1,0.0625,0,2,0,0
c1_43,43,c1,D,We should build a baseline before adding any improvements.,2026-02-01T11:43:56,58,9,1,5.444444444444445,9.0,0,0,0,0.0,0,1,1,0,0,0.0,0,1,0.1111111111111111,1,0.1111111111111111,0,1,1,1
c1_44,44,c1,B,"Possibly, first we ingest chats, then index, then retrieve, then answer, then analyze logs.",2026-02-01T11:44:43,91,14,1,5.142857142857143,14.0,0,0,0,0.0,0,1,1,0,1,0.07142857142857142,0,0,0.0,0,0.0,0,1,-1,0
c1_45,45,c1,B,"I think, i agree. We should choose tools that are stable and easy to reproduce.",2026-02-01T11:45:15,79,15,2,4.133333333333334,7.5,0,0,0,0.0,0,1,2,0,1,0.06666666666666667,0,1,0.06666666666666667,1,0.06666666666666667,0,3,0,0
c1_46,46,c1,D,I'm not fully convinced yet.,2026-02-01T11:45:55,28,6,1,3.6666666666666665,6.0,0,0,0,0.0,0,1,1,0,0,0.0,0,0,0.0,0,0.0,0,1,0,0
c1_47,47,c1,D,"Definitely, we should build a baseline before adding any improvements.",2026-02-01T11:47:37,70,10,1,5.9,10.0,0,0,0,0.0,0,1,1,0,0,0.0,0,2,0.2,1,0.1,0,1,2,0
c1_48,48,c1,C,We can use a simple vector store and a basic retrieval QA chain. This also gives us something concrete to show in the proposal and final report.,2026-02-01T11:48:33,144,27,2,4.296296296296297,13.5,0,0,0,0.0,0,1,4,0,0,0.0,0,0,0.0,1,0.037037037037037035,0,2,0,0
c1_49,49,c1,E,Small question: Let’s make the pipeline reproducible with fixed seeds and configs?,2026-02-01T11:49:57,82,13,1,5.230769230769231,13.0,1,0,1,1.0,1,0,2,0,0,0.0,0,0,0.0,0,0.0,1,0,0,0
c1_50,50,c1,B,"Maybe, we can use a simple vector store and a basic retrieval QA chain.",2026-02-01T11:51:03,71,14,1,4.0,14.0,0,0,0,0.0,0,1,3,0,1,0.07142857142857142,0,0,0.0,1,0.07142857142857142,0,1,-1,0
c1_51,51,c1,C,We can use a simple vector store and a basic retrieval QA chain. That way we can separate system behavior from human perception effects.,2026-02-01T11:52:41,136,24,2,4.625,12.0,0,0,0,0.0,0,1,4,0,0,0.0,0,0,0.0,2,0.08333333333333333,0,2,0,0
c1_52,52,c1,G,"I agree. If we keep it simple, we can run more experiments and comparisons.",2026-02-01T11:53:19,75,14,2,4.214285714285714,7.0,0,0,0,0.0,0,1,2,0,0,0.0,0,0,0.0,1,0.07142857142857142,0,3,0,0
c1_53,53,c1,E,Just to check: A more complex system might look impressive but could be risky?,2026-02-01T11:54:13,78,14,1,4.5,14.0,1,0,1,1.0,1,0,2,0,2,0.14285714285714285,0,0,0.0,2,0.14285714285714285,1,0,-2,0
c1_54,54,c1,G,A more complex system might look impressive but could be risky.,2026-02-01T11:55:11,63,11,1,4.7272727272727275,11.0,0,0,0,0.0,0,1,1,0,2,0.18181818181818182,0,0,0.0,2,0.18181818181818182,0,0,-2,0
c1_55,55,c1,B,"Maybe, to be clear, we should trade engineering time for better study design and write-up.",2026-02-01T11:55:44,90,16,1,4.5,16.0,0,0,0,0.0,0,1,1,0,1,0.0625,0,1,0.0625,1,0.0625,1,1,0,0
c1_56,56,c1,G,"First we ingest chats, then index, then retrieve, then answer, then analyze logs.",2026-02-01T11:57:12,81,13,1,4.923076923076923,13.0,0,0,0,0.0,0,1,1,0,0,0.0,0,0,0.0,0,0.0,0,1,0,1
c1_57,57,c1,G,A more complex system might look impressive but could be risky.,2026-02-01T11:57:41,63,11,1,4.7272727272727275,11.0,0,0,0,0.0,0,1,1,0,2,0.18181818181818182,0,0,0.0,2,0.18181818181818182,0,0,-2,0
c1_58,58,c1,E,Quick question: We should build a baseline before adding any improvements?,2026-02-01T11:59:27,74,11,1,5.636363636363637,11.0,1,0,1,1.0,1,0,2,0,0,0.0,0,1,0.09090909090909091,1,0.09090909090909091,1,1,1,0
c1_59,59,c1,C,"Let’s make the pipeline reproducible with fixed seeds and configs. It might feel like extra work now, but it saves time during analysis.",2026-02-01T12:00:49,136,24,2,4.583333333333333,12.0,0,0,0,0.0,0,1,2,0,1,0.041666666666666664,0,0,0.0,1,0.041666666666666664,0,0,-1,0
c1_60,60,c1,G,"If we keep the stack simple, we can focus on the analysis.",2026-02-01T12:01:25,58,12,1,3.75,12.0,0,0,0,0.0,0,1,1,0,0,0.0,0,0,0.0,1,0.08333333333333333,0,2,0,1
c2_1,1,c2,E,Team: let's discuss study design discussion and get aligned before we split tasks.,2026-02-01T12:00:00,82,14,1,4.785714285714286,14.0,0,0,0,0.0,0,1,1,0,0,0.0,0,0,0.0,0,0.0,1,1,0,1
c2_2,2,c2,E,"Quick question: For the user study, we can ask who seems most knowledgeable or influential?",2026-02-01T12:00:45,91,15,1,4.933333333333334,15.0,1,0,1,1.0,1,0,2,0,1,0.06666666666666667,0,0,0.0,1,0.06666666666666667,1,1,-1,0
c2_3,3,c2,B,"It seems like, we can compute retrieval share per speaker and compare it to participation share.",2026-02-01T12:02:13,96,16,1,4.9375,16.0,0,0,0,0.0,0,1,1,0,1,0.0625,0,0,0.0,1,0.0625,0,1,-1,0
c2_4,4,c2,F,"Thanks, we should randomize which conversation they see to avoid learning effects.",2026-02-01T12:03:14,82,12,1,5.75,12.0,0,0,0,0.0,0,1,1,0,0,0.0,1,1,0.08333333333333333,1,0.08333333333333333,0,1,1,0
c2_5,5,c2,B,"Possibly, i agree. I suspect verbose speakers will be retrieved more often just because they contain more keywords.",2026-02-01T12:04:08,115,18,2,5.277777777777778,9.0,0,0,0,0.0,0,1,2,0,1,0.05555555555555555,0,0,0.0,1,0.05555555555555555,0,2,-1,0
c2_6,6,c2,E,Small question: I suspect verbose speakers will be retrieved more often just because they contain more keywords?,2026-02-01T12:05:32,112,17,1,5.529411764705882,17.0,1,0,1,1.0,1,0,2,0,0,0.0,0,0,0.0,1,0.058823529411764705,1,1,0,0
c2_7,7,c2,A,"I recommend we should compute style metrics: verbosity, hedging rate, assertiveness rate.",2026-02-01T12:06:04,89,12,1,6.166666666666667,12.0,0,0,0,0.0,0,1,1,0,0,0.0,0,2,0.16666666666666666,1,0.08333333333333333,0,2,2,0
c2_8,8,c2,B,"Maybe, readers may think the most-retrieved speaker is the leader, even if they weren’t.",2026-02-01T12:06:43,88,16,1,4.375,16.0,0,0,0,0.0,0,1,1,0,1,0.0625,0,0,0.0,1,0.0625,0,0,-1,0
c2_9,9,c2,E,Just to check: Hedging language might be retrieved less because it sounds less decisive?,2026-02-01T12:07:25,88,14,1,5.214285714285714,14.0,1,0,1,1.0,1,0,2,0,1,0.07142857142857142,0,0,0.0,1,0.07142857142857142,1,0,-1,0
c2_10,10,c2,B,"Kind of, i agree. We should collect demographics lightly, if allowed, but keep it minimal.",2026-02-01T12:08:26,90,15,2,4.733333333333333,7.5,0,0,0,0.0,0,1,2,0,1,0.06666666666666667,0,1,0.06666666666666667,1,0.06666666666666667,0,2,0,1
c2_11,11,c2,F,"I agree. We should compute style metrics: verbosity, hedging rate, assertiveness rate. thanks.",2026-02-01T12:09:06,94,13,3,5.846153846153846,4.333333333333333,0,0,0,0.0,0,1,2,0,0,0.0,1,1,0.07692307692307693,1,0.07692307692307693,0,2,1,0
c2_12,12,c2,D,"We should compute style metrics: verbosity, hedging rate, assertiveness rate.",2026-02-01T12:10:11,77,10,1,6.4,10.0,0,0,0,0.0,0,1,1,0,0,0.0,0,1,0.1,1,0.1,0,1,1,0
c2_13,13,c2,E,Before we move on: We should track agreement across participants to see if the effect is consistent?,2026-02-01T12:11:50,100,17,1,4.823529411764706,17.0,1,0,1,1.0,1,0,2,0,0,0.0,0,1,0.058823529411764705,1,0.058823529411764705,1,2,1,1
c2_14,14,c2,E,"Quick question: We should compute style metrics: verbosity, hedging rate, assertiveness rate?",2026-02-01T12:12:17,93,12,1,6.416666666666667,12.0,1,0,1,1.0,1,0,2,0,0,0.0,0,1,0.08333333333333333,1,0.08333333333333333,1,1,1,0
c2_15,15,c2,F,"Appreciate it, for the user study, we can ask who seems most knowledgeable or influential.",2026-02-01T12:12:56,90,15,1,4.866666666666666,15.0,0,0,0,0.0,0,1,1,0,1,0.06666666666666667,1,0,0.0,1,0.06666666666666667,0,1,-1,1
c2_16,16,c2,A,"Let's readers may think the most-retrieved speaker is the leader, even if they weren’t.",2026-02-01T12:14:18,87,17,1,4.0588235294117645,17.0,0,0,0,0.0,0,1,1,0,0,0.0,0,0,0.0,1,0.058823529411764705,1,0,0,0
c2_17,17,c2,B,"I'm not sure but, in my view, readers may think the most-retrieved speaker is the leader, even if they weren’t.",2026-02-01T12:14:59,111,23,1,3.6956521739130435,23.0,0,0,0,0.0,0,1,1,0,0,0.0,0,0,0.0,1,0.043478260869565216,0,2,0,0
c2_18,18,c2,E,Quick question: I agree. I suspect verbose speakers will be retrieved more often just because they contain more keywords?,2026-02-01T12:16:01,121,19,2,5.2631578947368425,9.5,1,0,1,0.5,1,0,3,0,0,0.0,0,0,0.0,1,0.05263157894736842,1,2,0,0
c2_19,19,c2,A,"Let's i'm not fully convinced yet. We should compute style metrics: verbosity, hedging rate, assertiveness rate.",2026-02-01T12:16:31,112,18,2,5.0,9.0,0,0,0,0.0,0,1,2,0,0,0.0,0,1,0.05555555555555555,1,0.05555555555555555,1,2,1,0
c2_20,20,c2,F,"Thanks, readers may think the most-retrieved speaker is the leader, even if they weren’t.",2026-02-01T12:17:54,89,16,1,4.4375,16.0,0,0,0,0.0,0,1,1,0,0,0.0,1,0,0.0,1,0.0625,0,0,0,0
c2_21,21,c2,A,Let's i suspect verbose speakers will be retrieved more often just because they contain more keywords.,2026-02-01T12:19:31,102,17,1,5.0,17.0,0,0,0,0.0,0,1,1,0,0,0.0,0,0,0.0,1,0.058823529411764705,1,1,0,0
c2_22,22,c2,B,"Kind of, hedging language might be retrieved less because it sounds less decisive.",2026-02-01T12:20:58,82,13,1,5.230769230769231,13.0,0,0,0,0.0,0,1,1,0,2,0.15384615384615385,0,0,0.0,1,0.07692307692307693,0,0,-2,0
c2_23,23,c2,E,"Just to check: Readers may think the most-retrieved speaker is the leader, even if they weren’t?",2026-02-01T12:22:15,96,18,1,4.222222222222222,18.0,1,0,1,1.0,1,0,2,0,0,0.0,0,0,0.0,1,0.05555555555555555,1,0,0,0
c2_24,24,c2,A,I recommend we can show participants a short system-generated summary and ask perception questions.,2026-02-01T12:23:32,99,15,1,5.6,15.0,0,0,0,0.0,0,1,1,0,0,0.0,0,1,0.06666666666666667,1,0.06666666666666667,0,2,1,1
c2_25,25,c2,E,Just to check: We can show participants a short system-generated summary and ask perception questions?,2026-02-01T12:23:53,102,16,1,5.3125,16.0,1,0,1,1.0,1,0,2,0,0,0.0,0,0,0.0,1,0.0625,1,1,0,0
c2_26,26,c2,B,"I feel like, definitely, i'm not fully convinced yet. We can keep it lightweight with a Google Form and short tasks.",2026-02-01T12:24:46,116,22,2,4.136363636363637,11.0,0,0,0,0.0,0,1,4,0,0,0.0,0,1,0.045454545454545456,1,0.045454545454545456,0,3,1,0
c2_27,27,c2,F,"Readers may think the most-retrieved speaker is the leader, even if they weren’t. could we.",2026-02-01T12:26:00,91,17,2,4.235294117647059,8.5,0,0,1,0.5,1,0,1,0,1,0.058823529411764705,0,0,0.0,2,0.11764705882352941,0,1,-1,0
c2_28,28,c2,F,"Honestly, readers may think the most-retrieved speaker is the leader, even if they weren’t. appreciate it.",2026-02-01T12:27:42,106,18,2,4.722222222222222,9.0,0,0,0,0.0,0,1,1,0,0,0.0,1,0,0.0,1,0.05555555555555555,0,0,0,0
c2_29,29,c2,D,We should randomize which conversation they see to avoid learning effects.,2026-02-01T12:28:03,74,11,1,5.7272727272727275,11.0,0,0,0,0.0,0,1,1,0,0,0.0,0,1,0.09090909090909091,1,0.09090909090909091,0,1,1,1
c2_30,30,c2,F,I agree. We can keep it lightweight with a Google Form and short tasks. appreciate it.,2026-02-01T12:29:03,86,16,3,4.25,5.333333333333333,0,0,0,0.0,0,1,4,0,0,0.0,1,0,0.0,1,0.0625,0,2,0,0
c2_31,31,c2,D,I'm not fully convinced yet.,2026-02-01T12:30:34,28,6,1,3.6666666666666665,6.0,0,0,0,0.0,0,1,1,0,0,0.0,0,0,0.0,0,0.0,0,1,0,1
c2_32,32,c2,F,"Could we, we can keep it lightweight with a Google Form and short tasks.",2026-02-01T12:32:19,72,14,1,4.071428571428571,14.0,0,0,1,1.0,1,0,3,0,1,0.07142857142857142,0,0,0.0,2,0.14285714285714285,0,2,-1,0
c2_33,33,c2,B,"It seems like, i suspect verbose speakers will be retrieved more often just because they contain more keywords.",2026-02-01T12:33:06,111,18,1,5.111111111111111,18.0,0,0,0,0.0,0,1,1,0,1,0.05555555555555555,0,0,0.0,1,0.05555555555555555,0,1,-1,0
c2_34,34,c2,F,"I agree. We should compute style metrics: verbosity, hedging rate, assertiveness rate. appreciate it.",2026-02-01T12:34:49,101,14,3,5.857142857142857,4.666666666666667,0,0,0,0.0,0,1,2,0,0,0.0,1,1,0.07142857142857142,1,0.07142857142857142,0,2,1,0
c2_35,35,c2,F,I agree. I suspect verbose speakers will be retrieved more often just because they contain more keywords. could we.,2026-02-01T12:36:15,115,19,3,4.947368421052632,6.333333333333333,0,0,1,0.3333333333333333,1,0,2,0,1,0.05263157894736842,0,0,0.0,2,0.10526315789473684,0,3,-1,0
c2_36,36,c2,D,"To be clear, for the user study, we can ask who seems most knowledgeable or influential.",2026-02-01T12:38:04,88,16,1,4.375,16.0,0,0,0,0.0,0,1,1,0,1,0.0625,0,0,0.0,1,0.0625,1,1,-1,0
c2_37,37,c2,E,"Before we move on: Readers may think the most-retrieved speaker is the leader, even if they weren’t?",2026-02-01T12:38:27,100,19,1,4.157894736842105,19.0,1,0,1,1.0,1,0,2,0,0,0.0,0,0,0.0,1,0.05263157894736842,1,1,0,0
c2_38,38,c2,E,Can we clarify: We can show participants a short system-generated summary and ask perception questions?,2026-02-01T12:40:03,103,16,1,5.375,16.0,1,0,1,1.0,1,0,2,0,0,0.0,0,0,0.0,2,0.125,1,2,0,1
c2_39,39,c2,F,"To be clear, hedging language might be retrieved less because it sounds less decisive. would you be able to.",2026-02-01T12:40:56,108,19,2,4.578947368421052,9.5,0,0,1,0.5,1,0,1,0,1,0.05263157894736842,0,0,0.0,2,0.10526315789473684,1,0,-1,0
c2_40,40,c2,A,"Let's readers may think the most-retrieved speaker is the leader, even if they weren’t.",2026-02-01T12:42:26,87,17,1,4.0588235294117645,17.0,0,0,0,0.0,0,1,1,0,0,0.0,0,0,0.0,1,0.058823529411764705,1,0,0,0
c2_41,41,c2,A,"I recommend readers may think the most-retrieved speaker is the leader, even if they weren’t.",2026-02-01T12:43:16,93,17,1,4.411764705882353,17.0,0,0,0,0.0,0,1,1,0,0,0.0,0,1,0.058823529411764705,1,0.058823529411764705,0,1,1,0
c2_42,42,c2,A,"I recommend we should compute style metrics: verbosity, hedging rate, assertiveness rate.",2026-02-01T12:44:04,89,12,1,6.166666666666667,12.0,0,0,0,0.0,0,1,1,0,0,0.0,0,2,0.16666666666666666,1,0.08333333333333333,0,2,2,0
c2_43,43,c2,A,"The best option is we should collect demographics lightly, if allowed, but keep it minimal.",2026-02-01T12:45:23,91,15,1,4.933333333333334,15.0,0,0,0,0.0,0,1,1,0,0,0.0,0,2,0.13333333333333333,1,0.06666666666666667,0,1,2,1
c2_44,44,c2,B,"Possibly, readers may think the most-retrieved speaker is the leader, even if they weren’t.",2026-02-01T12:46:16,91,16,1,4.5625,16.0,0,0,0,0.0,0,1,1,0,1,0.0625,0,0,0.0,1,0.0625,0,0,-1,0
c2_45,45,c2,A,"I recommend we should compute style metrics: verbosity, hedging rate, assertiveness rate.",2026-02-01T12:46:42,89,12,1,6.166666666666667,12.0,0,0,0,0.0,0,1,1,0,0,0.0,0,2,0.16666666666666666,1,0.08333333333333333,0,2,2,0
c2_46,46,c2,F,"We should compute style metrics: verbosity, hedging rate, assertiveness rate. appreciate it.",2026-02-01T12:48:29,92,12,2,6.333333333333333,6.0,0,0,0,0.0,0,1,1,0,0,0.0,1,1,0.08333333333333333,1,0.08333333333333333,0,1,1,0
c2_47,47,c2,B,"Possibly, we can show participants a short system-generated summary and ask perception questions.",2026-02-01T12:49:42,97,14,1,5.857142857142857,14.0,0,0,0,0.0,0,1,1,0,1,0.07142857142857142,0,0,0.0,1,0.07142857142857142,0,1,-1,0
c2_48,48,c2,A,"We should i agree. For the user study, we can ask who seems most knowledgeable or influential.",2026-02-01T12:50:46,94,17,2,4.411764705882353,8.5,0,0,0,0.0,0,1,2,0,1,0.058823529411764705,0,1,0.058823529411764705,2,0.11764705882352941,0,3,0,1
c2_49,49,c2,E,Small question: I suspect verbose speakers will be retrieved more often just because they contain more keywords?,2026-02-01T12:51:13,112,17,1,5.529411764705882,17.0,1,0,1,1.0,1,0,2,0,0,0.0,0,0,0.0,1,0.058823529411764705,1,1,0,0
c2_50,50,c2,E,"Before we move on: To be clear, we can keep it lightweight with a Google Form and short tasks?",2026-02-01T12:53:02,94,19,1,3.8421052631578947,19.0,1,0,1,1.0,1,0,4,0,0,0.0,0,0,0.0,1,0.05263157894736842,2,2,0,0
c2_51,51,c2,E,Before we move on: We can keep it lightweight with a Google Form and short tasks?,2026-02-01T12:54:44,81,16,1,4.0,16.0,1,0,1,1.0,1,0,4,0,0,0.0,0,0,0.0,1,0.0625,1,2,0,0
c2_52,52,c2,A,"We should definitely, i agree. We should randomize which conversation they see to avoid learning effects.",2026-02-01T12:55:11,105,16,2,5.4375,8.0,0,0,0,0.0,0,1,2,0,0,0.0,0,3,0.1875,2,0.125,0,3,3,1
c2_53,53,c2,E,Before we move on: We should randomize which conversation they see to avoid learning effects?,2026-02-01T12:56:51,93,15,1,5.133333333333334,15.0,1,0,1,1.0,1,0,2,0,0,0.0,0,1,0.06666666666666667,1,0.06666666666666667,1,2,1,0
c2_54,54,c2,F,Hedging language might be retrieved less because it sounds less decisive. could we.,2026-02-01T12:57:14,83,13,2,5.3076923076923075,6.5,0,0,1,0.5,1,0,1,0,2,0.15384615384615385,0,0,0.0,2,0.15384615384615385,0,1,-2,0
c2_55,55,c2,D,Hedging language might be retrieved less because it sounds less decisive.,2026-02-01T12:57:41,73,11,1,5.636363636363637,11.0,0,0,0,0.0,0,1,1,0,1,0.09090909090909091,0,0,0.0,1,0.09090909090909091,0,0,-1,0
c2_56,56,c2,B,"Possibly, we should randomize which conversation they see to avoid learning effects.",2026-02-01T12:59:25,84,12,1,5.916666666666667,12.0,0,0,0,0.0,0,1,1,0,1,0.08333333333333333,0,1,0.08333333333333333,1,0.08333333333333333,0,1,0,0
c2_57,57,c2,E,Just to check: We can show participants a short system-generated summary and ask perception questions?,2026-02-01T13:00:36,102,16,1,5.3125,16.0,1,0,1,1.0,1,0,2,0,0,0.0,0,0,0.0,1,0.0625,1,1,0,0
c2_58,58,c2,E,"Can we clarify: To be clear, we should compute style metrics: verbosity, hedging rate, assertiveness rate?",2026-02-01T13:01:33,106,16,1,5.3125,16.0,1,0,1,1.0,1,0,2,0,0,0.0,0,1,0.0625,2,0.125,2,2,1,0
c2_59,59,c2,F,"I'm not fully convinced yet. For the user study, we can ask who seems most knowledgeable or influential. appreciate it.",2026-02-01T13:02:16,119,21,3,4.523809523809524,7.0,0,0,0,0.0,0,1,2,0,1,0.047619047619047616,1,0,0.0,1,0.047619047619047616,0,2,-1,1
c2_60,60,c2,F,"Please, if retrieval is skewed, summaries may systematically misrepresent the group.",2026-02-01T13:02:40,84,11,1,6.454545454545454,11.0,0,0,0,0.0,0,1,1,0,0,0.0,1,0,0.0,1,0.09090909090909091,0,0,0,0
c2_61,61,c2,B,"Possibly, we can keep it lightweight with a Google Form and short tasks.",2026-02-01T13:03:04,72,13,1,4.461538461538462,13.0,0,0,0,0.0,0,1,3,0,1,0.07692307692307693,0,0,0.0,1,0.07692307692307693,0,1,-1,0
c2_62,62,c2,E,Quick question: I'm not fully convinced yet. We should track agreement across participants to see if the effect is consistent?,2026-02-01T13:04:16,126,21,2,4.904761904761905,10.5,1,0,1,0.5,1,0,3,0,0,0.0,0,1,0.047619047619047616,1,0.047619047619047616,1,2,1,1
c2_63,63,c2,B,"Possibly, in my view, hedging language might be retrieved less because it sounds less decisive.",2026-02-01T13:05:12,95,15,1,5.2,15.0,0,0,0,0.0,0,1,1,0,2,0.13333333333333333,0,0,0.0,1,0.06666666666666667,0,1,-2,0
c2_64,64,c2,D,"We should collect demographics lightly, if allowed, but keep it minimal.",2026-02-01T13:05:58,72,11,1,5.363636363636363,11.0,0,0,0,0.0,0,1,1,0,0,0.0,0,1,0.09090909090909091,1,0.09090909090909091,0,1,1,1
c2_65,65,c2,B,"It seems like, we can show participants a short system-generated summary and ask perception questions.",2026-02-01T13:07:40,102,16,1,5.3125,16.0,0,0,0,0.0,0,1,1,0,1,0.0625,0,0,0.0,1,0.0625,0,1,-1,0
c2_66,66,c2,E,Just to check: Hedging language might be retrieved less because it sounds less decisive?,2026-02-01T13:08:38,88,14,1,5.214285714285714,14.0,1,0,1,1.0,1,0,2,0,1,0.07142857142857142,0,0,0.0,1,0.07142857142857142,1,0,-1,0
c2_67,67,c2,F,"Would you be able to, for the user study, we can ask who seems most knowledgeable or influential.",2026-02-01T13:09:08,97,18,1,4.277777777777778,18.0,0,0,1,1.0,1,0,1,0,1,0.05555555555555555,0,0,0.0,2,0.1111111111111111,0,1,-1,0
c2_68,68,c2,B,"Possibly, we should track agreement across participants to see if the effect is consistent.",2026-02-01T13:09:53,91,14,1,5.428571428571429,14.0,0,0,0,0.0,0,1,1,0,1,0.07142857142857142,0,1,0.07142857142857142,1,0.07142857142857142,0,1,0,1
c2_69,69,c2,F,"Readers may think the most-retrieved speaker is the leader, even if they weren’t. appreciate it.",2026-02-01T13:10:13,96,17,2,4.529411764705882,8.5,0,0,0,0.0,0,1,1,0,0,0.0,1,0,0.0,1,0.058823529411764705,0,0,0,0
c3_1,1,c3,G,Team: let's discuss class project planning and get aligned before we split tasks.,2026-02-01T13:00:00,81,14,1,4.714285714285714,14.0,0,0,0,0.0,0,1,1,0,0,0.0,0,0,0.0,0,0.0,1,1,0,1
c3_2,2,c3,F,"Could we, we should store everything in a clean CSV with speaker IDs and timestamps.",2026-02-01T13:01:04,84,15,1,4.533333333333333,15.0,0,0,1,1.0,1,0,6,0,1,0.06666666666666667,0,1,0.06666666666666667,2,0.13333333333333333,0,2,0,0
c3_3,3,c3,G,Let’s define a small set of standard questions to ask the system.,2026-02-01T13:02:37,65,13,1,4.0,13.0,0,0,0,0.0,0,1,1,0,0,0.0,0,0,0.0,0,0.0,0,0,0,0
c3_4,4,c3,G,We can simulate group chats so we control ground truth and avoid privacy issues.,2026-02-01T13:03:04,80,14,1,4.714285714285714,14.0,0,0,0,0.0,0,1,1,0,0,0.0,0,0,0.0,1,0.07142857142857142,0,2,0,0
c3_5,5,c3,F,"Appreciate it, i'm not fully convinced yet. We need time near the end for polishing figures and slides.",2026-02-01T13:04:36,103,19,2,4.315789473684211,9.5,0,0,0,0.0,0,1,2,0,0,0.0,1,0,0.0,0,0.0,0,2,0,0
c3_6,6,c3,A,I recommend we should store everything in a clean CSV with speaker IDs and timestamps.,2026-02-01T13:05:14,86,15,1,4.733333333333333,15.0,0,0,0,0.0,0,1,6,0,0,0.0,0,2,0.13333333333333333,1,0.06666666666666667,0,2,2,0
c3_7,7,c3,F,"Appreciate it, let’s decide how many conversations and messages we need for signal.",2026-02-01T13:07:01,83,14,1,4.857142857142857,14.0,0,0,0,0.0,0,1,1,0,0,0.0,1,0,0.0,0,0.0,0,1,0,0
c3_8,8,c3,C,Let’s define a small set of standard questions to ask the system. This also gives us something concrete to show in the proposal and final report.,2026-02-01T13:07:45,145,27,2,4.333333333333333,13.5,0,0,0,0.0,0,1,2,0,0,0.0,0,0,0.0,0,0.0,0,1,0,1
c3_9,9,c3,G,I agree. We should assign owners for each part so work doesn’t overlap.,2026-02-01T13:09:10,71,14,2,4.0,7.0,0,0,0,0.0,0,1,2,0,0,0.0,0,1,0.07142857142857142,1,0.07142857142857142,0,2,1,0
c3_10,10,c3,B,"Possibly, we need multi-speaker conversations where each person has a distinct style.",2026-02-01T13:10:45,85,13,1,5.461538461538462,13.0,0,0,0,0.0,0,1,1,0,1,0.07692307692307693,0,0,0.0,0,0.0,0,1,-1,0
c3_11,11,c3,C,"I agree. Let’s set weekly milestones: data, prototype, analysis, study, writing. If we write this down as a checklist, we can avoid back-and-forth later.",2026-02-01T13:12:06,153,27,3,4.37037037037037,9.0,0,0,0,0.0,0,1,3,0,0,0.0,0,0,0.0,1,0.037037037037037035,0,3,0,1
c3_12,12,c3,G,We need multi-speaker conversations where each person has a distinct style.,2026-02-01T13:13:13,75,12,1,5.25,12.0,0,0,0,0.0,0,1,1,0,0,0.0,0,0,0.0,0,0.0,0,1,0,1
c3_13,13,c3,G,Let’s define a small set of standard questions to ask the system.,2026-02-01T13:14:51,65,13,1,4.0,13.0,0,0,0,0.0,0,1,1,0,0,0.0,0,0,0.0,0,0.0,0,0,0,0
c3_14,14,c3,G,"Honestly, let’s decide how many conversations and messages we need for signal.",2026-02-01T13:15:50,78,13,1,4.923076923076923,13.0,0,0,0,0.0,0,1,1,0,0,0.0,0,0,0.0,0,0.0,0,1,0,0
c3_15,15,c3,G,"Let’s set weekly milestones: data, prototype, analysis, study, writing.",2026-02-01T13:17:16,71,10,1,5.6,10.0,0,0,0,0.0,0,1,1,0,0,0.0,0,0,0.0,0,0.0,0,0,0,1
c3_16,16,c3,B,"I feel like, we also need a human study to see if summaries change perception.",2026-02-01T13:17:36,78,15,1,4.133333333333334,15.0,0,0,0,0.0,0,1,1,0,0,0.0,0,0,0.0,0,0.0,0,2,0,0
c3_17,17,c3,G,We also need a human study to see if summaries change perception.,2026-02-01T13:18:41,65,12,1,4.416666666666667,12.0,0,0,0,0.0,0,1,1,0,0,0.0,0,0,0.0,0,0.0,0,1,0,0
c3_18,18,c3,A,I recommend we should measure who gets retrieved compared to who actually contributed.,2026-02-01T13:19:22,86,13,1,5.615384615384615,13.0,0,0,0,0.0,0,1,1,0,0,0.0,0,2,0.15384615384615385,1,0.07692307692307693,0,2,2,1
c3_19,19,c3,G,We need time near the end for polishing figures and slides.,2026-02-01T13:20:16,59,11,1,4.363636363636363,11.0,0,0,0,0.0,0,1,1,0,0,0.0,0,0,0.0,0,0.0,0,1,0,0
c3_20,20,c3,F,We also need a human study to see if summaries change perception. please.,2026-02-01T13:21:02,73,13,2,4.538461538461538,6.5,0,0,0,0.0,0,1,1,0,0,0.0,1,0,0.0,0,0.0,0,1,0,1
c3_21,21,c3,F,"Would you be able to, we should include robustness checks by changing retrieval settings.",2026-02-01T13:22:28,89,14,1,5.285714285714286,14.0,0,0,1,1.0,1,0,1,0,0,0.0,0,1,0.07142857142857142,2,0.14285714285714285,0,1,1,0
c3_22,22,c3,F,"Thanks, we need multi-speaker conversations where each person has a distinct style.",2026-02-01T13:24:15,83,13,1,5.3076923076923075,13.0,0,0,0,0.0,0,1,1,0,0,0.0,1,0,0.0,0,0.0,0,1,0,0
c3_23,23,c3,A,We should we need multi-speaker conversations where each person has a distinct style.,2026-02-01T13:24:38,85,14,1,5.071428571428571,14.0,0,0,0,0.0,0,1,1,0,0,0.0,0,1,0.07142857142857142,1,0.07142857142857142,0,2,1,1
c3_24,24,c3,G,I'm not fully convinced yet. We should include robustness checks by changing retrieval settings.,2026-02-01T13:25:58,96,15,2,5.333333333333333,7.5,0,0,0,0.0,0,1,2,0,0,0.0,0,1,0.06666666666666667,1,0.06666666666666667,0,2,1,0
c3_25,25,c3,C,"We should assign owners for each part so work doesn’t overlap. It might feel like extra work now, but it saves time during analysis.",2026-02-01T13:26:48,132,25,2,4.2,12.5,0,0,0,0.0,0,1,2,0,1,0.04,0,1,0.04,2,0.08,0,1,0,0
c3_26,26,c3,A,We should i agree. We need time near the end for polishing figures and slides.,2026-02-01T13:28:01,78,15,2,4.133333333333334,7.5,0,0,0,0.0,0,1,2,0,0,0.0,0,1,0.06666666666666667,1,0.06666666666666667,0,3,1,0
c3_27,27,c3,A,"We need to i agree. If we finish the prototype early, we’ll have time to run the user study.",2026-02-01T13:28:30,92,20,2,3.5,10.0,0,0,0,0.0,0,1,2,0,0,0.0,0,0,0.0,0,0.0,0,4,0,0
c3_28,28,c3,F,Let’s decide how many conversations and messages we need for signal. please.,2026-02-01T13:28:51,76,13,2,4.769230769230769,6.5,0,0,0,0.0,0,1,1,0,0,0.0,1,0,0.0,0,0.0,0,1,0,0
c3_29,29,c3,G,"If we finish the prototype early, we’ll have time to run the user study.",2026-02-01T13:30:20,72,15,1,3.7333333333333334,15.0,0,0,0,0.0,0,1,1,0,0,0.0,0,0,0.0,0,0.0,0,2,0,0
c3_30,30,c3,G,"In my view, i'm not fully convinced yet. Let’s decide how many conversations and messages we need for signal.",2026-02-01T13:31:04,109,21,2,4.095238095238095,10.5,0,0,0,0.0,0,1,2,0,0,0.0,0,0,0.0,0,0.0,0,3,0,0
c3_31,31,c3,B,"I think, we should measure who gets retrieved compared to who actually contributed.",2026-02-01T13:32:51,83,13,1,5.3076923076923075,13.0,0,0,0,0.0,0,1,1,0,1,0.07692307692307693,0,1,0.07692307692307693,1,0.07692307692307693,0,2,0,1
c3_32,32,c3,C,"In my view, we should include robustness checks by changing retrieval settings. It might feel like extra work now, but it saves time during analysis.",2026-02-01T13:34:32,149,25,2,4.84,12.5,0,0,0,0.0,0,1,2,0,1,0.04,0,1,0.04,2,0.08,0,2,0,0
c3_33,33,c3,A,We should i agree. We can simulate group chats so we control ground truth and avoid privacy issues.,2026-02-01T13:35:18,99,18,2,4.444444444444445,9.0,0,0,0,0.0,0,1,2,0,0,0.0,0,1,0.05555555555555555,2,0.1111111111111111,0,4,1,0
c3_34,34,c3,B,"I feel like, i'm not fully convinced yet. We need multi-speaker conversations where each person has a distinct style.",2026-02-01T13:37:00,117,21,2,4.476190476190476,10.5,0,0,0,0.0,0,1,2,0,0,0.0,0,0,0.0,0,0.0,0,3,0,0
c3_35,35,c3,C,"We should store everything in a clean CSV with speaker IDs and timestamps. It might feel like extra work now, but it saves time during analysis.",2026-02-01T13:37:29,144,26,2,4.461538461538462,13.0,0,0,0,0.0,0,1,7,0,1,0.038461538461538464,0,1,0.038461538461538464,2,0.07692307692307693,0,1,0,0
c3_36,36,c3,B,"I think, we should include robustness checks by changing retrieval settings.",2026-02-01T13:37:50,76,11,1,5.818181818181818,11.0,0,0,0,0.0,0,1,1,0,1,0.09090909090909091,0,1,0.09090909090909091,1,0.09090909090909091,0,2,0,0
c3_37,37,c3,B,"It seems like, we also need a human study to see if summaries change perception.",2026-02-01T13:39:09,80,15,1,4.266666666666667,15.0,0,0,0,0.0,0,1,1,0,1,0.06666666666666667,0,0,0.0,0,0.0,0,1,-1,0
c3_38,38,c3,A,We need to we need time near the end for polishing figures and slides.,2026-02-01T13:39:39,70,14,1,4.0,14.0,0,0,0,0.0,0,1,1,0,0,0.0,0,0,0.0,0,0.0,0,2,0,0
c3_39,39,c3,B,"I think, we should include robustness checks by changing retrieval settings.",2026-02-01T13:40:51,76,11,1,5.818181818181818,11.0,0,0,0,0.0,0,1,1,0,1,0.09090909090909091,0,1,0.09090909090909091,1,0.09090909090909091,0,2,0,0
c3_40,40,c3,G,We need time near the end for polishing figures and slides.,2026-02-01T13:41:56,59,11,1,4.363636363636363,11.0,0,0,0,0.0,0,1,1,0,0,0.0,0,0,0.0,0,0.0,0,1,0,0
c3_41,41,c3,C,"I agree. We also need a human study to see if summaries change perception. It might feel like extra work now, but it saves time during analysis.",2026-02-01T13:42:50,144,27,3,4.222222222222222,9.0,0,0,0,0.0,0,1,3,0,1,0.037037037037037035,0,0,0.0,1,0.037037037037037035,0,2,-1,0
c3_42,42,c3,G,We can simulate group chats so we control ground truth and avoid privacy issues.,2026-02-01T13:44:09,80,14,1,4.714285714285714,14.0,0,0,0,0.0,0,1,1,0,0,0.0,0,0,0.0,1,0.07142857142857142,0,2,0,0
c3_43,43,c3,A,We should we can simulate group chats so we control ground truth and avoid privacy issues.,2026-02-01T13:45:28,90,16,1,4.625,16.0,0,0,0,0.0,0,1,1,0,0,0.0,0,1,0.0625,2,0.125,0,3,1,0
c3_44,44,c3,F,"Would you be able to, let’s decide how many conversations and messages we need for signal.",2026-02-01T13:47:02,90,17,1,4.235294117647059,17.0,0,0,1,1.0,1,0,1,0,0,0.0,0,0,0.0,1,0.058823529411764705,0,1,0,0
c3_45,45,c3,A,The best option is we also need a human study to see if summaries change perception.,2026-02-01T13:48:15,84,16,1,4.25,16.0,0,0,0,0.0,0,1,1,0,0,0.0,0,1,0.0625,0,0.0,0,1,1,1
c3_46,46,c3,C,"We can simulate group chats so we control ground truth and avoid privacy issues. It might feel like extra work now, but it saves time during analysis.",2026-02-01T13:48:54,150,27,2,4.481481481481482,13.5,0,0,0,0.0,0,1,2,0,1,0.037037037037037035,0,0,0.0,2,0.07407407407407407,0,2,-1,0
c3_47,47,c3,B,"I feel like, we need multi-speaker conversations where each person has a distinct style.",2026-02-01T13:50:37,88,15,1,4.8,15.0,0,0,0,0.0,0,1,1,0,0,0.0,0,0,0.0,0,0.0,0,2,0,0
c3_48,48,c3,A,The best option is let’s decide how many conversations and messages we need for signal.,2026-02-01T13:52:22,87,16,1,4.4375,16.0,0,0,0,0.0,0,1,1,0,0,0.0,0,1,0.0625,0,0.0,0,1,1,1
c3_49,49,c3,C,We should store everything in a clean CSV with speaker IDs and timestamps. That way we can separate system behavior from human perception effects.,2026-02-01T13:53:01,146,24,2,5.041666666666667,12.0,0,0,0,0.0,0,1,7,0,0,0.0,0,1,0.041666666666666664,2,0.08333333333333333,0,2,1,0
c3_50,50,c3,C,We should measure who gets retrieved compared to who actually contributed. This also gives us something concrete to show in the proposal and final report.,2026-02-01T13:53:31,154,25,2,5.12,12.5,0,0,0,0.0,0,1,2,0,0,0.0,0,1,0.04,1,0.04,0,2,1,1
c3_51,51,c3,B,"Kind of, we should measure who gets retrieved compared to who actually contributed.",2026-02-01T13:54:47,83,13,1,5.3076923076923075,13.0,0,0,0,0.0,0,1,1,0,1,0.07692307692307693,0,1,0.07692307692307693,1,0.07692307692307693,0,1,0,1
c3_52,52,c3,C,Let’s decide how many conversations and messages we need for signal. This also gives us something concrete to show in the proposal and final report.,2026-02-01T13:56:36,148,26,2,4.653846153846154,13.0,0,0,0,0.0,0,1,2,0,0,0.0,0,0,0.0,0,0.0,0,2,0,0
c3_53,53,c3,B,"I think, let’s decide how many conversations and messages we need for signal.",2026-02-01T13:57:43,77,14,1,4.428571428571429,14.0,0,0,0,0.0,0,1,1,0,1,0.07142857142857142,0,0,0.0,0,0.0,0,2,-1,0
c3_54,54,c3,B,"It seems like, we also need a human study to see if summaries change perception.",2026-02-01T13:58:43,80,15,1,4.266666666666667,15.0,0,0,0,0.0,0,1,1,0,1,0.06666666666666667,0,0,0.0,0,0.0,0,1,-1,0
c3_55,55,c3,A,"Let's honestly, we can simulate group chats so we control ground truth and avoid privacy issues.",2026-02-01T14:00:27,96,17,1,4.588235294117647,17.0,0,0,0,0.0,0,1,1,0,0,0.0,0,0,0.0,1,0.058823529411764705,1,2,0,0
c3_56,56,c3,A,I propose we should include robustness checks by changing retrieval settings.,2026-02-01T14:02:06,77,11,1,6.0,11.0,0,0,0,0.0,0,1,1,0,0,0.0,0,1,0.09090909090909091,1,0.09090909090909091,0,2,1,0
c3_57,57,c3,A,"We should if we finish the prototype early, we’ll have time to run the user study.",2026-02-01T14:03:32,82,17,1,3.764705882352941,17.0,0,0,0,0.0,0,1,1,0,0,0.0,0,1,0.058823529411764705,1,0.058823529411764705,0,3,1,0
c3_58,58,c3,A,"The best option is let’s set weekly milestones: data, prototype, analysis, study, writing.",2026-02-01T14:04:01,90,14,1,5.071428571428571,14.0,0,0,0,0.0,0,1,1,0,0,0.0,0,1,0.07142857142857142,0,0.0,0,0,1,1
c3_59,59,c3,A,"Let's for sure, we should assign owners for each part so work doesn’t overlap.",2026-02-01T14:04:48,78,16,1,3.8125,16.0,0,0,0,0.0,0,1,1,0,0,0.0,0,1,0.0625,1,0.0625,1,1,1,0
c3_60,60,c3,G,We should assign owners for each part so work doesn’t overlap.,2026-02-01T14:06:10,62,12,1,4.166666666666667,12.0,0,0,0,0.0,0,1,1,0,0,0.0,0,1,0.08333333333333333,1,0.08333333333333333,0,1,1,0
c3_61,61,c3,C,"Let’s define a small set of standard questions to ask the system. It might feel like extra work now, but it saves time during analysis.",2026-02-01T14:06:32,135,26,2,4.115384615384615,13.0,0,0,0,0.0,0,1,2,0,1,0.038461538461538464,0,0,0.0,1,0.038461538461538464,0,0,-1,1
c3_62,62,c3,B,"It seems like, we need time near the end for polishing figures and slides.",2026-02-01T14:08:09,74,14,1,4.214285714285714,14.0,0,0,0,0.0,0,1,1,0,1,0.07142857142857142,0,0,0.0,0,0.0,0,1,-1,0
c3_63,63,c3,F,"Appreciate it, we should measure who gets retrieved compared to who actually contributed.",2026-02-01T14:08:33,89,13,1,5.769230769230769,13.0,0,0,0,0.0,0,1,1,0,0,0.0,1,1,0.07692307692307693,1,0.07692307692307693,0,1,1,0
c3_64,64,c3,F,I agree. We should include robustness checks by changing retrieval settings. could we.,2026-02-01T14:09:55,86,13,3,5.461538461538462,4.333333333333333,0,0,1,0.3333333333333333,1,0,2,0,1,0.07692307692307693,0,1,0.07692307692307693,2,0.15384615384615385,0,3,0,0
c3_65,65,c3,G,"To be clear, we should store everything in a clean CSV with speaker IDs and timestamps.",2026-02-01T14:10:25,87,16,1,4.375,16.0,0,0,0,0.0,0,1,6,0,0,0.0,0,1,0.0625,1,0.0625,1,1,1,0
c3_66,66,c3,B,"It seems like, i'm not fully convinced yet. We should store everything in a clean CSV with speaker IDs and timestamps.",2026-02-01T14:10:56,118,22,2,4.2727272727272725,11.0,0,0,0,0.0,0,1,7,0,1,0.045454545454545456,0,1,0.045454545454545456,1,0.045454545454545456,0,2,0,0
c3_67,67,c3,C,"Definitely, i agree. We should assign owners for each part so work doesn’t overlap. This also gives us something concrete to show in the proposal and final report.",2026-02-01T14:12:42,163,29,3,4.517241379310345,9.666666666666666,0,0,0,0.0,0,1,3,0,0,0.0,0,2,0.06896551724137931,1,0.034482758620689655,0,3,2,0
c3_68,68,c3,F,I agree. We should measure who gets retrieved compared to who actually contributed. thanks.,2026-02-01T14:13:59,91,14,3,5.357142857142857,4.666666666666667,0,0,0,0.0,0,1,2,0,0,0.0,1,1,0.07142857142857142,1,0.07142857142857142,0,2,1,0
c3_69,69,c3,F,"Thanks, we should measure who gets retrieved compared to who actually contributed.",2026-02-01T14:14:55,82,12,1,5.75,12.0,0,0,0,0.0,0,1,1,0,0,0.0,1,1,0.08333333333333333,1,0.08333333333333333,0,1,1,0
c3_70,70,c3,G,"To be clear, we need multi-speaker conversations where each person has a distinct style.",2026-02-01T14:16:22,88,15,1,4.8,15.0,0,0,0,0.0,0,1,1,0,0,0.0,0,0,0.0,0,0.0,1,1,0,1
c3_71,71,c3,C,We need multi-speaker conversations where each person has a distinct style. This also gives us something concrete to show in the proposal and final report.,2026-02-01T14:17:36,155,26,2,4.923076923076923,13.0,0,0,0,0.0,0,1,2,0,0,0.0,0,0,0.0,0,0.0,0,2,0,1
c3_72,72,c3,G,We also need a human study to see if summaries change perception.,2026-02-01T14:18:10,65,12,1,4.416666666666667,12.0,0,0,0,0.0,0,1,1,0,0,0.0,0,0,0.0,0,0.0,0,1,0,1
c3_73,73,c3,C,We can simulate group chats so we control ground truth and avoid privacy issues. This also gives us something concrete to show in the proposal and final report.,2026-02-01T14:18:49,160,28,2,4.678571428571429,14.0,0,0,0,0.0,0,1,2,0,0,0.0,0,0,0.0,1,0.03571428571428571,0,3,0,0
c3_74,74,c3,C,I agree. Let’s decide how many conversations and messages we need for signal. We can validate it quickly with a small pilot before we scale it up.,2026-02-01T14:20:03,146,28,3,4.142857142857143,9.333333333333334,0,0,0,0.0,0,1,3,0,0,0.0,0,0,0.0,1,0.03571428571428571,0,4,0,0
c3_75,75,c3,B,"I think, i agree. We also need a human study to see if summaries change perception.",2026-02-01T14:21:20,83,16,2,4.0625,8.0,0,0,0,0.0,0,1,2,0,1,0.0625,0,0,0.0,0,0.0,0,3,-1,0
c4_1,1,c4,E,Team: let's discuss team meeting recap and get aligned before we split tasks.,2026-02-01T14:00:00,77,14,1,4.428571428571429,14.0,0,0,0,0.0,0,1,1,0,0,0.0,0,0,0.0,0,0.0,1,1,0,0
c4_2,2,c4,E,Can we clarify: Let’s restate what we agreed on before we end the meeting?,2026-02-01T14:00:38,74,15,1,3.8666666666666667,15.0,1,0,1,1.0,1,0,2,0,0,0.0,0,0,0.0,1,0.06666666666666667,1,3,0,0
c4_3,3,c4,A,"We need to action items: finalize data format, build indexing, and draft pitch.",2026-02-01T14:01:22,79,13,1,4.846153846153846,13.0,0,0,0,0.0,0,1,1,0,0,0.0,0,0,0.0,0,0.0,0,1,0,0
c4_4,4,c4,A,Let's let’s restate what we agreed on before we end the meeting.,2026-02-01T14:02:42,64,14,1,3.5714285714285716,14.0,0,0,0,0.0,0,1,1,0,0,0.0,0,0,0.0,0,0.0,1,2,0,0
c4_5,5,c4,A,I propose i agree. Can someone summarize today’s discussion in a few bullets?,2026-02-01T14:04:31,77,14,2,4.428571428571429,7.0,1,0,1,0.5,1,0,2,0,0,0.0,0,0,0.0,1,0.07142857142857142,0,2,0,0
c4_6,6,c4,G,Let’s restate what we agreed on before we end the meeting.,2026-02-01T14:05:39,58,12,1,3.8333333333333335,12.0,0,0,0,0.0,0,1,1,0,0,0.0,0,0,0.0,0,0.0,0,2,0,0
c4_7,7,c4,A,I propose can someone summarize today’s discussion in a few bullets?,2026-02-01T14:06:17,68,12,1,4.666666666666667,12.0,1,0,1,1.0,1,0,1,0,0,0.0,0,0,0.0,1,0.08333333333333333,0,1,0,1
c4_8,8,c4,G,I agree. How do we define 'important' contributions in a fair way?,2026-02-01T14:07:18,66,12,2,4.25,6.0,1,0,1,0.5,1,0,2,0,0,0.0,0,0,0.0,0,0.0,0,2,0,0
c4_9,9,c4,G,"I agree. We should capture the reasoning behind the decision, not just the outcome.",2026-02-01T14:07:46,83,14,2,4.785714285714286,7.0,0,0,0,0.0,0,1,2,0,0,0.0,0,1,0.07142857142857142,1,0.07142857142857142,0,2,1,0
c4_10,10,c4,B,"Possibly, let’s assign owners and deadlines for each task.",2026-02-01T14:08:12,58,10,1,4.7,10.0,0,0,0,0.0,0,1,1,0,1,0.1,0,0,0.0,0,0.0,0,0,-1,0
c4_11,11,c4,A,I propose i'm not fully convinced yet. The main decision is which project idea we commit to.,2026-02-01T14:09:41,92,18,2,4.055555555555555,9.0,0,0,0,0.0,0,1,2,0,0,0.0,0,0,0.0,0,0.0,0,3,0,1
c4_12,12,c4,F,"Would you be able to, we still need to decide the retrieval strategy and top-k value.",2026-02-01T14:10:33,85,17,1,3.9411764705882355,17.0,0,0,1,1.0,1,0,1,0,0,0.0,0,0,0.0,1,0.058823529411764705,0,1,0,0
c4_13,13,c4,E,Before we move on: How many participants do we need for a reasonable user study??,2026-02-01T14:11:44,81,15,1,4.266666666666667,15.0,1,0,1,1.0,1,0,2,0,0,0.0,0,0,0.0,0,0.0,1,2,0,1
c4_14,14,c4,E,"Small question: Honestly, how many participants do we need for a reasonable user study??",2026-02-01T14:12:58,88,14,1,5.071428571428571,14.0,1,0,1,1.0,1,0,2,0,0,0.0,0,0,0.0,0,0.0,1,1,0,0
c4_15,15,c4,B,"I think, the main decision is which project idea we commit to.",2026-02-01T14:13:57,62,12,1,4.083333333333333,12.0,0,0,0,0.0,0,1,1,0,1,0.08333333333333333,0,0,0.0,0,0.0,0,2,-1,0
c4_16,16,c4,F,Should we analyze message-level retrieval or chunk messages into windows? appreciate it.,2026-02-01T14:14:30,88,13,2,5.6923076923076925,6.5,1,0,1,0.5,1,0,1,0,0,0.0,1,1,0.07692307692307693,1,0.07692307692307693,0,1,1,0
c4_17,17,c4,F,Should we analyze message-level retrieval or chunk messages into windows? could we.,2026-02-01T14:16:14,83,13,2,5.3076923076923075,6.5,1,0,2,1.0,1,0,1,0,1,0.07692307692307693,0,1,0.07692307692307693,2,0.15384615384615385,0,2,0,0
c4_18,18,c4,F,I agree. Should we analyze message-level retrieval or chunk messages into windows? thanks.,2026-02-01T14:16:59,90,14,3,5.285714285714286,4.666666666666667,1,0,1,0.3333333333333333,1,0,2,0,0,0.0,1,1,0.07142857142857142,1,0.07142857142857142,0,2,1,0
c4_19,19,c4,E,Before we move on: I agree. We still need to decide the retrieval strategy and top-k value?,2026-02-01T14:18:47,91,18,2,3.9444444444444446,9.0,1,0,1,0.5,1,0,3,0,0,0.0,0,0,0.0,0,0.0,1,3,0,0
c4_20,20,c4,E,Can we clarify: I agree. The main decision is which project idea we commit to?,2026-02-01T14:19:21,78,15,2,4.066666666666666,7.5,1,0,2,1.0,1,0,3,0,0,0.0,0,0,0.0,1,0.06666666666666667,1,3,0,0
c4_21,21,c4,G,"We should capture the reasoning behind the decision, not just the outcome.",2026-02-01T14:20:54,74,12,1,5.083333333333333,12.0,0,0,0,0.0,0,1,1,0,0,0.0,0,1,0.08333333333333333,1,0.08333333333333333,0,1,1,1
c4_22,22,c4,G,"We should capture the reasoning behind the decision, not just the outcome.",2026-02-01T14:22:34,74,12,1,5.083333333333333,12.0,0,0,0,0.0,0,1,1,0,0,0.0,0,1,0.08333333333333333,1,0.08333333333333333,0,1,1,1
c4_23,23,c4,G,I agree. Let’s assign owners and deadlines for each task.,2026-02-01T14:23:06,57,11,2,4.090909090909091,5.5,0,0,0,0.0,0,1,2,0,0,0.0,0,0,0.0,0,0.0,0,1,0,0
c4_24,24,c4,G,Let’s assign owners and deadlines for each task.,2026-02-01T14:24:33,48,9,1,4.333333333333333,9.0,0,0,0,0.0,0,1,1,0,0,0.0,0,0,0.0,0,0.0,0,0,0,0
c4_25,25,c4,B,"Possibly, i agree. We should write down the final scope so everyone is aligned.",2026-02-01T14:26:16,79,14,2,4.5,7.0,0,0,0,0.0,0,1,2,0,1,0.07142857142857142,0,1,0.07142857142857142,1,0.07142857142857142,0,2,0,0
c4_26,26,c4,F,"Please, the main decision is which project idea we commit to.",2026-02-01T14:27:44,61,11,1,4.454545454545454,11.0,0,0,0,0.0,0,1,1,0,0,0.0,1,0,0.0,0,0.0,0,1,0,1
c4_27,27,c4,E,Quick question: Can someone summarize today’s discussion in a few bullets??,2026-02-01T14:29:21,75,12,1,5.083333333333333,12.0,1,0,1,1.0,1,0,2,0,0,0.0,0,0,0.0,1,0.08333333333333333,1,0,0,1
c4_28,28,c4,F,Let’s assign owners and deadlines for each task. appreciate it.,2026-02-01T14:29:54,63,11,2,4.636363636363637,5.5,0,0,0,0.0,0,1,1,0,0,0.0,1,0,0.0,0,0.0,0,0,0,0
c4_29,29,c4,B,"I feel like, the main decision is which project idea we commit to.",2026-02-01T14:30:42,66,13,1,4.0,13.0,0,0,0,0.0,0,1,1,0,0,0.0,0,0,0.0,0,0.0,0,2,0,0
c4_30,30,c4,E,"Just to check: Honestly, how many participants do we need for a reasonable user study??",2026-02-01T14:31:38,87,15,1,4.6,15.0,1,0,1,1.0,1,0,2,0,0,0.0,0,0,0.0,0,0.0,1,1,0,0
c4_31,31,c4,A,We should should we analyze message-level retrieval or chunk messages into windows?,2026-02-01T14:32:24,83,13,1,5.384615384615385,13.0,1,0,1,1.0,1,0,1,0,0,0.0,0,2,0.15384615384615385,2,0.15384615384615385,0,2,2,0
c4_32,32,c4,A,"The best option is action items: finalize data format, build indexing, and draft pitch.",2026-02-01T14:33:50,87,14,1,5.0,14.0,0,0,0,0.0,0,1,1,0,0,0.0,0,1,0.07142857142857142,0,0.0,0,0,1,0
c4_33,33,c4,B,"I'm not sure but, we still need to decide the retrieval strategy and top-k value.",2026-02-01T14:34:54,81,17,1,3.7058823529411766,17.0,0,0,0,0.0,0,1,1,0,0,0.0,0,0,0.0,0,0.0,0,2,0,0
c4_34,34,c4,B,"I'm not sure but, in my view, should we analyze message-level retrieval or chunk messages into windows?",2026-02-01T14:36:36,103,19,1,4.315789473684211,19.0,1,0,1,1.0,1,0,1,0,0,0.0,0,1,0.05263157894736842,1,0.05263157894736842,0,3,1,0
c4_35,35,c4,A,We need to the main decision is which project idea we commit to.,2026-02-01T14:38:05,64,13,1,3.923076923076923,13.0,0,0,0,0.0,0,1,1,0,0,0.0,0,0,0.0,0,0.0,0,2,0,0
c4_36,36,c4,E,Just to check: We should create a shared doc with open questions and next steps?,2026-02-01T14:39:46,80,15,1,4.266666666666667,15.0,1,0,1,1.0,1,0,2,0,0,0.0,0,1,0.06666666666666667,1,0.06666666666666667,1,1,1,0
c4_37,37,c4,B,"I'm not sure but, we should write down the final scope so everyone is aligned.",2026-02-01T14:41:06,78,16,1,3.8125,16.0,0,0,0,0.0,0,1,1,0,0,0.0,0,1,0.0625,1,0.0625,0,2,1,0
c4_38,38,c4,B,"I feel like, how many participants do we need for a reasonable user study?",2026-02-01T14:42:08,74,14,1,4.214285714285714,14.0,1,0,1,1.0,1,0,1,0,0,0.0,0,0,0.0,0,0.0,0,2,0,0
c4_39,39,c4,E,"Just to check: Definitely, we should capture the reasoning behind the decision, not just the outcome?",2026-02-01T14:43:46,101,16,1,5.125,16.0,1,0,1,1.0,1,0,2,0,0,0.0,0,2,0.125,1,0.0625,1,1,2,1
c4_40,40,c4,A,The best option is i'm not fully convinced yet. Let’s assign owners and deadlines for each task.,2026-02-01T14:45:29,96,19,2,4.0,9.5,0,0,0,0.0,0,1,2,0,0,0.0,0,1,0.05263157894736842,0,0.0,0,1,1,0
c4_41,41,c4,B,"Possibly, can someone summarize today’s discussion in a few bullets?",2026-02-01T14:46:13,68,11,1,5.090909090909091,11.0,1,0,1,1.0,1,0,1,0,1,0.09090909090909091,0,0,0.0,1,0.09090909090909091,0,0,-1,1
c4_42,42,c4,A,The best option is can someone summarize today’s discussion in a few bullets?,2026-02-01T14:47:06,77,14,1,4.5,14.0,1,0,1,1.0,1,0,1,0,0,0.0,0,1,0.07142857142857142,1,0.07142857142857142,0,0,1,1
c4_43,43,c4,G,Can someone summarize today’s discussion in a few bullets?,2026-02-01T14:48:05,58,10,1,4.8,10.0,1,0,1,1.0,1,0,1,0,0,0.0,0,0,0.0,1,0.1,0,0,0,1
c4_44,44,c4,G,How do we define 'important' contributions in a fair way?,2026-02-01T14:49:08,57,10,1,4.5,10.0,1,0,1,1.0,1,0,1,0,0,0.0,0,0,0.0,0,0.0,0,1,0,0
c4_45,45,c4,G,Let’s assign owners and deadlines for each task.,2026-02-01T14:50:33,48,9,1,4.333333333333333,9.0,0,0,0,0.0,0,1,1,0,0,0.0,0,0,0.0,0,0.0,0,0,0,0
c4_46,46,c4,F,"Thanks, let’s assign owners and deadlines for each task.",2026-02-01T14:51:40,56,10,1,4.5,10.0,0,0,0,0.0,0,1,1,0,0,0.0,1,0,0.0,0,0.0,0,0,0,0
c4_47,47,c4,F,"Please, how many participants do we need for a reasonable user study?",2026-02-01T14:53:13,69,12,1,4.666666666666667,12.0,1,0,1,1.0,1,0,1,0,0,0.0,1,0,0.0,0,0.0,0,1,0,1
c4_48,48,c4,E,"Just to check: For sure, i'm not fully convinced yet. We should create a shared doc with open questions and next steps?",2026-02-01T14:54:17,119,23,2,4.043478260869565,11.5,1,0,1,0.5,1,0,3,0,0,0.0,0,1,0.043478260869565216,1,0.043478260869565216,1,2,1,0
c4_49,49,c4,B,"It seems like, the main decision is which project idea we commit to.",2026-02-01T14:55:54,68,13,1,4.153846153846154,13.0,0,0,0,0.0,0,1,1,0,1,0.07692307692307693,0,0,0.0,0,0.0,0,1,-1,0
c4_50,50,c4,G,How do we define 'important' contributions in a fair way?,2026-02-01T14:56:26,57,10,1,4.5,10.0,1,0,1,1.0,1,0,1,0,0,0.0,0,0,0.0,0,0.0,0,1,0,0
c4_51,51,c4,E,Before we move on: Let’s restate what we agreed on before we end the meeting?,2026-02-01T14:57:32,77,16,1,3.75,16.0,1,0,1,1.0,1,0,2,0,0,0.0,0,0,0.0,0,0.0,1,3,0,0
c4_52,52,c4,G,Let’s restate what we agreed on before we end the meeting.,2026-02-01T14:58:16,58,12,1,3.8333333333333335,12.0,0,0,0,0.0,0,1,1,0,0,0.0,0,0,0.0,0,0.0,0,2,0,0
c4_53,53,c4,F,"Appreciate it, we should capture the reasoning behind the decision, not just the outcome.",2026-02-01T14:59:51,89,14,1,5.214285714285714,14.0,0,0,0,0.0,0,1,1,0,0,0.0,1,1,0.07142857142857142,1,0.07142857142857142,0,1,1,1
c4_54,54,c4,F,"Appreciate it, i agree. We should capture the reasoning behind the decision, not just the outcome.",2026-02-01T15:01:38,98,16,2,4.9375,8.0,0,0,0,0.0,0,1,2,0,0,0.0,1,1,0.0625,1,0.0625,0,2,1,0
c4_55,55,c4,E,Can we clarify: We should write down the final scope so everyone is aligned?,2026-02-01T15:03:18,76,14,1,4.357142857142857,14.0,1,0,1,1.0,1,0,2,0,0,0.0,0,1,0.07142857142857142,2,0.14285714285714285,1,2,1,0
c4_56,56,c4,E,"Just to check: In my view, the main decision is which project idea we commit to?",2026-02-01T15:05:05,80,16,1,3.875,16.0,1,0,1,1.0,1,0,2,0,0,0.0,0,0,0.0,0,0.0,1,2,0,0
c4_57,57,c4,A,I recommend how do we define 'important' contributions in a fair way?,2026-02-01T15:06:29,69,12,1,4.583333333333333,12.0,1,0,1,1.0,1,0,1,0,0,0.0,0,1,0.08333333333333333,0,0.0,0,2,1,0
c4_58,58,c4,B,"It seems like, let’s restate what we agreed on before we end the meeting.",2026-02-01T15:07:38,73,15,1,3.8,15.0,0,0,0,0.0,0,1,1,0,1,0.06666666666666667,0,0,0.0,0,0.0,0,2,-1,0
c4_59,59,c4,B,"I'm not sure but, we should capture the reasoning behind the decision, not just the outcome.",2026-02-01T15:08:36,92,17,1,4.294117647058823,17.0,0,0,0,0.0,0,1,1,0,0,0.0,0,1,0.058823529411764705,1,0.058823529411764705,0,2,1,1
c4_60,60,c4,A,"I recommend action items: finalize data format, build indexing, and draft pitch.",2026-02-01T15:09:31,80,12,1,5.416666666666667,12.0,0,0,0,0.0,0,1,1,0,0,0.0,0,1,0.08333333333333333,0,0.0,0,1,1,1
c4_61,61,c4,B,"I think, definitely, let’s assign owners and deadlines for each task.",2026-02-01T15:11:05,69,12,1,4.583333333333333,12.0,0,0,0,0.0,0,1,1,0,1,0.08333333333333333,0,1,0.08333333333333333,0,0.0,0,1,0,0
c4_62,62,c4,A,"We should action items: finalize data format, build indexing, and draft pitch.",2026-02-01T15:12:06,78,12,1,5.25,12.0,0,0,0,0.0,0,1,1,0,0,0.0,0,1,0.08333333333333333,1,0.08333333333333333,0,1,1,0
c5_1,1,c5,F,Team: let's discuss choosing tools/stack and get aligned before we split tasks.,2026-02-01T15:00:00,79,14,1,4.571428571428571,14.0,0,0,0,0.0,0,1,1,0,0,0.0,0,0,0.0,0,0.0,1,1,0,1
c5_2,2,c5,F,"Please, if we keep it simple, we can run more experiments and comparisons.",2026-02-01T15:01:21,74,13,1,4.538461538461538,13.0,0,0,0,0.0,0,1,1,0,0,0.0,1,0,0.0,1,0.07692307692307693,0,2,0,0
c5_3,3,c5,A,"We should i agree. If we keep the stack simple, we can focus on the analysis.",2026-02-01T15:02:09,77,16,2,3.6875,8.0,0,0,0,0.0,0,1,2,0,0,0.0,0,1,0.0625,2,0.125,0,4,1,0
c5_4,4,c5,E,Quick question: We should build a baseline before adding any improvements?,2026-02-01T15:03:32,74,11,1,5.636363636363637,11.0,1,0,1,1.0,1,0,2,0,0,0.0,0,1,0.09090909090909091,1,0.09090909090909091,1,1,1,1
c5_5,5,c5,B,"Kind of, we should log every retrieval step so we can explain results.",2026-02-01T15:04:36,70,13,1,4.3076923076923075,13.0,0,0,0,0.0,0,1,1,0,1,0.07692307692307693,0,1,0.07692307692307693,2,0.15384615384615385,0,2,0,0
c5_6,6,c5,E,Before we move on: Let’s make the pipeline reproducible with fixed seeds and configs?,2026-02-01T15:05:20,85,15,1,4.6,15.0,1,0,1,1.0,1,0,2,0,0,0.0,0,0,0.0,0,0.0,1,1,0,0
c5_7,7,c5,F,A minimal system plus strong evaluation is probably the best strategy. if you don't mind.,2026-02-01T15:06:25,89,16,2,4.5,8.0,0,0,0,0.0,0,1,1,0,1,0.0625,0,0,0.0,0,0.0,0,0,-1,1
c5_8,8,c5,B,"Kind of, we could compare two setups to see if results are robust.",2026-02-01T15:07:02,66,13,1,4.0,13.0,0,0,0,0.0,0,1,1,0,2,0.15384615384615385,0,0,0.0,1,0.07692307692307693,0,1,-2,0
c5_9,9,c5,F,"Would you be able to, i agree. A more complex system might look impressive but could be risky.",2026-02-01T15:07:41,94,18,2,4.111111111111111,9.0,0,0,1,0.5,1,0,2,0,2,0.1111111111111111,0,0,0.0,3,0.16666666666666666,0,1,-2,0
c5_10,10,c5,A,"We should i agree. First we ingest chats, then index, then retrieve, then answer, then analyze logs.",2026-02-01T15:09:17,100,17,2,4.588235294117647,8.5,0,0,0,0.0,0,1,2,0,0,0.0,0,1,0.058823529411764705,1,0.058823529411764705,0,3,1,1
c5_11,11,c5,B,"Kind of, let’s make the pipeline reproducible with fixed seeds and configs.",2026-02-01T15:10:30,75,13,1,4.6923076923076925,13.0,0,0,0,0.0,0,1,1,0,1,0.07692307692307693,0,0,0.0,0,0.0,0,0,-1,0
c5_12,12,c5,G,I'm not fully convinced yet. Let’s make the pipeline reproducible with fixed seeds and configs.,2026-02-01T15:11:48,95,17,2,4.529411764705882,8.5,0,0,0,0.0,0,1,2,0,0,0.0,0,0,0.0,0,0.0,0,1,0,0
c5_13,13,c5,F,I'm not fully convinced yet. Let’s make the pipeline reproducible with fixed seeds and configs. please.,2026-02-01T15:13:00,103,18,3,4.611111111111111,6.0,0,0,0,0.0,0,1,2,0,0,0.0,1,0,0.0,0,0.0,0,1,0,0
c5_14,14,c5,A,"I recommend if we keep the stack simple, we can focus on the analysis.",2026-02-01T15:13:57,70,14,1,3.9285714285714284,14.0,0,0,0,0.0,0,1,1,0,0,0.0,0,1,0.07142857142857142,1,0.07142857142857142,0,3,1,1
c5_15,15,c5,E,Quick question: We should log every retrieval step so we can explain results?,2026-02-01T15:15:39,77,13,1,4.846153846153846,13.0,1,0,1,1.0,1,0,2,0,0,0.0,0,1,0.07692307692307693,2,0.15384615384615385,1,2,1,0
c5_16,16,c5,E,Small question: We should choose tools that are stable and easy to reproduce?,2026-02-01T15:17:18,77,13,1,4.846153846153846,13.0,1,0,1,1.0,1,0,2,0,0,0.0,0,1,0.07692307692307693,1,0.07692307692307693,1,1,1,0
c5_17,17,c5,A,The best option is we should choose tools that are stable and easy to reproduce.,2026-02-01T15:18:41,80,15,1,4.333333333333333,15.0,0,0,0,0.0,0,1,1,0,0,0.0,0,2,0.13333333333333333,1,0.06666666666666667,0,1,2,0
c5_18,18,c5,A,"The best option is first we ingest chats, then index, then retrieve, then answer, then analyze logs.",2026-02-01T15:20:00,100,17,1,4.647058823529412,17.0,0,0,0,0.0,0,1,1,0,0,0.0,0,1,0.058823529411764705,0,0.0,0,1,1,1
c5_19,19,c5,A,I recommend we can use a simple vector store and a basic retrieval QA chain.,2026-02-01T15:20:46,76,15,1,4.066666666666666,15.0,0,0,0,0.0,0,1,3,0,0,0.0,0,1,0.06666666666666667,1,0.06666666666666667,0,2,1,0
c5_20,20,c5,B,"Kind of, we should build a baseline before adding any improvements.",2026-02-01T15:22:10,67,11,1,5.0,11.0,0,0,0,0.0,0,1,1,0,1,0.09090909090909091,0,1,0.09090909090909091,1,0.09090909090909091,0,1,0,1
c5_21,21,c5,A,"I propose first we ingest chats, then index, then retrieve, then answer, then analyze logs.",2026-02-01T15:22:35,91,15,1,4.8,15.0,0,0,0,0.0,0,1,1,0,0,0.0,0,0,0.0,0,0.0,0,2,0,1
c5_22,22,c5,A,We need to we should trade engineering time for better study design and write-up.,2026-02-01T15:23:46,81,15,1,4.4,15.0,0,0,0,0.0,0,1,1,0,0,0.0,0,1,0.06666666666666667,1,0.06666666666666667,0,2,1,0
c5_23,23,c5,A,"The best option is if we keep the stack simple, we can focus on the analysis.",2026-02-01T15:25:00,77,16,1,3.75,16.0,0,0,0,0.0,0,1,1,0,0,0.0,0,1,0.0625,1,0.0625,0,2,1,1
c5_24,24,c5,B,"Maybe, let’s make the pipeline reproducible with fixed seeds and configs.",2026-02-01T15:26:16,73,12,1,5.0,12.0,0,0,0,0.0,0,1,1,0,1,0.08333333333333333,0,0,0.0,0,0.0,0,0,-1,0
c5_25,25,c5,A,We should we should trade engineering time for better study design and write-up.,2026-02-01T15:26:51,80,14,1,4.714285714285714,14.0,0,0,0,0.0,0,1,1,0,0,0.0,0,2,0.14285714285714285,2,0.14285714285714285,0,2,2,0
c5_26,26,c5,B,"Maybe, i agree. We could compare two setups to see if results are robust.",2026-02-01T15:28:04,73,14,2,4.071428571428571,7.0,0,0,0,0.0,0,1,2,0,2,0.14285714285714285,0,0,0.0,1,0.07142857142857142,0,2,-2,0
c5_27,27,c5,E,"Small question: To be clear, first we ingest chats, then index, then retrieve, then answer, then analyze logs?",2026-02-01T15:29:51,110,18,1,4.777777777777778,18.0,1,0,1,1.0,1,0,2,0,0,0.0,0,0,0.0,0,0.0,2,1,0,1
c5_28,28,c5,G,A more complex system might look impressive but could be risky.,2026-02-01T15:30:20,63,11,1,4.7272727272727275,11.0,0,0,0,0.0,0,1,1,0,2,0.18181818181818182,0,0,0.0,2,0.18181818181818182,0,0,-2,0
c5_29,29,c5,F,"Definitely, i agree. Let’s make the pipeline reproducible with fixed seeds and configs. could we.",2026-02-01T15:31:55,97,16,3,4.875,5.333333333333333,0,0,1,0.3333333333333333,1,0,2,0,1,0.0625,0,1,0.0625,1,0.0625,0,2,0,0
c5_30,30,c5,G,We should log every retrieval step so we can explain results.,2026-02-01T15:33:45,61,11,1,4.545454545454546,11.0,0,0,0,0.0,0,1,1,0,0,0.0,0,1,0.09090909090909091,2,0.18181818181818182,0,2,1,0
c5_31,31,c5,G,We should log every retrieval step so we can explain results.,2026-02-01T15:34:28,61,11,1,4.545454545454546,11.0,0,0,0,0.0,0,1,1,0,0,0.0,0,1,0.09090909090909091,2,0.18181818181818182,0,2,1,0
c5_32,32,c5,E,Quick question: We should trade engineering time for better study design and write-up?,2026-02-01T15:35:32,86,14,1,5.071428571428571,14.0,1,0,1,1.0,1,0,2,0,0,0.0,0,1,0.07142857142857142,1,0.07142857142857142,1,1,1,0
c5_33,33,c5,B,"Maybe, we can use a simple vector store and a basic retrieval QA chain.",2026-02-01T15:36:21,71,14,1,4.0,14.0,0,0,0,0.0,0,1,3,0,1,0.07142857142857142,0,0,0.0,1,0.07142857142857142,0,1,-1,0
c5_34,34,c5,B,"I think, honestly, first we ingest chats, then index, then retrieve, then answer, then analyze logs.",2026-02-01T15:36:47,100,16,1,4.875,16.0,0,0,0,0.0,0,1,1,0,1,0.0625,0,0,0.0,0,0.0,0,2,-1,1
c5_35,35,c5,A,"The best option is if we keep it simple, we can run more experiments and comparisons.",2026-02-01T15:37:48,85,16,1,4.25,16.0,0,0,0,0.0,0,1,1,0,0,0.0,0,1,0.0625,1,0.0625,0,2,1,1
c5_36,36,c5,E,Can we clarify: Let’s make the pipeline reproducible with fixed seeds and configs?,2026-02-01T15:38:51,82,14,1,4.785714285714286,14.0,1,0,1,1.0,1,0,2,0,0,0.0,0,0,0.0,1,0.07142857142857142,1,1,0,1
c5_37,37,c5,G,I agree. We should choose tools that are stable and easy to reproduce.,2026-02-01T15:40:28,70,13,2,4.3076923076923075,6.5,0,0,0,0.0,0,1,2,0,0,0.0,0,1,0.07692307692307693,1,0.07692307692307693,0,2,1,0
c5_38,38,c5,E,Can we clarify: A more complex system might look impressive but could be risky?,2026-02-01T15:41:50,79,14,1,4.571428571428571,14.0,1,0,1,1.0,1,0,2,0,2,0.14285714285714285,0,0,0.0,3,0.21428571428571427,1,1,-2,0
c5_39,39,c5,B,"Kind of, if we keep the stack simple, we can focus on the analysis.",2026-02-01T15:43:11,67,14,1,3.642857142857143,14.0,0,0,0,0.0,0,1,1,0,1,0.07142857142857142,0,0,0.0,1,0.07142857142857142,0,2,-1,1
c5_40,40,c5,G,We should choose tools that are stable and easy to reproduce.,2026-02-01T15:44:04,61,11,1,4.545454545454546,11.0,0,0,0,0.0,0,1,1,0,0,0.0,0,1,0.09090909090909091,1,0.09090909090909091,0,1,1,0
c5_41,41,c5,E,Can we clarify: I agree. We can use a simple vector store and a basic retrieval QA chain?,2026-02-01T15:45:02,89,18,2,3.8333333333333335,9.0,1,0,2,1.0,1,0,5,0,0,0.0,0,0,0.0,2,0.1111111111111111,1,3,0,0
c5_42,42,c5,F,"Please, we can use a simple vector store and a basic retrieval QA chain.",2026-02-01T15:45:34,72,14,1,4.071428571428571,14.0,0,0,0,0.0,0,1,3,0,0,0.0,1,0,0.0,1,0.07142857142857142,0,1,0,0
c5_43,43,c5,G,A minimal system plus strong evaluation is probably the best strategy.,2026-02-01T15:47:00,70,11,1,5.363636363636363,11.0,0,0,0,0.0,0,1,1,0,1,0.09090909090909091,0,0,0.0,0,0.0,0,0,-1,1
c5_44,44,c5,F,A minimal system plus strong evaluation is probably the best strategy. could we.,2026-02-01T15:48:07,80,13,2,5.076923076923077,6.5,0,0,1,0.5,1,0,1,0,2,0.15384615384615385,0,0,0.0,1,0.07692307692307693,0,1,-2,1
c5_45,45,c5,B,"Maybe, i'm not fully convinced yet. A minimal system plus strong evaluation is probably the best strategy.",2026-02-01T15:48:49,106,18,2,4.777777777777778,9.0,0,0,0,0.0,0,1,2,0,2,0.1111111111111111,0,0,0.0,0,0.0,0,1,-2,0
c5_46,46,c5,G,Let’s make the pipeline reproducible with fixed seeds and configs.,2026-02-01T15:50:27,66,11,1,5.0,11.0,0,0,0,0.0,0,1,1,0,0,0.0,0,0,0.0,0,0.0,0,0,0,0
c5_47,47,c5,A,We need to we should build a baseline before adding any improvements.,2026-02-01T15:51:15,69,12,1,4.75,12.0,0,0,0,0.0,0,1,1,0,0,0.0,0,1,0.08333333333333333,1,0.08333333333333333,0,2,1,1
c5_48,48,c5,A,Let's a more complex system might look impressive but could be risky.,2026-02-01T15:52:51,69,13,1,4.3076923076923075,13.0,0,0,0,0.0,0,1,1,0,2,0.15384615384615385,0,0,0.0,2,0.15384615384615385,1,0,-2,0
c5_49,49,c5,A,"We should honestly, let’s make the pipeline reproducible with fixed seeds and configs.",2026-02-01T15:54:07,86,14,1,5.071428571428571,14.0,0,0,0,0.0,0,1,1,0,0,0.0,0,1,0.07142857142857142,1,0.07142857142857142,0,1,1,1
c5_50,50,c5,E,"Can we clarify: If we keep the stack simple, we can focus on the analysis?",2026-02-01T15:55:55,74,15,1,3.8,15.0,1,0,1,1.0,1,0,2,0,0,0.0,0,0,0.0,2,0.13333333333333333,1,3,0,1
c5_51,51,c5,B,"I'm not sure but, let’s make the pipeline reproducible with fixed seeds and configs.",2026-02-01T15:56:35,84,16,1,4.1875,16.0,0,0,0,0.0,0,1,1,0,0,0.0,0,0,0.0,0,0.0,0,1,0,0
c5_52,52,c5,F,"If you don't mind, a more complex system might look impressive but could be risky.",2026-02-01T15:57:47,82,16,1,4.0625,16.0,0,0,0,0.0,0,1,1,0,2,0.125,0,0,0.0,2,0.125,0,0,-2,0
c5_53,53,c5,F,"If you don't mind, a minimal system plus strong evaluation is probably the best strategy.",2026-02-01T15:58:28,89,16,1,4.5,16.0,0,0,0,0.0,0,1,1,0,1,0.0625,0,0,0.0,0,0.0,0,0,-1,1
c5_54,54,c5,B,"It seems like, we can use a simple vector store and a basic retrieval QA chain.",2026-02-01T15:59:46,79,16,1,3.875,16.0,0,0,0,0.0,0,1,3,0,1,0.0625,0,0,0.0,1,0.0625,0,1,-1,0
c5_55,55,c5,G,I agree. We should choose tools that are stable and easy to reproduce.,2026-02-01T16:01:34,70,13,2,4.3076923076923075,6.5,0,0,0,0.0,0,1,2,0,0,0.0,0,1,0.07692307692307693,1,0.07692307692307693,0,2,1,0
c5_56,56,c5,B,"I feel like, for sure, a more complex system might look impressive but could be risky.",2026-02-01T16:02:21,86,16,1,4.25,16.0,0,0,0,0.0,0,1,1,0,2,0.125,0,0,0.0,2,0.125,0,1,-2,0
c5_57,57,c5,F,"Appreciate it, we could compare two setups to see if results are robust.",2026-02-01T16:04:07,72,13,1,4.461538461538462,13.0,0,0,0,0.0,0,1,1,0,1,0.07692307692307693,1,0,0.0,1,0.07692307692307693,0,1,-1,0
c6_1,1,c6,E,Team: let's discuss class project planning and get aligned before we split tasks.,2026-02-01T16:00:00,81,14,1,4.714285714285714,14.0,0,0,0,0.0,0,1,1,0,0,0.0,0,0,0.0,0,0.0,1,1,0,1
c6_2,2,c6,F,"If you don't mind, we should measure who gets retrieved compared to who actually contributed.",2026-02-01T16:01:05,93,16,1,4.75,16.0,0,0,0,0.0,0,1,1,0,0,0.0,0,1,0.0625,1,0.0625,0,1,1,0
c6_3,3,c6,F,"Appreciate it, we should include robustness checks by changing retrieval settings.",2026-02-01T16:01:34,82,11,1,6.363636363636363,11.0,0,0,0,0.0,0,1,1,0,0,0.0,1,1,0.09090909090909091,1,0.09090909090909091,0,1,1,0
c6_4,4,c6,B,"Maybe, i'm not fully convinced yet. Let’s define a small set of standard questions to ask the system.",2026-02-01T16:02:44,101,20,2,3.95,10.0,0,0,0,0.0,0,1,2,0,1,0.05,0,0,0.0,0,0.0,0,1,-1,0
c6_5,5,c6,E,Can we clarify: I'm not fully convinced yet. Let’s pick one main question and avoid building extra features?,2026-02-01T16:03:37,108,20,2,4.3,10.0,1,0,2,1.0,1,0,3,0,0,0.0,0,0,0.0,1,0.05,1,2,0,1
c6_6,6,c6,B,"I feel like, i'm not fully convinced yet. We should assign owners for each part so work doesn’t overlap.",2026-02-01T16:05:15,104,21,2,3.857142857142857,10.5,0,0,0,0.0,0,1,2,0,0,0.0,0,1,0.047619047619047616,1,0.047619047619047616,0,3,1,0
c6_7,7,c6,B,"It seems like, if we finish the prototype early, we’ll have time to run the user study.",2026-02-01T16:06:46,87,18,1,3.7222222222222223,18.0,0,0,0,0.0,0,1,1,0,1,0.05555555555555555,0,0,0.0,0,0.0,0,2,-1,0
c6_8,8,c6,B,"Possibly, if we finish the prototype early, we’ll have time to run the user study.",2026-02-01T16:07:07,82,16,1,4.0,16.0,0,0,0,0.0,0,1,1,0,1,0.0625,0,0,0.0,0,0.0,0,2,-1,0
c6_9,9,c6,B,"I'm not sure but, we also need a human study to see if summaries change perception.",2026-02-01T16:08:40,83,17,1,3.823529411764706,17.0,0,0,0,0.0,0,1,1,0,0,0.0,0,0,0.0,0,0.0,0,2,0,1
c6_10,10,c6,B,"I think, we should assign owners for each part so work doesn’t overlap.",2026-02-01T16:10:25,71,14,1,4.0,14.0,0,0,0,0.0,0,1,1,0,1,0.07142857142857142,0,1,0.07142857142857142,1,0.07142857142857142,0,2,0,0
c6_11,11,c6,E,Before we move on: We should include robustness checks by changing retrieval settings?,2026-02-01T16:12:13,86,13,1,5.538461538461538,13.0,1,0,1,1.0,1,0,2,0,0,0.0,0,1,0.07692307692307693,1,0.07692307692307693,1,2,1,0
c6_12,12,c6,C,"For sure, we should measure who gets retrieved compared to who actually contributed. We can validate it quickly with a small pilot before we scale it up.",2026-02-01T16:13:09,153,27,2,4.592592592592593,13.5,0,0,0,0.0,0,1,2,0,0,0.0,0,1,0.037037037037037035,2,0.07407407407407407,0,3,1,0
c6_13,13,c6,E,"Just to check: If we finish the prototype early, we’ll have time to run the user study?",2026-02-01T16:14:48,87,18,1,3.7222222222222223,18.0,1,0,1,1.0,1,0,2,0,0,0.0,0,0,0.0,0,0.0,1,2,0,0
c6_14,14,c6,C,"Let’s set weekly milestones: data, prototype, analysis, study, writing. If we write this down as a checklist, we can avoid back-and-forth later.",2026-02-01T16:16:24,144,25,2,4.48,12.5,0,0,0,0.0,0,1,2,0,0,0.0,0,0,0.0,1,0.04,0,2,0,1
c6_15,15,c6,F,"To be clear, i'm not fully convinced yet. We need time near the end for polishing figures and slides. thanks.",2026-02-01T16:17:04,109,21,3,4.0476190476190474,7.0,0,0,0,0.0,0,1,2,0,0,0.0,1,0,0.0,0,0.0,1,2,0,0
c6_16,16,c6,C,Let’s define a small set of standard questions to ask the system. That way we can separate system behavior from human perception effects.,2026-02-01T16:18:10,137,24,2,4.666666666666667,12.0,0,0,0,0.0,0,1,2,0,0,0.0,0,0,0.0,1,0.041666666666666664,0,1,0,1
c6_17,17,c6,C,I'm not fully convinced yet. Let’s pick one main question and avoid building extra features. We can validate it quickly with a small pilot before we scale it up.,2026-02-01T16:19:39,161,31,3,4.129032258064516,10.333333333333334,0,0,0,0.0,0,1,3,0,0,0.0,0,0,0.0,1,0.03225806451612903,0,3,0,1
c6_18,18,c6,F,I agree. Let’s define a small set of standard questions to ask the system. appreciate it.,2026-02-01T16:20:38,89,17,3,4.117647058823529,5.666666666666667,0,0,0,0.0,0,1,2,0,0,0.0,1,0,0.0,0,0.0,0,1,0,0
c6_19,19,c6,C,"Let’s define a small set of standard questions to ask the system. If we write this down as a checklist, we can avoid back-and-forth later.",2026-02-01T16:22:14,138,28,2,3.857142857142857,14.0,0,0,0,0.0,0,1,2,0,0,0.0,0,0,0.0,1,0.03571428571428571,0,2,0,0
c6_20,20,c6,E,"Before we move on: If we overbuild, we’ll have less time for evaluation and writing?",2026-02-01T16:22:45,84,16,1,4.125,16.0,1,0,1,1.0,1,0,2,0,0,0.0,0,0,0.0,0,0.0,1,3,0,1
c6_21,21,c6,C,We also need a human study to see if summaries change perception. This also gives us something concrete to show in the proposal and final report.,2026-02-01T16:23:07,145,26,2,4.538461538461538,13.0,0,0,0,0.0,0,1,2,0,0,0.0,0,0,0.0,0,0.0,0,2,0,1
c6_22,22,c6,E,Small question: I agree. We should include robustness checks by changing retrieval settings?,2026-02-01T16:23:43,92,13,2,5.923076923076923,6.5,1,0,1,0.5,1,0,3,0,0,0.0,0,1,0.07692307692307693,1,0.07692307692307693,1,2,1,0
c6_23,23,c6,B,"Maybe, if we finish the prototype early, we’ll have time to run the user study.",2026-02-01T16:24:14,79,16,1,3.8125,16.0,0,0,0,0.0,0,1,1,0,1,0.0625,0,0,0.0,0,0.0,0,2,-1,0
c6_24,24,c6,E,Quick question: Let’s pick one main question and avoid building extra features?,2026-02-01T16:25:18,79,13,1,5.0,13.0,1,0,1,1.0,1,0,2,0,0,0.0,0,0,0.0,0,0.0,1,0,0,1
c6_25,25,c6,F,"Would you be able to, we also need a human study to see if summaries change perception.",2026-02-01T16:25:55,87,17,1,4.0588235294117645,17.0,0,0,1,1.0,1,0,1,0,0,0.0,0,0,0.0,1,0.058823529411764705,0,1,0,0
c6_26,26,c6,C,"We need to keep the project focused so we can finish in time. If we write this down as a checklist, we can avoid back-and-forth later.",2026-02-01T16:27:11,134,28,2,3.7142857142857144,14.0,0,0,0,0.0,0,1,2,0,0,0.0,0,0,0.0,2,0.07142857142857142,0,4,0,1
c6_27,27,c6,B,"Maybe, we need time near the end for polishing figures and slides.",2026-02-01T16:28:35,66,12,1,4.416666666666667,12.0,0,0,0,0.0,0,1,1,0,1,0.08333333333333333,0,0,0.0,0,0.0,0,1,-1,0
c6_28,28,c6,B,"Maybe, let’s set weekly milestones: data, prototype, analysis, study, writing.",2026-02-01T16:29:00,78,11,1,5.545454545454546,11.0,0,0,0,0.0,0,1,1,0,1,0.09090909090909091,0,0,0.0,0,0.0,0,0,-1,0
c6_29,29,c6,F,"If we finish the prototype early, we’ll have time to run the user study. if you don't mind.",2026-02-01T16:29:45,91,20,2,3.45,10.0,0,0,0,0.0,0,1,1,0,0,0.0,0,0,0.0,0,0.0,0,2,0,0
c6_30,30,c6,C,We should assign owners for each part so work doesn’t overlap. This also gives us something concrete to show in the proposal and final report.,2026-02-01T16:30:18,142,26,2,4.423076923076923,13.0,0,0,0,0.0,0,1,2,0,0,0.0,0,1,0.038461538461538464,1,0.038461538461538464,0,2,1,0
c6_31,31,c6,C,"We need to keep the project focused so we can finish in time. It might feel like extra work now, but it saves time during analysis.",2026-02-01T16:31:56,131,26,2,3.9615384615384617,13.0,0,0,0,0.0,0,1,2,0,1,0.038461538461538464,0,0,0.0,2,0.07692307692307693,0,2,-1,1
c6_32,32,c6,C,"If we finish the prototype early, we’ll have time to run the user study. We can validate it quickly with a small pilot before we scale it up.",2026-02-01T16:33:13,141,29,2,3.793103448275862,14.5,0,0,0,0.0,0,1,2,0,0,0.0,0,0,0.0,1,0.034482758620689655,0,4,0,1
c6_33,33,c6,E,Just to check: I'm not fully convinced yet. We should include robustness checks by changing retrieval settings?,2026-02-01T16:34:29,111,18,2,5.055555555555555,9.0,1,0,1,0.5,1,0,3,0,0,0.0,0,1,0.05555555555555555,1,0.05555555555555555,1,2,1,0
c6_34,34,c6,F,We need to keep the project focused so we can finish in time. thanks.,2026-02-01T16:36:16,69,14,2,3.857142857142857,7.0,0,0,0,0.0,0,1,1,0,0,0.0,1,0,0.0,1,0.07142857142857142,0,2,0,0
c6_35,35,c6,D,Let’s define a small set of standard questions to ask the system.,2026-02-01T16:37:11,65,13,1,4.0,13.0,0,0,0,0.0,0,1,1,0,0,0.0,0,0,0.0,0,0.0,0,0,0,0
c6_36,36,c6,E,"Just to check: Let’s set weekly milestones: data, prototype, analysis, study, writing?",2026-02-01T16:38:24,86,13,1,5.153846153846154,13.0,1,0,1,1.0,1,0,2,0,0,0.0,0,0,0.0,0,0.0,1,0,0,0
c6_37,37,c6,B,"Kind of, we should assign owners for each part so work doesn’t overlap.",2026-02-01T16:38:50,71,14,1,4.0,14.0,0,0,0,0.0,0,1,1,0,1,0.07142857142857142,0,1,0.07142857142857142,1,0.07142857142857142,0,1,0,0
c6_38,38,c6,C,Let’s pick one main question and avoid building extra features. This also gives us something concrete to show in the proposal and final report.,2026-02-01T16:39:54,143,25,2,4.68,12.5,0,0,0,0.0,0,1,2,0,0,0.0,0,0,0.0,0,0.0,0,1,0,1
c6_39,39,c6,C,"I agree. We should assign owners for each part so work doesn’t overlap. If we write this down as a checklist, we can avoid back-and-forth later.",2026-02-01T16:41:15,144,29,3,3.8620689655172415,9.666666666666666,0,0,0,0.0,0,1,3,0,0,0.0,0,1,0.034482758620689655,2,0.06896551724137931,0,4,1,0
c6_40,40,c6,B,"Possibly, we also need a human study to see if summaries change perception.",2026-02-01T16:42:06,75,13,1,4.6923076923076925,13.0,0,0,0,0.0,0,1,1,0,1,0.07692307692307693,0,0,0.0,0,0.0,0,1,-1,0
c6_41,41,c6,C,We also need a human study to see if summaries change perception. We can validate it quickly with a small pilot before we scale it up.,2026-02-01T16:43:25,134,26,2,4.115384615384615,13.0,0,0,0,0.0,0,1,2,0,0,0.0,0,0,0.0,1,0.038461538461538464,0,3,0,0
c6_42,42,c6,E,Can we clarify: We need time near the end for polishing figures and slides?,2026-02-01T16:44:59,75,14,1,4.285714285714286,14.0,1,0,1,1.0,1,0,2,0,0,0.0,0,0,0.0,1,0.07142857142857142,1,2,0,0
c6_43,43,c6,F,Let’s pick one main question and avoid building extra features. could we.,2026-02-01T16:46:49,73,13,2,4.538461538461538,6.5,0,0,1,0.5,1,0,1,0,1,0.07692307692307693,0,0,0.0,1,0.07692307692307693,0,1,-1,1
c6_44,44,c6,B,"Maybe, we need time near the end for polishing figures and slides.",2026-02-01T16:48:15,66,12,1,4.416666666666667,12.0,0,0,0,0.0,0,1,1,0,1,0.08333333333333333,0,0,0.0,0,0.0,0,1,-1,0
c6_45,45,c6,C,"Let’s define a small set of standard questions to ask the system. If we write this down as a checklist, we can avoid back-and-forth later.",2026-02-01T16:49:38,138,28,2,3.857142857142857,14.0,0,0,0,0.0,0,1,2,0,0,0.0,0,0,0.0,1,0.03571428571428571,0,2,0,0
c6_46,46,c6,B,"Kind of, i agree. Let’s define a small set of standard questions to ask the system.",2026-02-01T16:51:02,83,17,2,3.764705882352941,8.5,0,0,0,0.0,0,1,2,0,1,0.058823529411764705,0,0,0.0,0,0.0,0,1,-1,0
c6_47,47,c6,C,"I agree. We should include robustness checks by changing retrieval settings. If we write this down as a checklist, we can avoid back-and-forth later.",2026-02-01T16:52:30,149,26,3,4.615384615384615,8.666666666666666,0,0,0,0.0,0,1,3,0,0,0.0,0,1,0.038461538461538464,2,0.07692307692307693,0,4,1,0
c6_48,48,c6,C,We need time near the end for polishing figures and slides. This also gives us something concrete to show in the proposal and final report.,2026-02-01T16:53:02,139,25,2,4.52,12.5,0,0,0,0.0,0,1,2,0,0,0.0,0,0,0.0,0,0.0,0,2,0,0
c6_49,49,c6,B,"It seems like, we need time near the end for polishing figures and slides.",2026-02-01T16:54:44,74,14,1,4.214285714285714,14.0,0,0,0,0.0,0,1,1,0,1,0.07142857142857142,0,0,0.0,0,0.0,0,1,-1,0
c6_50,50,c6,D,We also need a human study to see if summaries change perception.,2026-02-01T16:55:07,65,12,1,4.416666666666667,12.0,0,0,0,0.0,0,1,1,0,0,0.0,0,0,0.0,0,0.0,0,1,0,1
c6_51,51,c6,C,"We should include robustness checks by changing retrieval settings. If we write this down as a checklist, we can avoid back-and-forth later.",2026-02-01T16:55:47,140,24,2,4.75,12.0,0,0,0,0.0,0,1,2,0,0,0.0,0,1,0.041666666666666664,2,0.08333333333333333,0,3,1,0
c6_52,52,c6,B,"Possibly, we should measure who gets retrieved compared to who actually contributed.",2026-02-01T16:56:13,84,12,1,5.916666666666667,12.0,0,0,0,0.0,0,1,1,0,1,0.08333333333333333,0,1,0.08333333333333333,1,0.08333333333333333,0,1,0,0
c6_53,53,c6,C,"If we finish the prototype early, we’ll have time to run the user study. We can validate it quickly with a small pilot before we scale it up.",2026-02-01T16:56:53,141,29,2,3.793103448275862,14.5,0,0,0,0.0,0,1,2,0,0,0.0,0,0,0.0,1,0.034482758620689655,0,4,0,1
c6_54,54,c6,C,We should include robustness checks by changing retrieval settings. That way we can separate system behavior from human perception effects.,2026-02-01T16:58:28,139,20,2,5.9,10.0,0,0,0,0.0,0,1,2,0,0,0.0,0,1,0.05,2,0.1,0,2,1,0
c6_55,55,c6,F,"If you don't mind, honestly, we need to keep the project focused so we can finish in time.",2026-02-01T16:59:32,90,19,1,3.6315789473684212,19.0,0,0,0,0.0,0,1,1,0,0,0.0,0,0,0.0,1,0.05263157894736842,0,2,0,0
c6_56,56,c6,F,"Please, i agree. We should include robustness checks by changing retrieval settings.",2026-02-01T17:00:17,84,12,2,5.833333333333333,6.0,0,0,0,0.0,0,1,2,0,0,0.0,1,1,0.08333333333333333,1,0.08333333333333333,0,2,1,0
c6_57,57,c6,C,"Honestly, i agree. Let’s define a small set of standard questions to ask the system. We can validate it quickly with a small pilot before we scale it up.",2026-02-01T17:01:36,153,30,3,4.0,10.0,0,0,0,0.0,0,1,3,0,0,0.0,0,0,0.0,1,0.03333333333333333,0,3,0,0
c6_58,58,c6,C,Let’s define a small set of standard questions to ask the system. That way we can separate system behavior from human perception effects.,2026-02-01T17:02:55,137,24,2,4.666666666666667,12.0,0,0,0,0.0,0,1,2,0,0,0.0,0,0,0.0,1,0.041666666666666664,0,1,0,1
c6_59,59,c6,B,"Possibly, let’s define a small set of standard questions to ask the system.",2026-02-01T17:04:30,75,14,1,4.285714285714286,14.0,0,0,0,0.0,0,1,1,0,1,0.07142857142857142,0,0,0.0,0,0.0,0,0,-1,0
c6_60,60,c6,F,"Could we, i agree. We need time near the end for polishing figures and slides.",2026-02-01T17:05:29,78,15,2,4.066666666666666,7.5,0,0,1,0.5,1,0,2,0,1,0.06666666666666667,0,0,0.0,1,0.06666666666666667,0,3,-1,0
c6_61,61,c6,D,I agree.,2026-02-01T17:06:41,8,2,1,3.0,2.0,0,0,0,0.0,0,1,1,0,0,0.0,0,0,0.0,0,0.0,0,1,0,0
c6_62,62,c6,E,"Quick question: To be clear, we need time near the end for polishing figures and slides?",2026-02-01T17:07:56,88,16,1,4.375,16.0,1,0,1,1.0,1,0,2,0,0,0.0,0,0,0.0,0,0.0,2,1,0,0
c6_63,63,c6,B,"Kind of, we should include robustness checks by changing retrieval settings.",2026-02-01T17:08:46,76,11,1,5.818181818181818,11.0,0,0,0,0.0,0,1,1,0,1,0.09090909090909091,0,1,0.09090909090909091,1,0.09090909090909091,0,1,0,0
c6_64,64,c6,B,"I feel like, let’s define a small set of standard questions to ask the system.",2026-02-01T17:09:16,78,16,1,3.8125,16.0,0,0,0,0.0,0,1,1,0,0,0.0,0,0,0.0,0,0.0,0,1,0,0
c6_65,65,c6,D,We should assign owners for each part so work doesn’t overlap.,2026-02-01T17:09:41,62,12,1,4.166666666666667,12.0,0,0,0,0.0,0,1,1,0,0,0.0,0,1,0.08333333333333333,1,0.08333333333333333,0,1,1,0
c6_66,66,c6,D,We should include robustness checks by changing retrieval settings.,2026-02-01T17:11:30,67,9,1,6.444444444444445,9.0,0,0,0,0.0,0,1,1,0,0,0.0,0,1,0.1111111111111111,1,0.1111111111111111,0,1,1,0
c6_67,67,c6,F,We also need a human study to see if summaries change perception. could we.,2026-02-01T17:12:18,75,14,2,4.285714285714286,7.0,0,0,1,0.5,1,0,1,0,1,0.07142857142857142,0,0,0.0,1,0.07142857142857142,0,2,-1,0
c6_68,68,c6,F,"Could we, we need time near the end for polishing figures and slides.",2026-02-01T17:13:42,69,13,1,4.230769230769231,13.0,0,0,1,1.0,1,0,1,0,1,0.07692307692307693,0,0,0.0,1,0.07692307692307693,0,2,-1,0
c6_69,69,c6,C,We need to keep the project focused so we can finish in time. That way we can separate system behavior from human perception effects.,2026-02-01T17:15:02,133,24,2,4.5,12.0,0,0,0,0.0,0,1,2,0,0,0.0,0,0,0.0,2,0.08333333333333333,0,3,0,0
c7_1,1,c7,B,Team: let's discuss study design discussion and get aligned before we split tasks.,2026-02-01T17:00:00,82,14,1,4.785714285714286,14.0,0,0,0,0.0,0,1,1,0,0,0.0,0,0,0.0,0,0.0,1,1,0,1
c7_2,2,c7,D,"We should compute style metrics: verbosity, hedging rate, assertiveness rate.",2026-02-01T17:01:22,77,10,1,6.4,10.0,0,0,0,0.0,0,1,1,0,0,0.0,0,1,0.1,1,0.1,0,1,1,0
c7_3,3,c7,C,"I'm not fully convinced yet. Readers may think the most-retrieved speaker is the leader, even if they weren’t. This also gives us something concrete to show in the proposal and final report.",2026-02-01T17:02:12,190,35,3,4.3428571428571425,11.666666666666666,0,0,0,0.0,0,1,3,0,0,0.0,0,0,0.0,1,0.02857142857142857,0,2,0,0
c7_4,4,c7,E,"Can we clarify: I'm not fully convinced yet. We should collect demographics lightly, if allowed, but keep it minimal?",2026-02-01T17:03:22,117,20,2,4.65,10.0,1,0,2,1.0,1,0,3,0,0,0.0,0,1,0.05,2,0.1,1,3,1,1
c7_5,5,c7,B,"I feel like, if retrieval is skewed, summaries may systematically misrepresent the group.",2026-02-01T17:04:59,89,13,1,5.6923076923076925,13.0,0,0,0,0.0,0,1,1,0,0,0.0,0,0,0.0,1,0.07692307692307693,0,1,0,0
c7_6,6,c7,C,"We should compute style metrics: verbosity, hedging rate, assertiveness rate. It might feel like extra work now, but it saves time during analysis.",2026-02-01T17:05:38,147,23,2,5.173913043478261,11.5,0,0,0,0.0,0,1,2,0,1,0.043478260869565216,0,1,0.043478260869565216,2,0.08695652173913043,0,1,0,0
c7_7,7,c7,B,"Kind of, i suspect verbose speakers will be retrieved more often just because they contain more keywords.",2026-02-01T17:06:04,105,17,1,5.117647058823529,17.0,0,0,0,0.0,0,1,1,0,1,0.058823529411764705,0,0,0.0,1,0.058823529411764705,0,1,-1,0
c7_8,8,c7,F,Hedging language might be retrieved less because it sounds less decisive. thanks.,2026-02-01T17:06:30,81,12,2,5.666666666666667,6.0,0,0,0,0.0,0,1,1,0,1,0.08333333333333333,1,0,0.0,1,0.08333333333333333,0,0,-1,0
c7_9,9,c7,B,"I feel like, for the user study, we can ask who seems most knowledgeable or influential.",2026-02-01T17:08:08,88,16,1,4.375,16.0,0,0,0,0.0,0,1,1,0,1,0.0625,0,0,0.0,1,0.0625,0,2,-1,0
c7_10,10,c7,F,"Appreciate it, i'm not fully convinced yet. For the user study, we can ask who seems most knowledgeable or influential.",2026-02-01T17:09:52,119,21,2,4.523809523809524,10.5,0,0,0,0.0,0,1,2,0,1,0.047619047619047616,1,0,0.0,1,0.047619047619047616,0,2,-1,1
c7_11,11,c7,E,"Small question: If retrieval is skewed, summaries may systematically misrepresent the group?",2026-02-01T17:11:29,92,12,1,6.5,12.0,1,0,1,1.0,1,0,2,0,0,0.0,0,0,0.0,1,0.08333333333333333,1,0,0,0
c7_12,12,c7,B,"I think, readers may think the most-retrieved speaker is the leader, even if they weren’t.",2026-02-01T17:13:13,90,17,1,4.176470588235294,17.0,0,0,0,0.0,0,1,1,0,1,0.058823529411764705,0,0,0.0,1,0.058823529411764705,0,1,-1,0
c7_13,13,c7,F,"I agree. If retrieval is skewed, summaries may systematically misrepresent the group. thanks.",2026-02-01T17:14:52,93,13,3,5.923076923076923,4.333333333333333,0,0,0,0.0,0,1,2,0,0,0.0,1,0,0.0,1,0.07692307692307693,0,1,0,0
c7_14,14,c7,E,"Just to check: For the user study, we can ask who seems most knowledgeable or influential?",2026-02-01T17:15:35,90,16,1,4.5,16.0,1,0,1,1.0,1,0,2,0,1,0.0625,0,0,0.0,1,0.0625,1,1,-1,0
c7_15,15,c7,C,"We should collect demographics lightly, if allowed, but keep it minimal. It might feel like extra work now, but it saves time during analysis.",2026-02-01T17:16:58,142,24,2,4.75,12.0,0,0,0,0.0,0,1,2,0,1,0.041666666666666664,0,1,0.041666666666666664,2,0.08333333333333333,0,1,0,1
c7_16,16,c7,F,"Would you be able to, we can keep it lightweight with a Google Form and short tasks.",2026-02-01T17:18:42,84,17,1,3.8823529411764706,17.0,0,0,1,1.0,1,0,3,0,0,0.0,0,0,0.0,2,0.11764705882352941,0,1,0,0
c7_17,17,c7,E,"Before we move on: For the user study, we can ask who seems most knowledgeable or influential?",2026-02-01T17:19:58,94,17,1,4.411764705882353,17.0,1,0,1,1.0,1,0,2,0,1,0.058823529411764705,0,0,0.0,1,0.058823529411764705,1,2,-1,0
c7_18,18,c7,E,Before we move on: We should track agreement across participants to see if the effect is consistent?,2026-02-01T17:20:23,100,17,1,4.823529411764706,17.0,1,0,1,1.0,1,0,2,0,0,0.0,0,1,0.058823529411764705,1,0.058823529411764705,1,2,1,1
c7_19,19,c7,D,"We should compute style metrics: verbosity, hedging rate, assertiveness rate.",2026-02-01T17:20:51,77,10,1,6.4,10.0,0,0,0,0.0,0,1,1,0,0,0.0,0,1,0.1,1,0.1,0,1,1,0
c7_20,20,c7,D,I'm not fully convinced yet.,2026-02-01T17:22:35,28,6,1,3.6666666666666665,6.0,0,0,0,0.0,0,1,1,0,0,0.0,0,0,0.0,0,0.0,0,1,0,0
c7_21,21,c7,B,"I feel like, i agree. If retrieval is skewed, summaries may systematically misrepresent the group.",2026-02-01T17:23:21,98,15,2,5.333333333333333,7.5,0,0,0,0.0,0,1,2,0,0,0.0,0,0,0.0,1,0.06666666666666667,0,2,0,0
c7_22,22,c7,F,We can show participants a short system-generated summary and ask perception questions. would you be able to.,2026-02-01T17:24:07,109,18,2,5.0,9.0,0,0,1,0.5,1,0,1,0,0,0.0,0,0,0.0,2,0.1111111111111111,0,1,0,0
c7_23,23,c7,D,We can show participants a short system-generated summary and ask perception questions.,2026-02-01T17:25:03,87,13,1,5.6923076923076925,13.0,0,0,0,0.0,0,1,1,0,0,0.0,0,0,0.0,1,0.07692307692307693,0,1,0,1
c7_24,24,c7,B,"I'm not sure but, i suspect verbose speakers will be retrieved more often just because they contain more keywords.",2026-02-01T17:25:52,114,20,1,4.65,20.0,0,0,0,0.0,0,1,1,0,0,0.0,0,0,0.0,1,0.05,0,2,0,0
c7_25,25,c7,E,"Small question: We should collect demographics lightly, if allowed, but keep it minimal?",2026-02-01T17:26:31,88,13,1,5.538461538461538,13.0,1,0,1,1.0,1,0,2,0,0,0.0,0,1,0.07692307692307693,1,0.07692307692307693,1,1,1,1
c7_26,26,c7,B,"I think, we should randomize which conversation they see to avoid learning effects.",2026-02-01T17:27:54,83,13,1,5.3076923076923075,13.0,0,0,0,0.0,0,1,1,0,1,0.07692307692307693,0,1,0.07692307692307693,1,0.07692307692307693,0,2,0,1
c7_27,27,c7,F,"Would you be able to, i'm not fully convinced yet. We can keep it lightweight with a Google Form and short tasks.",2026-02-01T17:29:34,113,23,2,3.8260869565217392,11.5,0,0,1,0.5,1,0,4,0,0,0.0,0,0,0.0,2,0.08695652173913043,0,2,0,0
c7_28,28,c7,F,"For sure, readers may think the most-retrieved speaker is the leader, even if they weren’t. would you be able to.",2026-02-01T17:30:10,113,22,2,4.0,11.0,0,0,1,0.5,1,0,1,0,0,0.0,0,0,0.0,2,0.09090909090909091,0,0,0,0
c7_29,29,c7,E,"Small question: For the user study, we can ask who seems most knowledgeable or influential?",2026-02-01T17:31:44,91,15,1,4.933333333333334,15.0,1,0,1,1.0,1,0,2,0,1,0.06666666666666667,0,0,0.0,1,0.06666666666666667,1,1,-1,0
c7_30,30,c7,E,"Quick question: In my view, we should track agreement across participants to see if the effect is consistent?",2026-02-01T17:33:22,109,18,1,4.944444444444445,18.0,1,0,1,1.0,1,0,2,0,0,0.0,0,1,0.05555555555555555,1,0.05555555555555555,1,2,1,1
c7_31,31,c7,E,Before we move on: Hedging language might be retrieved less because it sounds less decisive?,2026-02-01T17:34:51,92,15,1,5.066666666666666,15.0,1,0,1,1.0,1,0,2,0,1,0.06666666666666667,0,0,0.0,1,0.06666666666666667,1,1,-1,0
c7_32,32,c7,F,"Readers may think the most-retrieved speaker is the leader, even if they weren’t. thanks.",2026-02-01T17:35:58,89,16,2,4.4375,8.0,0,0,0,0.0,0,1,1,0,0,0.0,1,0,0.0,1,0.0625,0,0,0,0
c7_33,33,c7,B,"Kind of, we should randomize which conversation they see to avoid learning effects.",2026-02-01T17:37:03,83,13,1,5.3076923076923075,13.0,0,0,0,0.0,0,1,1,0,1,0.07692307692307693,0,1,0.07692307692307693,1,0.07692307692307693,0,1,0,0
c7_34,34,c7,F,"Would you be able to, i agree. I suspect verbose speakers will be retrieved more often just because they contain more keywords.",2026-02-01T17:37:38,127,22,2,4.681818181818182,11.0,0,0,1,0.5,1,0,2,0,0,0.0,0,0,0.0,2,0.09090909090909091,0,2,0,0
c7_35,35,c7,E,"Can we clarify: I agree. We should collect demographics lightly, if allowed, but keep it minimal?",2026-02-01T17:38:46,97,16,2,4.8125,8.0,1,0,2,1.0,1,0,3,0,0,0.0,0,1,0.0625,2,0.125,1,3,1,0
c7_36,36,c7,F,"Could we, for sure, we should randomize which conversation they see to avoid learning effects.",2026-02-01T17:40:26,94,15,1,5.133333333333334,15.0,0,0,1,1.0,1,0,1,0,1,0.06666666666666667,0,1,0.06666666666666667,2,0.13333333333333333,0,2,0,1
c7_37,37,c7,B,"It seems like, i'm not fully convinced yet. We should collect demographics lightly, if allowed, but keep it minimal.",2026-02-01T17:42:13,116,20,2,4.6,10.0,0,0,0,0.0,0,1,2,0,1,0.05,0,1,0.05,1,0.05,0,2,0,1
c7_38,38,c7,B,"Kind of, hedging language might be retrieved less because it sounds less decisive.",2026-02-01T17:43:27,82,13,1,5.230769230769231,13.0,0,0,0,0.0,0,1,1,0,2,0.15384615384615385,0,0,0.0,1,0.07692307692307693,0,0,-2,0
c7_39,39,c7,C,"For the user study, we can ask who seems most knowledgeable or influential. This also gives us something concrete to show in the proposal and final report.",2026-02-01T17:44:55,155,27,2,4.666666666666667,13.5,0,0,0,0.0,0,1,2,0,1,0.037037037037037035,0,0,0.0,1,0.037037037037037035,0,2,-1,1
c7_40,40,c7,B,"Maybe, we can compute retrieval share per speaker and compare it to participation share.",2026-02-01T17:45:31,88,14,1,5.214285714285714,14.0,0,0,0,0.0,0,1,1,0,1,0.07142857142857142,0,0,0.0,1,0.07142857142857142,0,1,-1,0
c7_41,41,c7,F,"Would you be able to, for sure, we should compute style metrics: verbosity, hedging rate, assertiveness rate.",2026-02-01T17:47:20,109,17,1,5.117647058823529,17.0,0,0,1,1.0,1,0,1,0,0,0.0,0,1,0.058823529411764705,2,0.11764705882352941,0,1,1,0
c7_42,42,c7,F,"Would you be able to, hedging language might be retrieved less because it sounds less decisive.",2026-02-01T17:48:57,95,16,1,4.875,16.0,0,0,1,1.0,1,0,1,0,1,0.0625,0,0,0.0,2,0.125,0,0,-1,0
c7_43,43,c7,F,"Please, we can compute retrieval share per speaker and compare it to participation share.",2026-02-01T17:50:39,89,14,1,5.285714285714286,14.0,0,0,0,0.0,0,1,1,0,0,0.0,1,0,0.0,1,0.07142857142857142,0,1,0,0
c7_44,44,c7,C,I agree. I suspect verbose speakers will be retrieved more often just because they contain more keywords. We can validate it quickly with a small pilot before we scale it up.,2026-02-01T17:51:49,174,31,3,4.548387096774194,10.333333333333334,0,0,0,0.0,0,1,3,0,0,0.0,0,0,0.0,2,0.06451612903225806,0,4,0,0
c7_45,45,c7,B,"Possibly, honestly, i agree. Hedging language might be retrieved less because it sounds less decisive.",2026-02-01T17:52:37,102,15,2,5.6,7.5,0,0,0,0.0,0,1,2,0,2,0.13333333333333333,0,0,0.0,1,0.06666666666666667,0,1,-2,0
c7_46,46,c7,E,"Quick question: Honestly, if retrieval is skewed, summaries may systematically misrepresent the group?",2026-02-01T17:53:12,102,13,1,6.615384615384615,13.0,1,0,1,1.0,1,0,2,0,0,0.0,0,0,0.0,1,0.07692307692307693,1,0,0,0
c7_47,47,c7,B,"Kind of, readers may think the most-retrieved speaker is the leader, even if they weren’t.",2026-02-01T17:55:02,90,17,1,4.176470588235294,17.0,0,0,0,0.0,0,1,1,0,1,0.058823529411764705,0,0,0.0,1,0.058823529411764705,0,0,-1,0
c7_48,48,c7,E,"Can we clarify: For sure, we should collect demographics lightly, if allowed, but keep it minimal?",2026-02-01T17:56:31,98,16,1,4.875,16.0,1,0,1,1.0,1,0,2,0,0,0.0,0,1,0.0625,2,0.125,1,2,1,1
c7_49,49,c7,B,"It seems like, i agree. I suspect verbose speakers will be retrieved more often just because they contain more keywords.",2026-02-01T17:58:07,120,20,2,4.9,10.0,0,0,0,0.0,0,1,2,0,1,0.05,0,0,0.0,1,0.05,0,2,-1,0
c7_50,50,c7,E,Can we clarify: We should track agreement across participants to see if the effect is consistent?,2026-02-01T17:59:12,97,16,1,5.0,16.0,1,0,1,1.0,1,0,2,0,0,0.0,0,1,0.0625,2,0.125,1,2,1,1
c7_51,51,c7,B,"Possibly, we can keep it lightweight with a Google Form and short tasks.",2026-02-01T17:59:39,72,13,1,4.461538461538462,13.0,0,0,0,0.0,0,1,3,0,1,0.07692307692307693,0,0,0.0,1,0.07692307692307693,0,1,-1,0
c7_52,52,c7,D,"Honestly, we should collect demographics lightly, if allowed, but keep it minimal.",2026-02-01T18:00:30,82,12,1,5.583333333333333,12.0,0,0,0,0.0,0,1,1,0,0,0.0,0,1,0.08333333333333333,1,0.08333333333333333,0,1,1,0
c7_53,53,c7,B,"I think, we should collect demographics lightly, if allowed, but keep it minimal.",2026-02-01T18:01:16,81,13,1,5.0,13.0,0,0,0,0.0,0,1,1,0,1,0.07692307692307693,0,1,0.07692307692307693,1,0.07692307692307693,0,2,0,0
c7_54,54,c7,B,"Possibly, if retrieval is skewed, summaries may systematically misrepresent the group.",2026-02-01T18:02:09,86,11,1,6.636363636363637,11.0,0,0,0,0.0,0,1,1,0,1,0.09090909090909091,0,0,0.0,1,0.09090909090909091,0,0,-1,0
c7_55,55,c7,F,"For sure, i agree. We should collect demographics lightly, if allowed, but keep it minimal. could we.",2026-02-01T18:03:29,101,17,3,4.647058823529412,5.666666666666667,0,0,1,0.3333333333333333,1,0,2,0,1,0.058823529411764705,0,1,0.058823529411764705,2,0.11764705882352941,0,3,0,0
c7_56,56,c7,B,"Kind of, i agree. We can compute retrieval share per speaker and compare it to participation share.",2026-02-01T18:04:42,99,17,2,4.705882352941177,8.5,0,0,0,0.0,0,1,2,0,1,0.058823529411764705,0,0,0.0,1,0.058823529411764705,0,2,-1,0
c7_57,57,c7,B,"I'm not sure but, hedging language might be retrieved less because it sounds less decisive.",2026-02-01T18:05:18,91,16,1,4.625,16.0,0,0,0,0.0,0,1,1,0,1,0.0625,0,0,0.0,1,0.0625,0,1,-1,0
c7_58,58,c7,C,Hedging language might be retrieved less because it sounds less decisive. We can validate it quickly with a small pilot before we scale it up.,2026-02-01T18:05:59,142,25,2,4.64,12.5,0,0,0,0.0,0,1,2,0,1,0.04,0,0,0.0,2,0.08,0,2,-1,0
c7_59,59,c7,C,"Hedging language might be retrieved less because it sounds less decisive. If we write this down as a checklist, we can avoid back-and-forth later.",2026-02-01T18:06:20,146,26,2,4.538461538461538,13.0,0,0,0,0.0,0,1,2,0,1,0.038461538461538464,0,0,0.0,2,0.07692307692307693,0,2,-1,0
c7_60,60,c7,D,"If retrieval is skewed, summaries may systematically misrepresent the group.",2026-02-01T18:07:42,76,10,1,6.5,10.0,0,0,0,0.0,0,1,1,0,0,0.0,0,0,0.0,1,0.1,0,0,0,0
c7_61,61,c7,F,We should track agreement across participants to see if the effect is consistent. could we.,2026-02-01T18:08:13,91,15,2,5.0,7.5,0,0,1,0.5,1,0,1,0,1,0.06666666666666667,0,1,0.06666666666666667,2,0.13333333333333333,0,2,0,1
c7_62,62,c7,F,"Would you be able to, we should compute style metrics: verbosity, hedging rate, assertiveness rate.",2026-02-01T18:09:46,99,15,1,5.333333333333333,15.0,0,0,1,1.0,1,0,1,0,0,0.0,0,1,0.06666666666666667,2,0.13333333333333333,0,1,1,0
c7_63,63,c7,B,"Possibly, readers may think the most-retrieved speaker is the leader, even if they weren’t.",2026-02-01T18:11:00,91,16,1,4.5625,16.0,0,0,0,0.0,0,1,1,0,1,0.0625,0,0,0.0,1,0.0625,0,0,-1,0
c7_64,64,c7,D,"We should compute style metrics: verbosity, hedging rate, assertiveness rate.",2026-02-01T18:11:55,77,10,1,6.4,10.0,0,0,0,0.0,0,1,1,0,0,0.0,0,1,0.1,1,0.1,0,1,1,0
c7_65,65,c7,E,"Small question: I'm not fully convinced yet. We should collect demographics lightly, if allowed, but keep it minimal?",2026-02-01T18:13:13,117,19,2,4.947368421052632,9.5,1,0,1,0.5,1,0,3,0,0,0.0,0,1,0.05263157894736842,1,0.05263157894736842,1,2,1,1
c7_66,66,c7,C,"I agree. For the user study, we can ask who seems most knowledgeable or influential. If we write this down as a checklist, we can avoid back-and-forth later.",2026-02-01T18:14:42,157,30,3,4.1,10.0,0,0,0,0.0,0,1,3,0,1,0.03333333333333333,0,0,0.0,2,0.06666666666666667,0,4,-1,1
c7_67,67,c7,B,"I feel like, i'm not fully convinced yet. Readers may think the most-retrieved speaker is the leader, even if they weren’t.",2026-02-01T18:15:10,123,24,2,4.0,12.0,0,0,0,0.0,0,1,2,0,0,0.0,0,0,0.0,1,0.041666666666666664,0,2,0,0
c7_68,68,c7,C,"I'm not fully convinced yet. We can show participants a short system-generated summary and ask perception questions. If we write this down as a checklist, we can avoid back-and-forth later.",2026-02-01T18:16:51,189,34,3,4.470588235294118,11.333333333333334,0,0,0,0.0,0,1,3,0,0,0.0,0,0,0.0,2,0.058823529411764705,0,4,0,0
c7_69,69,c7,C,"I agree. We should collect demographics lightly, if allowed, but keep it minimal. It might feel like extra work now, but it saves time during analysis.",2026-02-01T18:17:27,151,26,3,4.615384615384615,8.666666666666666,0,0,0,0.0,0,1,3,0,1,0.038461538461538464,0,1,0.038461538461538464,2,0.07692307692307693,0,2,0,1
c7_70,70,c7,B,"I feel like, in my view, for the user study, we can ask who seems most knowledgeable or influential.",2026-02-01T18:18:27,100,19,1,4.105263157894737,19.0,0,0,0,0.0,0,1,1,0,1,0.05263157894736842,0,0,0.0,1,0.05263157894736842,0,3,-1,0
c7_71,71,c7,F,"Please, i'm not fully convinced yet. For the user study, we can ask who seems most knowledgeable or influential.",2026-02-01T18:19:25,112,20,2,4.45,10.0,0,0,0,0.0,0,1,2,0,1,0.05,1,0,0.0,1,0.05,0,2,-1,1
c8_1,1,c8,F,Team: let's discuss team meeting recap and get aligned before we split tasks.,2026-02-01T18:00:00,77,14,1,4.428571428571429,14.0,0,0,0,0.0,0,1,1,0,0,0.0,0,0,0.0,0,0.0,1,1,0,0
c8_2,2,c8,B,"It seems like, the main decision is which project idea we commit to.",2026-02-01T18:01:24,68,13,1,4.153846153846154,13.0,0,0,0,0.0,0,1,1,0,1,0.07692307692307693,0,0,0.0,0,0.0,0,1,-1,0
c8_3,3,c8,A,"We should action items: finalize data format, build indexing, and draft pitch.",2026-02-01T18:02:53,78,12,1,5.25,12.0,0,0,0,0.0,0,1,1,0,0,0.0,0,1,0.08333333333333333,1,0.08333333333333333,0,1,1,0
c8_4,4,c8,F,"Could we, honestly, i agree. We should create a shared doc with open questions and next steps.",2026-02-01T18:03:52,94,17,2,4.352941176470588,8.5,0,0,1,0.5,1,0,2,0,1,0.058823529411764705,0,1,0.058823529411764705,2,0.11764705882352941,0,3,0,0
c8_5,5,c8,A,I propose let’s assign owners and deadlines for each task.,2026-02-01T18:04:57,58,11,1,4.2727272727272725,11.0,0,0,0,0.0,0,1,1,0,0,0.0,0,0,0.0,0,0.0,0,1,0,0
c8_6,6,c8,G,Should we analyze message-level retrieval or chunk messages into windows?,2026-02-01T18:05:27,73,11,1,5.636363636363637,11.0,1,0,1,1.0,1,0,1,0,0,0.0,0,1,0.09090909090909091,1,0.09090909090909091,0,1,1,0
c8_7,7,c8,G,We still need to decide the retrieval strategy and top-k value.,2026-02-01T18:07:11,63,12,1,4.25,12.0,0,0,0,0.0,0,1,1,0,0,0.0,0,0,0.0,0,0.0,0,1,0,0
c8_8,8,c8,C,Let’s assign owners and deadlines for each task. This also gives us something concrete to show in the proposal and final report.,2026-02-01T18:07:51,128,23,2,4.521739130434782,11.5,0,0,0,0.0,0,1,2,0,0,0.0,0,0,0.0,0,0.0,0,1,0,0
c8_9,9,c8,F,I'm not fully convinced yet. Can someone summarize today’s discussion in a few bullets? could we.,2026-02-01T18:09:03,97,18,3,4.277777777777778,6.0,1,0,2,0.6666666666666666,1,0,2,0,1,0.05555555555555555,0,0,0.0,2,0.1111111111111111,0,2,-1,1
c8_10,10,c8,A,Let's i agree. Can someone summarize today’s discussion in a few bullets?,2026-02-01T18:09:31,73,14,2,4.142857142857143,7.0,1,0,1,0.5,1,0,2,0,0,0.0,0,0,0.0,1,0.07142857142857142,1,1,0,0
c8_11,11,c8,G,How do we define 'important' contributions in a fair way?,2026-02-01T18:11:12,57,10,1,4.5,10.0,1,0,1,1.0,1,0,1,0,0,0.0,0,0,0.0,0,0.0,0,1,0,0
c8_12,12,c8,C,Should we analyze message-level retrieval or chunk messages into windows? This also gives us something concrete to show in the proposal and final report.,2026-02-01T18:12:46,153,25,2,5.08,12.5,1,0,1,0.5,1,0,2,0,0,0.0,0,1,0.04,1,0.04,0,2,1,0
c8_13,13,c8,A,I recommend should we analyze message-level retrieval or chunk messages into windows?,2026-02-01T18:14:07,85,13,1,5.538461538461538,13.0,1,0,1,1.0,1,0,1,0,0,0.0,0,2,0.15384615384615385,1,0.07692307692307693,0,2,2,0
c8_14,14,c8,B,"I feel like, the main decision is which project idea we commit to.",2026-02-01T18:14:44,66,13,1,4.0,13.0,0,0,0,0.0,0,1,1,0,0,0.0,0,0,0.0,0,0.0,0,2,0,0
c8_15,15,c8,A,I propose should we analyze message-level retrieval or chunk messages into windows?,2026-02-01T18:15:42,83,13,1,5.384615384615385,13.0,1,0,1,1.0,1,0,1,0,0,0.0,0,1,0.07692307692307693,1,0.07692307692307693,0,2,1,0
c8_16,16,c8,F,"Thanks, how many participants do we need for a reasonable user study?",2026-02-01T18:17:22,69,12,1,4.666666666666667,12.0,1,0,1,1.0,1,0,1,0,0,0.0,1,0,0.0,0,0.0,0,1,0,1
c8_17,17,c8,B,"Kind of, action items: finalize data format, build indexing, and draft pitch.",2026-02-01T18:18:21,77,12,1,5.083333333333333,12.0,0,0,0,0.0,0,1,1,0,1,0.08333333333333333,0,0,0.0,0,0.0,0,0,-1,0
c8_18,18,c8,B,"Maybe, let’s restate what we agreed on before we end the meeting.",2026-02-01T18:19:04,65,13,1,3.923076923076923,13.0,0,0,0,0.0,0,1,1,0,1,0.07692307692307693,0,0,0.0,0,0.0,0,2,-1,0
c8_19,19,c8,B,"I'm not sure but, definitely, how do we define 'important' contributions in a fair way?",2026-02-01T18:19:28,87,16,1,4.1875,16.0,1,0,1,1.0,1,0,1,0,0,0.0,0,1,0.0625,0,0.0,0,2,1,0
c8_20,20,c8,F,"Action items: finalize data format, build indexing, and draft pitch. could we.",2026-02-01T18:20:17,78,12,2,5.166666666666667,6.0,0,0,1,0.5,1,0,1,0,1,0.08333333333333333,0,0,0.0,1,0.08333333333333333,0,1,-1,0
c8_21,21,c8,B,"It seems like, let’s restate what we agreed on before we end the meeting.",2026-02-01T18:20:59,73,15,1,3.8,15.0,0,0,0,0.0,0,1,1,0,1,0.06666666666666667,0,0,0.0,0,0.0,0,2,-1,0
c8_22,22,c8,B,"I feel like, we should capture the reasoning behind the decision, not just the outcome.",2026-02-01T18:21:52,87,15,1,4.666666666666667,15.0,0,0,0,0.0,0,1,1,0,0,0.0,0,1,0.06666666666666667,1,0.06666666666666667,0,2,1,1
c8_23,23,c8,F,I agree. Let’s restate what we agreed on before we end the meeting. would you be able to.,2026-02-01T18:23:25,89,19,3,3.5789473684210527,6.333333333333333,0,0,1,0.3333333333333333,1,0,2,0,0,0.0,0,0,0.0,1,0.05263157894736842,0,3,0,0
c8_24,24,c8,F,"Thanks, can someone summarize today’s discussion in a few bullets?",2026-02-01T18:24:06,66,11,1,4.909090909090909,11.0,1,0,1,1.0,1,0,1,0,0,0.0,1,0,0.0,1,0.09090909090909091,0,0,0,1
c8_25,25,c8,C,"We should capture the reasoning behind the decision, not just the outcome. That way we can separate system behavior from human perception effects.",2026-02-01T18:24:31,146,23,2,5.260869565217392,11.5,0,0,0,0.0,0,1,2,0,0,0.0,0,1,0.043478260869565216,2,0.08695652173913043,0,2,1,1
c8_26,26,c8,G,The main decision is which project idea we commit to.,2026-02-01T18:26:06,53,10,1,4.3,10.0,0,0,0,0.0,0,1,1,0,0,0.0,0,0,0.0,0,0.0,0,1,0,1
c8_27,27,c8,C,"Action items: finalize data format, build indexing, and draft pitch. We can validate it quickly with a small pilot before we scale it up.",2026-02-01T18:27:37,137,24,2,4.541666666666667,12.0,0,0,0,0.0,0,1,2,0,0,0.0,0,0,0.0,1,0.041666666666666664,0,2,0,0
c8_28,28,c8,F,"Honestly, how do we define 'important' contributions in a fair way? appreciate it.",2026-02-01T18:28:09,82,13,2,5.0,6.5,1,0,1,0.5,1,0,1,0,0,0.0,1,0,0.0,0,0.0,0,1,0,0
c8_29,29,c8,B,"Kind of, the main decision is which project idea we commit to.",2026-02-01T18:29:22,62,12,1,4.083333333333333,12.0,0,0,0,0.0,0,1,1,0,1,0.08333333333333333,0,0,0.0,0,0.0,0,1,-1,0
c8_30,30,c8,F,"Could we, can someone summarize today’s discussion in a few bullets?",2026-02-01T18:29:53,68,12,1,4.583333333333333,12.0,1,0,1,1.0,1,0,1,0,1,0.08333333333333333,0,0,0.0,2,0.16666666666666666,0,1,-1,1
c8_31,31,c8,B,"I think, we still need to decide the retrieval strategy and top-k value.",2026-02-01T18:30:15,72,14,1,4.071428571428571,14.0,0,0,0,0.0,0,1,1,0,1,0.07142857142857142,0,0,0.0,0,0.0,0,2,-1,0
c8_32,32,c8,G,"Honestly, how many participants do we need for a reasonable user study?",2026-02-01T18:31:15,71,12,1,4.833333333333333,12.0,1,0,1,1.0,1,0,1,0,0,0.0,0,0,0.0,0,0.0,0,1,0,1
c8_33,33,c8,F,"We should capture the reasoning behind the decision, not just the outcome. please.",2026-02-01T18:32:59,82,13,2,5.153846153846154,6.5,0,0,0,0.0,0,1,1,0,0,0.0,1,1,0.07692307692307693,1,0.07692307692307693,0,1,1,1
c8_34,34,c8,B,"Kind of, should we analyze message-level retrieval or chunk messages into windows?",2026-02-01T18:33:35,82,13,1,5.230769230769231,13.0,1,0,1,1.0,1,0,1,0,1,0.07692307692307693,0,1,0.07692307692307693,1,0.07692307692307693,0,1,0,0
c8_35,35,c8,B,"I'm not sure but, i'm not fully convinced yet. The main decision is which project idea we commit to.",2026-02-01T18:34:05,100,21,2,3.6666666666666665,10.5,0,0,0,0.0,0,1,2,0,0,0.0,0,0,0.0,0,0.0,0,3,0,0
c8_36,36,c8,A,The best option is how many participants do we need for a reasonable user study?,2026-02-01T18:35:44,80,15,1,4.333333333333333,15.0,1,0,1,1.0,1,0,1,0,0,0.0,0,1,0.06666666666666667,0,0.0,0,1,1,1
c8_37,37,c8,C,We should write down the final scope so everyone is aligned. We can validate it quickly with a small pilot before we scale it up.,2026-02-01T18:37:30,129,25,2,4.12,12.5,0,0,0,0.0,0,1,2,0,0,0.0,0,1,0.04,2,0.08,0,3,1,0
c8_38,38,c8,C,"Honestly, i agree. The main decision is which project idea we commit to. We can validate it quickly with a small pilot before we scale it up.",2026-02-01T18:39:03,141,27,3,4.111111111111111,9.0,0,0,0,0.0,0,1,3,0,0,0.0,0,0,0.0,1,0.037037037037037035,0,4,0,1
c8_39,39,c8,B,"I feel like, action items: finalize data format, build indexing, and draft pitch.",2026-02-01T18:39:42,81,13,1,4.923076923076923,13.0,0,0,0,0.0,0,1,1,0,0,0.0,0,0,0.0,0,0.0,0,1,0,0
c8_40,40,c8,F,I agree. Can someone summarize today’s discussion in a few bullets? if you don't mind.,2026-02-01T18:40:08,86,17,3,3.9411764705882355,5.666666666666667,1,0,1,0.3333333333333333,1,0,2,0,0,0.0,0,0,0.0,1,0.058823529411764705,0,1,0,0
c8_41,41,c8,A,The best option is we still need to decide the retrieval strategy and top-k value.,2026-02-01T18:41:57,82,16,1,4.125,16.0,0,0,0,0.0,0,1,1,0,0,0.0,0,1,0.0625,0,0.0,0,1,1,0
c8_42,42,c8,F,We should create a shared doc with open questions and next steps. please.,2026-02-01T18:43:16,73,13,2,4.538461538461538,6.5,0,0,0,0.0,0,1,1,0,0,0.0,1,1,0.07692307692307693,1,0.07692307692307693,0,1,1,0
c8_43,43,c8,C,"I agree. Let’s assign owners and deadlines for each task. If we write this down as a checklist, we can avoid back-and-forth later.",2026-02-01T18:44:10,130,26,3,3.8846153846153846,8.666666666666666,0,0,0,0.0,0,1,3,0,0,0.0,0,0,0.0,1,0.038461538461538464,0,3,0,0
c8_44,44,c8,A,"We should action items: finalize data format, build indexing, and draft pitch.",2026-02-01T18:45:33,78,12,1,5.25,12.0,0,0,0,0.0,0,1,1,0,0,0.0,0,1,0.08333333333333333,1,0.08333333333333333,0,1,1,0
c8_45,45,c8,A,We should how many participants do we need for a reasonable user study?,2026-02-01T18:47:20,71,13,1,4.461538461538462,13.0,1,0,1,1.0,1,0,1,0,0,0.0,0,1,0.07692307692307693,1,0.07692307692307693,0,2,1,1
c8_46,46,c8,A,"Let's honestly, we still need to decide the retrieval strategy and top-k value.",2026-02-01T18:47:45,79,15,1,4.2,15.0,0,0,0,0.0,0,1,1,0,0,0.0,0,0,0.0,0,0.0,1,1,0,0
c8_47,47,c8,F,Should we analyze message-level retrieval or chunk messages into windows? would you be able to.,2026-02-01T18:48:23,95,16,2,4.875,8.0,1,0,2,1.0,1,0,1,0,0,0.0,0,1,0.0625,2,0.125,0,1,1,0
c8_48,48,c8,C,Let’s assign owners and deadlines for each task. We can validate it quickly with a small pilot before we scale it up.,2026-02-01T18:49:38,117,23,2,4.043478260869565,11.5,0,0,0,0.0,0,1,2,0,0,0.0,0,0,0.0,1,0.043478260869565216,0,2,0,0
c8_49,49,c8,G,We should create a shared doc with open questions and next steps.,2026-02-01T18:50:05,65,12,1,4.416666666666667,12.0,0,0,0,0.0,0,1,1,0,0,0.0,0,1,0.08333333333333333,1,0.08333333333333333,0,1,1,0
c8_50,50,c8,F,"Could we, i agree. Let’s assign owners and deadlines for each task.",2026-02-01T18:50:26,67,13,2,4.0,6.5,0,0,1,0.5,1,0,2,0,1,0.07692307692307693,0,0,0.0,1,0.07692307692307693,0,2,-1,0
c8_51,51,c8,F,"Would you be able to, for sure, we should capture the reasoning behind the decision, not just the outcome.",2026-02-01T18:51:01,106,19,1,4.421052631578948,19.0,0,0,1,1.0,1,0,1,0,0,0.0,0,1,0.05263157894736842,2,0.10526315789473684,0,1,1,1
c8_52,52,c8,G,I agree. The main decision is which project idea we commit to.,2026-02-01T18:52:09,62,12,2,4.083333333333333,6.0,0,0,0,0.0,0,1,2,0,0,0.0,0,0,0.0,0,0.0,0,2,0,0
c8_53,53,c8,C,"I agree. We should capture the reasoning behind the decision, not just the outcome. It might feel like extra work now, but it saves time during analysis.",2026-02-01T18:52:36,153,27,3,4.518518518518518,9.0,0,0,0,0.0,0,1,3,0,1,0.037037037037037035,0,1,0.037037037037037035,2,0.07407407407407407,0,2,0,0
c8_54,54,c8,C,Should we analyze message-level retrieval or chunk messages into windows? We can validate it quickly with a small pilot before we scale it up.,2026-02-01T18:53:48,142,25,2,4.64,12.5,1,0,1,0.5,1,0,2,0,0,0.0,0,1,0.04,2,0.08,0,3,1,0
c8_55,55,c8,C,The main decision is which project idea we commit to. That way we can separate system behavior from human perception effects.,2026-02-01T18:54:42,125,21,2,4.904761904761905,10.5,0,0,0,0.0,0,1,2,0,0,0.0,0,0,0.0,1,0.047619047619047616,0,2,0,0
c8_56,56,c8,F,Can someone summarize today’s discussion in a few bullets? could we.,2026-02-01T18:56:08,68,12,2,4.583333333333333,6.0,1,0,2,1.0,1,0,1,0,1,0.08333333333333333,0,0,0.0,2,0.16666666666666666,0,1,-1,1
c8_57,57,c8,G,I agree. The main decision is which project idea we commit to.,2026-02-01T18:57:12,62,12,2,4.083333333333333,6.0,0,0,0,0.0,0,1,2,0,0,0.0,0,0,0.0,0,0.0,0,2,0,0
c8_58,58,c8,A,I propose let’s assign owners and deadlines for each task.,2026-02-01T18:58:17,58,11,1,4.2727272727272725,11.0,0,0,0,0.0,0,1,1,0,0,0.0,0,0,0.0,0,0.0,0,1,0,0
c8_59,59,c8,F,Can someone summarize today’s discussion in a few bullets? please.,2026-02-01T18:58:39,66,11,2,4.909090909090909,5.5,1,0,1,0.5,1,0,1,0,0,0.0,1,0,0.0,1,0.09090909090909091,0,0,0,1
c8_60,60,c8,C,How many participants do we need for a reasonable user study? This also gives us something concrete to show in the proposal and final report.,2026-02-01T19:00:16,141,25,2,4.6,12.5,1,0,1,0.5,1,0,2,0,0,0.0,0,0,0.0,0,0.0,0,2,0,0
c8_61,61,c8,C,"I'm not fully convinced yet. Should we analyze message-level retrieval or chunk messages into windows? It might feel like extra work now, but it saves time during analysis.",2026-02-01T19:02:02,172,30,3,4.633333333333334,10.0,1,0,1,0.3333333333333333,1,0,3,0,1,0.03333333333333333,0,1,0.03333333333333333,2,0.06666666666666667,0,2,0,0
c8_62,62,c8,G,We should create a shared doc with open questions and next steps.,2026-02-01T19:03:12,65,12,1,4.416666666666667,12.0,0,0,0,0.0,0,1,1,0,0,0.0,0,1,0.08333333333333333,1,0.08333333333333333,0,1,1,0
c8_63,63,c8,B,"I think, can someone summarize today’s discussion in a few bullets?",2026-02-01T19:03:33,67,12,1,4.5,12.0,1,0,1,1.0,1,0,1,0,1,0.08333333333333333,0,0,0.0,1,0.08333333333333333,0,1,-1,1
c8_64,64,c8,F,"Would you be able to, how do we define 'important' contributions in a fair way?",2026-02-01T19:04:50,79,15,1,4.066666666666666,15.0,1,0,1,1.0,1,0,1,0,0,0.0,0,0,0.0,1,0.06666666666666667,0,1,0,0
c8_65,65,c8,B,"Possibly, we should write down the final scope so everyone is aligned.",2026-02-01T19:05:14,70,12,1,4.75,12.0,0,0,0,0.0,0,1,1,0,1,0.08333333333333333,0,1,0.08333333333333333,1,0.08333333333333333,0,1,0,0
c8_66,66,c8,C,How do we define 'important' contributions in a fair way? We can validate it quickly with a small pilot before we scale it up.,2026-02-01T19:06:02,126,24,2,4.125,12.0,1,0,1,0.5,1,0,2,0,0,0.0,0,0,0.0,1,0.041666666666666664,0,3,0,0
c8_67,67,c8,C,I'm not fully convinced yet. We should write down the final scope so everyone is aligned. That way we can separate system behavior from human perception effects.,2026-02-01T19:06:29,161,28,3,4.678571428571429,9.333333333333334,0,0,0,0.0,0,1,3,0,0,0.0,0,1,0.03571428571428571,2,0.07142857142857142,0,3,1,0
c8_68,68,c8,B,"It seems like, we should create a shared doc with open questions and next steps.",2026-02-01T19:07:53,80,15,1,4.266666666666667,15.0,0,0,0,0.0,0,1,1,0,1,0.06666666666666667,0,1,0.06666666666666667,1,0.06666666666666667,0,1,0,0
c9_1,1,c9,B,Team: let's discuss choosing tools/stack and get aligned before we split tasks.,2026-02-01T19:00:00,79,14,1,4.571428571428571,14.0,0,0,0,0.0,0,1,1,0,0,0.0,0,0,0.0,0,0.0,1,1,0,1
c9_2,2,c9,A,I propose we could compare two setups to see if results are robust.,2026-02-01T19:01:15,67,13,1,4.153846153846154,13.0,0,0,0,0.0,0,1,1,0,1,0.07692307692307693,0,0,0.0,1,0.07692307692307693,0,2,-1,0
c9_3,3,c9,F,"Appreciate it, we should choose tools that are stable and easy to reproduce.",2026-02-01T19:01:52,76,13,1,4.769230769230769,13.0,0,0,0,0.0,0,1,1,0,0,0.0,1,1,0.07692307692307693,1,0.07692307692307693,0,1,1,0
c9_4,4,c9,B,"I'm not sure but, i'm not fully convinced yet. If we keep the stack simple, we can focus on the analysis.",2026-02-01T19:02:21,105,23,2,3.4347826086956523,11.5,0,0,0,0.0,0,1,2,0,0,0.0,0,0,0.0,1,0.043478260869565216,0,4,0,0
c9_5,5,c9,A,We should we can use a simple vector store and a basic retrieval QA chain.,2026-02-01T19:03:11,74,15,1,3.933333333333333,15.0,0,0,0,0.0,0,1,3,0,0,0.0,0,1,0.06666666666666667,2,0.13333333333333333,0,2,1,0
c9_6,6,c9,F,"Could we, first we ingest chats, then index, then retrieve, then answer, then analyze logs.",2026-02-01T19:03:34,91,15,1,4.733333333333333,15.0,0,0,1,1.0,1,0,1,0,1,0.06666666666666667,0,0,0.0,1,0.06666666666666667,0,2,-1,0
c9_7,7,c9,F,"Please, we should choose tools that are stable and easy to reproduce.",2026-02-01T19:04:31,69,12,1,4.666666666666667,12.0,0,0,0,0.0,0,1,1,0,0,0.0,1,1,0.08333333333333333,1,0.08333333333333333,0,1,1,0
c9_8,8,c9,C,"If we keep it simple, we can run more experiments and comparisons. That way we can separate system behavior from human perception effects.",2026-02-01T19:05:23,138,23,2,4.913043478260869,11.5,0,0,0,0.0,0,1,2,0,0,0.0,0,0,0.0,2,0.08695652173913043,0,3,0,1
c9_9,9,c9,B,"I feel like, we should log every retrieval step so we can explain results.",2026-02-01T19:06:07,74,14,1,4.214285714285714,14.0,0,0,0,0.0,0,1,1,0,0,0.0,0,1,0.07142857142857142,2,0.14285714285714285,0,3,1,0
c9_10,10,c9,B,"I think, i agree. We could compare two setups to see if results are robust.",2026-02-01T19:07:48,75,15,2,3.8666666666666667,7.5,0,0,0,0.0,0,1,2,0,2,0.13333333333333333,0,0,0.0,1,0.06666666666666667,0,3,-2,0
c9_11,11,c9,D,We can use a simple vector store and a basic retrieval QA chain.,2026-02-01T19:09:05,64,13,1,3.923076923076923,13.0,0,0,0,0.0,0,1,3,0,0,0.0,0,0,0.0,1,0.07692307692307693,0,1,0,0
c9_12,12,c9,B,"Possibly, we should choose tools that are stable and easy to reproduce.",2026-02-01T19:10:40,71,12,1,4.833333333333333,12.0,0,0,0,0.0,0,1,1,0,1,0.08333333333333333,0,1,0.08333333333333333,1,0.08333333333333333,0,1,0,0
c9_13,13,c9,F,"In my view, let’s make the pipeline reproducible with fixed seeds and configs. appreciate it.",2026-02-01T19:11:47,93,16,2,4.6875,8.0,0,0,0,0.0,0,1,1,0,0,0.0,1,0,0.0,0,0.0,0,1,0,0
c9_14,14,c9,C,Let’s make the pipeline reproducible with fixed seeds and configs. That way we can separate system behavior from human perception effects.,2026-02-01T19:12:37,138,22,2,5.2272727272727275,11.0,0,0,0,0.0,0,1,2,0,0,0.0,0,0,0.0,1,0.045454545454545456,0,1,0,1
c9_15,15,c9,B,"Kind of, we should choose tools that are stable and easy to reproduce.",2026-02-01T19:13:57,70,13,1,4.3076923076923075,13.0,0,0,0,0.0,0,1,1,0,1,0.07692307692307693,0,1,0.07692307692307693,1,0.07692307692307693,0,1,0,0
c9_16,16,c9,A,I recommend a minimal system plus strong evaluation is probably the best strategy.,2026-02-01T19:14:36,82,13,1,5.3076923076923075,13.0,0,0,0,0.0,0,1,1,0,1,0.07692307692307693,0,1,0.07692307692307693,0,0.0,0,1,0,1
c9_17,17,c9,C,"A more complex system might look impressive but could be risky. If we write this down as a checklist, we can avoid back-and-forth later.",2026-02-01T19:16:21,136,26,2,4.153846153846154,13.0,0,0,0,0.0,0,1,2,0,2,0.07692307692307693,0,0,0.0,3,0.11538461538461539,0,2,-2,0
c9_18,18,c9,B,"Possibly, we could compare two setups to see if results are robust.",2026-02-01T19:18:05,67,12,1,4.5,12.0,0,0,0,0.0,0,1,1,0,2,0.16666666666666666,0,0,0.0,1,0.08333333333333333,0,1,-2,0
c9_19,19,c9,D,I agree.,2026-02-01T19:18:26,8,2,1,3.0,2.0,0,0,0,0.0,0,1,1,0,0,0.0,0,0,0.0,0,0.0,0,1,0,0
c9_20,20,c9,C,We should build a baseline before adding any improvements. This also gives us something concrete to show in the proposal and final report.,2026-02-01T19:19:53,138,23,2,4.956521739130435,11.5,0,0,0,0.0,0,1,2,0,0,0.0,0,1,0.043478260869565216,1,0.043478260869565216,0,2,1,1
c9_21,21,c9,F,"Definitely, if we keep the stack simple, we can focus on the analysis. if you don't mind.",2026-02-01T19:21:09,89,18,2,3.7777777777777777,9.0,0,0,0,0.0,0,1,1,0,0,0.0,0,1,0.05555555555555555,1,0.05555555555555555,0,2,1,0
c9_22,22,c9,F,"Appreciate it, we should log every retrieval step so we can explain results.",2026-02-01T19:22:06,76,13,1,4.769230769230769,13.0,0,0,0,0.0,0,1,1,0,0,0.0,1,1,0.07692307692307693,2,0.15384615384615385,0,2,1,0
c9_23,23,c9,C,"First we ingest chats, then index, then retrieve, then answer, then analyze logs. If we write this down as a checklist, we can avoid back-and-forth later.",2026-02-01T19:23:49,154,28,2,4.285714285714286,14.0,0,0,0,0.0,0,1,2,0,0,0.0,0,0,0.0,1,0.03571428571428571,0,3,0,1
c9_24,24,c9,A,We need to i agree. A minimal system plus strong evaluation is probably the best strategy.,2026-02-01T19:24:55,90,16,2,4.5625,8.0,0,0,0,0.0,0,1,2,0,1,0.0625,0,0,0.0,0,0.0,0,2,-1,1
c9_25,25,c9,A,"We need to honestly, first we ingest chats, then index, then retrieve, then answer, then analyze logs.",2026-02-01T19:25:32,102,17,1,4.705882352941177,17.0,0,0,0,0.0,0,1,1,0,0,0.0,0,0,0.0,0,0.0,0,2,0,1
c9_26,26,c9,C,"I agree. First we ingest chats, then index, then retrieve, then answer, then analyze logs. We can validate it quickly with a small pilot before we scale it up.",2026-02-01T19:26:25,159,29,3,4.275862068965517,9.666666666666666,0,0,0,0.0,0,1,3,0,0,0.0,0,0,0.0,1,0.034482758620689655,0,4,0,0
c9_27,27,c9,B,"Kind of, i'm not fully convinced yet. A minimal system plus strong evaluation is probably the best strategy.",2026-02-01T19:27:12,108,19,2,4.578947368421052,9.5,0,0,0,0.0,0,1,2,0,2,0.10526315789473684,0,0,0.0,0,0.0,0,1,-2,0
c9_28,28,c9,B,"It seems like, we could compare two setups to see if results are robust.",2026-02-01T19:27:47,72,14,1,4.071428571428571,14.0,0,0,0,0.0,0,1,1,0,2,0.14285714285714285,0,0,0.0,1,0.07142857142857142,0,1,-2,0
c9_29,29,c9,C,"Definitely, i'm not fully convinced yet. We should log every retrieval step so we can explain results. That way we can separate system behavior from human perception effects.",2026-02-01T19:28:31,174,29,3,4.896551724137931,9.666666666666666,0,0,0,0.0,0,1,3,0,0,0.0,0,2,0.06896551724137931,3,0.10344827586206896,0,4,2,0
c9_30,30,c9,B,"It seems like, in my view, we should build a baseline before adding any improvements.",2026-02-01T19:30:05,85,15,1,4.533333333333333,15.0,0,0,0,0.0,0,1,1,0,1,0.06666666666666667,0,1,0.06666666666666667,1,0.06666666666666667,0,2,0,1
c9_31,31,c9,A,"The best option is first we ingest chats, then index, then retrieve, then answer, then analyze logs.",2026-02-01T19:31:08,100,17,1,4.647058823529412,17.0,0,0,0,0.0,0,1,1,0,0,0.0,0,1,0.058823529411764705,0,0.0,0,1,1,0
c9_32,32,c9,A,We need to let’s make the pipeline reproducible with fixed seeds and configs.,2026-02-01T19:32:18,77,14,1,4.5,14.0,0,0,0,0.0,0,1,1,0,0,0.0,0,0,0.0,0,0.0,0,1,0,0
c9_33,33,c9,D,"If we keep the stack simple, we can focus on the analysis.",2026-02-01T19:33:00,58,12,1,3.75,12.0,0,0,0,0.0,0,1,1,0,0,0.0,0,0,0.0,1,0.08333333333333333,0,2,0,1
c9_34,34,c9,F,We should choose tools that are stable and easy to reproduce. thanks.,2026-02-01T19:34:02,69,12,2,4.666666666666667,6.0,0,0,0,0.0,0,1,1,0,0,0.0,1,1,0.08333333333333333,1,0.08333333333333333,0,1,1,0
c9_35,35,c9,D,We should trade engineering time for better study design and write-up.,2026-02-01T19:34:23,70,12,1,4.833333333333333,12.0,0,0,0,0.0,0,1,1,0,0,0.0,0,1,0.08333333333333333,1,0.08333333333333333,0,1,1,0
c9_36,36,c9,A,"Let's if we keep the stack simple, we can focus on the analysis.",2026-02-01T19:34:49,64,14,1,3.5,14.0,0,0,0,0.0,0,1,1,0,0,0.0,0,0,0.0,1,0.07142857142857142,1,2,0,1
c9_37,37,c9,F,I agree. We should build a baseline before adding any improvements. please.,2026-02-01T19:36:02,75,12,3,5.083333333333333,4.0,0,0,0,0.0,0,1,2,0,0,0.0,1,1,0.08333333333333333,1,0.08333333333333333,0,2,1,1
c9_38,38,c9,C,I'm not fully convinced yet. We can use a simple vector store and a basic retrieval QA chain. That way we can separate system behavior from human perception effects.,2026-02-01T19:37:23,165,30,3,4.433333333333334,10.0,0,0,0,0.0,0,1,5,0,0,0.0,0,0,0.0,2,0.06666666666666667,0,3,0,0
c9_39,39,c9,C,"We should choose tools that are stable and easy to reproduce. If we write this down as a checklist, we can avoid back-and-forth later.",2026-02-01T19:39:04,134,26,2,4.076923076923077,13.0,0,0,0,0.0,0,1,2,0,0,0.0,0,1,0.038461538461538464,2,0.07692307692307693,0,3,1,0
c9_40,40,c9,B,"It seems like, we could compare two setups to see if results are robust.",2026-02-01T19:39:44,72,14,1,4.071428571428571,14.0,0,0,0,0.0,0,1,1,0,2,0.14285714285714285,0,0,0.0,1,0.07142857142857142,0,1,-2,0
c9_41,41,c9,A,"We should for sure, we could compare two setups to see if results are robust.",2026-02-01T19:41:22,77,15,1,4.066666666666666,15.0,0,0,0,0.0,0,1,1,0,1,0.06666666666666667,0,1,0.06666666666666667,2,0.13333333333333333,0,2,0,0
c9_42,42,c9,F,"Appreciate it, i agree. We should trade engineering time for better study design and write-up.",2026-02-01T19:42:59,94,16,2,4.75,8.0,0,0,0,0.0,0,1,2,0,0,0.0,1,1,0.0625,1,0.0625,0,2,1,0
c9_43,43,c9,C,"To be clear, a minimal system plus strong evaluation is probably the best strategy. This also gives us something concrete to show in the proposal and final report.",2026-02-01T19:43:53,163,28,2,4.75,14.0,0,0,0,0.0,0,1,2,0,1,0.03571428571428571,0,0,0.0,0,0.0,1,1,-1,1
c9_44,44,c9,D,We should log every retrieval step so we can explain results.,2026-02-01T19:45:27,61,11,1,4.545454545454546,11.0,0,0,0,0.0,0,1,1,0,0,0.0,0,1,0.09090909090909091,2,0.18181818181818182,0,2,1,0
c9_45,45,c9,F,"If you don't mind, if we keep the stack simple, we can focus on the analysis.",2026-02-01T19:46:16,77,17,1,3.411764705882353,17.0,0,0,0,0.0,0,1,1,0,0,0.0,0,0,0.0,1,0.058823529411764705,0,2,0,1
c9_46,46,c9,A,The best option is we should log every retrieval step so we can explain results.,2026-02-01T19:46:50,80,15,1,4.333333333333333,15.0,0,0,0,0.0,0,1,1,0,0,0.0,0,2,0.13333333333333333,2,0.13333333333333333,0,2,2,0
c9_47,47,c9,F,"I'm not fully convinced yet. If we keep the stack simple, we can focus on the analysis. if you don't mind.",2026-02-01T19:47:25,106,23,3,3.4782608695652173,7.666666666666667,0,0,0,0.0,0,1,2,0,0,0.0,0,0,0.0,1,0.043478260869565216,0,3,0,1
c9_48,48,c9,F,"Appreciate it, we could compare two setups to see if results are robust.",2026-02-01T19:49:00,72,13,1,4.461538461538462,13.0,0,0,0,0.0,0,1,1,0,1,0.07692307692307693,1,0,0.0,1,0.07692307692307693,0,1,-1,0
c9_49,49,c9,B,"Kind of, a minimal system plus strong evaluation is probably the best strategy.",2026-02-01T19:50:50,79,13,1,5.0,13.0,0,0,0,0.0,0,1,1,0,2,0.15384615384615385,0,0,0.0,0,0.0,0,0,-2,1
c9_50,50,c9,B,"Possibly, we can use a simple vector store and a basic retrieval QA chain.",2026-02-01T19:52:02,74,14,1,4.214285714285714,14.0,0,0,0,0.0,0,1,3,0,1,0.07142857142857142,0,0,0.0,1,0.07142857142857142,0,1,-1,0
c9_51,51,c9,C,"We should choose tools that are stable and easy to reproduce. It might feel like extra work now, but it saves time during analysis.",2026-02-01T19:53:11,131,24,2,4.375,12.0,0,0,0,0.0,0,1,2,0,1,0.041666666666666664,0,1,0.041666666666666664,2,0.08333333333333333,0,1,0,0
c9_52,52,c9,A,"Let's if we keep it simple, we can run more experiments and comparisons.",2026-02-01T19:54:02,72,14,1,4.071428571428571,14.0,0,0,0,0.0,0,1,1,0,0,0.0,0,0,0.0,1,0.07142857142857142,1,2,0,0
c9_53,53,c9,F,A minimal system plus strong evaluation is probably the best strategy. would you be able to.,2026-02-01T19:55:08,92,16,2,4.6875,8.0,0,0,1,0.5,1,0,1,0,1,0.0625,0,0,0.0,1,0.0625,0,0,-1,1
c9_54,54,c9,C,"I agree. If we keep the stack simple, we can focus on the analysis. If we write this down as a checklist, we can avoid back-and-forth later.",2026-02-01T19:55:37,140,29,3,3.689655172413793,9.666666666666666,0,0,0,0.0,0,1,3,0,0,0.0,0,0,0.0,2,0.06896551724137931,0,5,0,0
c9_55,55,c9,F,"Would you be able to, honestly, we could compare two setups to see if results are robust.",2026-02-01T19:56:49,89,17,1,4.117647058823529,17.0,0,0,1,1.0,1,0,1,0,1,0.058823529411764705,0,0,0.0,2,0.11764705882352941,0,1,-1,0
c9_56,56,c9,C,Let’s make the pipeline reproducible with fixed seeds and configs. That way we can separate system behavior from human perception effects.,2026-02-01T19:58:09,138,22,2,5.2272727272727275,11.0,0,0,0,0.0,0,1,2,0,0,0.0,0,0,0.0,1,0.045454545454545456,0,1,0,1
c9_57,57,c9,F,"Could we, i agree. First we ingest chats, then index, then retrieve, then answer, then analyze logs.",2026-02-01T19:59:48,100,17,2,4.529411764705882,8.5,0,0,1,0.5,1,0,2,0,1,0.058823529411764705,0,0,0.0,1,0.058823529411764705,0,3,-1,1
c9_58,58,c9,F,"Could we, we could compare two setups to see if results are robust.",2026-02-01T20:01:23,67,13,1,4.076923076923077,13.0,0,0,1,1.0,1,0,1,0,2,0.15384615384615385,0,0,0.0,2,0.15384615384615385,0,2,-2,0
c9_59,59,c9,D,"For sure, we should log every retrieval step so we can explain results.",2026-02-01T20:02:26,71,13,1,4.384615384615385,13.0,0,0,0,0.0,0,1,1,0,0,0.0,0,1,0.07692307692307693,2,0.15384615384615385,0,2,1,0
c9_60,60,c9,B,"I'm not sure but, we should log every retrieval step so we can explain results.",2026-02-01T20:03:02,79,16,1,3.875,16.0,0,0,0,0.0,0,1,1,0,0,0.0,0,1,0.0625,2,0.125,0,3,1,0
c10_1,1,c10,F,Team: let's discuss class project planning and get aligned before we split tasks.,2026-02-01T20:00:00,81,14,1,4.714285714285714,14.0,0,0,0,0.0,0,1,1,0,0,0.0,0,0,0.0,0,0.0,1,1,0,1
c10_2,2,c10,F,"Could we, we need time near the end for polishing figures and slides.",2026-02-01T20:01:29,69,13,1,4.230769230769231,13.0,0,0,1,1.0,1,0,1,0,1,0.07692307692307693,0,0,0.0,1,0.07692307692307693,0,2,-1,0
c10_3,3,c10,B,"Kind of, let’s decide how many conversations and messages we need for signal.",2026-02-01T20:01:52,77,14,1,4.428571428571429,14.0,0,0,0,0.0,0,1,1,0,1,0.07142857142857142,0,0,0.0,0,0.0,0,1,-1,0
c10_4,4,c10,F,We need time near the end for polishing figures and slides. would you be able to.,2026-02-01T20:03:40,81,16,2,4.0,8.0,0,0,1,0.5,1,0,1,0,0,0.0,0,0,0.0,1,0.0625,0,1,0,0
c10_5,5,c10,B,"Possibly, if we finish the prototype early, we’ll have time to run the user study.",2026-02-01T20:04:18,82,16,1,4.0,16.0,0,0,0,0.0,0,1,1,0,1,0.0625,0,0,0.0,0,0.0,0,2,-1,0
c10_6,6,c10,B,"Possibly, i'm not fully convinced yet. We should store everything in a clean CSV with speaker IDs and timestamps.",2026-02-01T20:05:32,113,20,2,4.55,10.0,0,0,0,0.0,0,1,7,0,1,0.05,0,1,0.05,1,0.05,0,2,0,0
c10_7,7,c10,E,Before we move on: We need to keep the project focused so we can finish in time?,2026-02-01T20:06:53,80,17,1,3.6470588235294117,17.0,1,0,1,1.0,1,0,2,0,0,0.0,0,0,0.0,1,0.058823529411764705,1,3,0,0
c10_8,8,c10,D,We should assign owners for each part so work doesn’t overlap.,2026-02-01T20:07:49,62,12,1,4.166666666666667,12.0,0,0,0,0.0,0,1,1,0,0,0.0,0,1,0.08333333333333333,1,0.08333333333333333,0,1,1,0
c10_9,9,c10,B,"It seems like, if we overbuild, we’ll have less time for evaluation and writing.",2026-02-01T20:09:22,80,15,1,4.2,15.0,0,0,0,0.0,0,1,1,0,1,0.06666666666666667,0,0,0.0,0,0.0,0,2,-1,1
c10_10,10,c10,G,We need to keep the project focused so we can finish in time.,2026-02-01T20:10:29,61,13,1,3.6923076923076925,13.0,0,0,0,0.0,0,1,1,0,0,0.0,0,0,0.0,1,0.07692307692307693,0,2,0,0
c10_11,11,c10,D,I agree.,2026-02-01T20:11:51,8,2,1,3.0,2.0,0,0,0,0.0,0,1,1,0,0,0.0,0,0,0.0,0,0.0,0,1,0,0
c10_12,12,c10,F,"Thanks, for sure, if we overbuild, we’ll have less time for evaluation and writing.",2026-02-01T20:13:27,83,15,1,4.333333333333333,15.0,0,0,0,0.0,0,1,1,0,0,0.0,1,0,0.0,0,0.0,0,2,0,0
c10_13,13,c10,D,We can simulate group chats so we control ground truth and avoid privacy issues.,2026-02-01T20:14:28,80,14,1,4.714285714285714,14.0,0,0,0,0.0,0,1,1,0,0,0.0,0,0,0.0,1,0.07142857142857142,0,2,0,0
c10_14,14,c10,G,We should measure who gets retrieved compared to who actually contributed.,2026-02-01T20:15:01,74,11,1,5.7272727272727275,11.0,0,0,0,0.0,0,1,1,0,0,0.0,0,1,0.09090909090909091,1,0.09090909090909091,0,1,1,0
c10_15,15,c10,F,"In my view, we need to keep the project focused so we can finish in time. could we.",2026-02-01T20:15:44,83,18,2,3.5,9.0,0,0,1,0.5,1,0,1,0,1,0.05555555555555555,0,0,0.0,2,0.1111111111111111,0,4,-1,0
c10_16,16,c10,F,We should decide what success looks like by the end of the semester. would you be able to.,2026-02-01T20:17:04,90,18,2,3.9444444444444446,9.0,0,0,1,0.5,1,0,1,0,0,0.0,0,1,0.05555555555555555,2,0.1111111111111111,0,1,1,1
c10_17,17,c10,B,"It seems like, we should store everything in a clean CSV with speaker IDs and timestamps.",2026-02-01T20:17:36,89,16,1,4.5,16.0,0,0,0,0.0,0,1,6,0,1,0.0625,0,1,0.0625,1,0.0625,0,1,0,0
c10_18,18,c10,B,"Kind of, let’s set weekly milestones: data, prototype, analysis, study, writing.",2026-02-01T20:18:51,80,12,1,5.166666666666667,12.0,0,0,0,0.0,0,1,1,0,1,0.08333333333333333,0,0,0.0,0,0.0,0,0,-1,0
c10_19,19,c10,B,"I feel like, we need time near the end for polishing figures and slides.",2026-02-01T20:20:23,72,14,1,4.071428571428571,14.0,0,0,0,0.0,0,1,1,0,0,0.0,0,0,0.0,0,0.0,0,2,0,0
c10_20,20,c10,D,I'm not fully convinced yet.,2026-02-01T20:21:35,28,6,1,3.6666666666666665,6.0,0,0,0,0.0,0,1,1,0,0,0.0,0,0,0.0,0,0.0,0,1,0,0
c10_21,21,c10,D,Let’s define a small set of standard questions to ask the system.,2026-02-01T20:23:10,65,13,1,4.0,13.0,0,0,0,0.0,0,1,1,0,0,0.0,0,0,0.0,0,0.0,0,0,0,0
c10_22,22,c10,D,We should include robustness checks by changing retrieval settings.,2026-02-01T20:23:40,67,9,1,6.444444444444445,9.0,0,0,0,0.0,0,1,1,0,0,0.0,0,1,0.1111111111111111,1,0.1111111111111111,0,1,1,0
c10_23,23,c10,E,Just to check: Let’s pick one main question and avoid building extra features?,2026-02-01T20:25:06,78,14,1,4.5,14.0,1,0,1,1.0,1,0,2,0,0,0.0,0,0,0.0,0,0.0,1,0,0,0
c10_24,24,c10,F,Let’s define a small set of standard questions to ask the system. please.,2026-02-01T20:25:48,73,14,2,4.142857142857143,7.0,0,0,0,0.0,0,1,1,0,0,0.0,1,0,0.0,0,0.0,0,0,0,1
c10_25,25,c10,F,We also need a human study to see if summaries change perception. appreciate it.,2026-02-01T20:27:27,80,14,2,4.642857142857143,7.0,0,0,0,0.0,0,1,1,0,0,0.0,1,0,0.0,0,0.0,0,1,0,1
c10_26,26,c10,G,"If we overbuild, we’ll have less time for evaluation and writing.",2026-02-01T20:28:08,65,12,1,4.333333333333333,12.0,0,0,0,0.0,0,1,1,0,0,0.0,0,0,0.0,0,0.0,0,2,0,1
c10_27,27,c10,F,"Honestly, i'm not fully convinced yet. We should measure who gets retrieved compared to who actually contributed. could we.",2026-02-01T20:29:47,123,20,3,5.0,6.666666666666667,0,0,1,0.3333333333333333,1,0,2,0,1,0.05,0,1,0.05,2,0.1,0,3,0,1
c10_28,28,c10,E,Small question: Let’s decide how many conversations and messages we need for signal?,2026-02-01T20:30:59,84,14,1,4.928571428571429,14.0,1,0,1,1.0,1,0,2,0,0,0.0,0,0,0.0,0,0.0,1,1,0,1
c10_29,29,c10,F,"Appreciate it, if we overbuild, we’ll have less time for evaluation and writing.",2026-02-01T20:32:15,80,14,1,4.571428571428571,14.0,0,0,0,0.0,0,1,1,0,0,0.0,1,0,0.0,0,0.0,0,2,0,0
c10_30,30,c10,E,Just to check: Let’s define a small set of standard questions to ask the system?,2026-02-01T20:33:12,80,16,1,3.9375,16.0,1,0,1,1.0,1,0,2,0,0,0.0,0,0,0.0,0,0.0,1,0,0,0
c10_31,31,c10,B,"I'm not sure but, we should store everything in a clean CSV with speaker IDs and timestamps.",2026-02-01T20:34:29,92,18,1,4.055555555555555,18.0,0,0,0,0.0,0,1,6,0,0,0.0,0,1,0.05555555555555555,1,0.05555555555555555,0,2,1,0
c10_32,32,c10,F,"Thanks, i agree. We also need a human study to see if summaries change perception.",2026-02-01T20:35:32,82,15,2,4.333333333333333,7.5,0,0,0,0.0,0,1,2,0,0,0.0,1,0,0.0,0,0.0,0,2,0,0
c10_33,33,c10,F,Let’s pick one main question and avoid building extra features. if you don't mind.,2026-02-01T20:36:34,82,16,2,4.0625,8.0,0,0,0,0.0,0,1,1,0,0,0.0,0,0,0.0,0,0.0,0,0,0,1
c10_34,34,c10,E,Small question: We need time near the end for polishing figures and slides?,2026-02-01T20:37:55,75,13,1,4.6923076923076925,13.0,1,0,1,1.0,1,0,2,0,0,0.0,0,0,0.0,0,0.0,1,1,0,0
c10_35,35,c10,D,We should assign owners for each part so work doesn’t overlap.,2026-02-01T20:38:28,62,12,1,4.166666666666667,12.0,0,0,0,0.0,0,1,1,0,0,0.0,0,1,0.08333333333333333,1,0.08333333333333333,0,1,1,0
c10_36,36,c10,F,"Could we, we should assign owners for each part so work doesn’t overlap.",2026-02-01T20:38:56,72,14,1,4.071428571428571,14.0,0,0,1,1.0,1,0,1,0,1,0.07142857142857142,0,1,0.07142857142857142,2,0.14285714285714285,0,2,0,0
c10_37,37,c10,B,"Maybe, let’s pick one main question and avoid building extra features.",2026-02-01T20:40:32,70,12,1,4.75,12.0,0,0,0,0.0,0,1,1,0,1,0.08333333333333333,0,0,0.0,0,0.0,0,0,-1,0
c10_38,38,c10,F,"Could we, let’s set weekly milestones: data, prototype, analysis, study, writing.",2026-02-01T20:41:37,81,12,1,5.25,12.0,0,0,1,1.0,1,0,1,0,1,0.08333333333333333,0,0,0.0,1,0.08333333333333333,0,1,-1,1
c10_39,39,c10,F,We should assign owners for each part so work doesn’t overlap. appreciate it.,2026-02-01T20:43:02,77,14,2,4.428571428571429,7.0,0,0,0,0.0,0,1,1,0,0,0.0,1,1,0.07142857142857142,1,0.07142857142857142,0,1,1,0
c10_40,40,c10,D,We also need a human study to see if summaries change perception.,2026-02-01T20:44:11,65,12,1,4.416666666666667,12.0,0,0,0,0.0,0,1,1,0,0,0.0,0,0,0.0,0,0.0,0,1,0,1
c10_41,41,c10,B,"I'm not sure but, i agree. If we finish the prototype early, we’ll have time to run the user study.",2026-02-01T20:45:24,99,22,2,3.3636363636363638,11.0,0,0,0,0.0,0,1,2,0,0,0.0,0,0,0.0,0,0.0,0,4,0,0
c10_42,42,c10,G,We need to keep the project focused so we can finish in time.,2026-02-01T20:46:17,61,13,1,3.6923076923076925,13.0,0,0,0,0.0,0,1,1,0,0,0.0,0,0,0.0,1,0.07692307692307693,0,2,0,0
c10_43,43,c10,F,I agree. We also need a human study to see if summaries change perception. appreciate it.,2026-02-01T20:47:53,89,16,3,4.4375,5.333333333333333,0,0,0,0.0,0,1,2,0,0,0.0,1,0,0.0,0,0.0,0,2,0,0
c10_44,44,c10,G,I agree. We need to keep the project focused so we can finish in time.,2026-02-01T20:49:20,70,15,2,3.6,7.5,0,0,0,0.0,0,1,2,0,0,0.0,0,0,0.0,1,0.06666666666666667,0,3,0,0
c10_45,45,c10,G,"If we finish the prototype early, we’ll have time to run the user study.",2026-02-01T20:51:04,72,15,1,3.7333333333333334,15.0,0,0,0,0.0,0,1,1,0,0,0.0,0,0,0.0,0,0.0,0,2,0,0
c10_46,46,c10,B,"Maybe, definitely, we should measure who gets retrieved compared to who actually contributed.",2026-02-01T20:52:20,93,13,1,6.0,13.0,0,0,0,0.0,0,1,1,0,1,0.07692307692307693,0,2,0.15384615384615385,1,0.07692307692307693,0,1,1,0
c10_47,47,c10,G,We should measure who gets retrieved compared to who actually contributed.,2026-02-01T20:52:45,74,11,1,5.7272727272727275,11.0,0,0,0,0.0,0,1,1,0,0,0.0,0,1,0.09090909090909091,1,0.09090909090909091,0,1,1,1
c10_48,48,c10,D,I agree.,2026-02-01T20:53:52,8,2,1,3.0,2.0,0,0,0,0.0,0,1,1,0,0,0.0,0,0,0.0,0,0.0,0,1,0,0
c10_49,49,c10,G,We also need a human study to see if summaries change perception.,2026-02-01T20:55:05,65,12,1,4.416666666666667,12.0,0,0,0,0.0,0,1,1,0,0,0.0,0,0,0.0,0,0.0,0,1,0,1
c10_50,50,c10,D,We need multi-speaker conversations where each person has a distinct style.,2026-02-01T20:55:33,75,12,1,5.25,12.0,0,0,0,0.0,0,1,1,0,0,0.0,0,0,0.0,0,0.0,0,1,0,1
c10_51,51,c10,D,We should measure who gets retrieved compared to who actually contributed.,2026-02-01T20:56:49,74,11,1,5.7272727272727275,11.0,0,0,0,0.0,0,1,1,0,0,0.0,0,1,0.09090909090909091,1,0.09090909090909091,0,1,1,1
c10_52,52,c10,B,"Kind of, we should decide what success looks like by the end of the semester.",2026-02-01T20:58:39,77,15,1,4.066666666666666,15.0,0,0,0,0.0,0,1,1,0,1,0.06666666666666667,0,1,0.06666666666666667,1,0.06666666666666667,0,1,0,0
c10_53,53,c10,B,"I think, if we overbuild, we’ll have less time for evaluation and writing.",2026-02-01T20:59:31,74,14,1,4.142857142857143,14.0,0,0,0,0.0,0,1,1,0,1,0.07142857142857142,0,0,0.0,0,0.0,0,3,-1,0
c10_54,54,c10,B,"Possibly, let’s set weekly milestones: data, prototype, analysis, study, writing.",2026-02-01T21:01:19,81,11,1,5.818181818181818,11.0,0,0,0,0.0,0,1,1,0,1,0.09090909090909091,0,0,0.0,0,0.0,0,0,-1,0
c10_55,55,c10,E,"Quick question: For sure, we need multi-speaker conversations where each person has a distinct style?",2026-02-01T21:02:41,101,16,1,5.1875,16.0,1,0,1,1.0,1,0,2,0,0,0.0,0,0,0.0,0,0.0,1,1,0,1
c10_56,56,c10,E,Just to check: We also need a human study to see if summaries change perception?,2026-02-01T21:04:18,80,15,1,4.266666666666667,15.0,1,0,1,1.0,1,0,2,0,0,0.0,0,0,0.0,0,0.0,1,1,0,0
c10_57,57,c10,F,"Could we, we can simulate group chats so we control ground truth and avoid privacy issues.",2026-02-01T21:04:52,90,16,1,4.5625,16.0,0,0,1,1.0,1,0,1,0,1,0.0625,0,0,0.0,2,0.125,0,3,-1,0
c10_58,58,c10,E,Quick question: We also need a human study to see if summaries change perception?,2026-02-01T21:05:19,81,14,1,4.714285714285714,14.0,1,0,1,1.0,1,0,2,0,0,0.0,0,0,0.0,0,0.0,1,1,0,0
c10_59,59,c10,G,We need time near the end for polishing figures and slides.,2026-02-01T21:06:48,59,11,1,4.363636363636363,11.0,0,0,0,0.0,0,1,1,0,0,0.0,0,0,0.0,0,0.0,0,1,0,0
c10_60,60,c10,G,"Let’s set weekly milestones: data, prototype, analysis, study, writing.",2026-02-01T21:07:44,71,10,1,5.6,10.0,0,0,0,0.0,0,1,1,0,0,0.0,0,0,0.0,0,0.0,0,0,0,1
c10_61,61,c10,G,"I'm not fully convinced yet. Let’s set weekly milestones: data, prototype, analysis, study, writing.",2026-02-01T21:08:33,100,16,2,4.875,8.0,0,0,0,0.0,0,1,2,0,0,0.0,0,0,0.0,0,0.0,0,1,0,1
c10_62,62,c10,G,I agree. We can simulate group chats so we control ground truth and avoid privacy issues.,2026-02-01T21:10:20,89,16,2,4.5,8.0,0,0,0,0.0,0,1,2,0,0,0.0,0,0,0.0,1,0.0625,0,3,0,0
c10_63,63,c10,G,"If we overbuild, we’ll have less time for evaluation and writing.",2026-02-01T21:11:22,65,12,1,4.333333333333333,12.0,0,0,0,0.0,0,1,1,0,0,0.0,0,0,0.0,0,0.0,0,2,0,1
c10_64,64,c10,E,"Just to check: Definitely, we should assign owners for each part so work doesn’t overlap?",2026-02-01T21:11:56,89,16,1,4.4375,16.0,1,0,1,1.0,1,0,2,0,0,0.0,0,2,0.125,1,0.0625,1,1,2,0
c10_65,65,c10,D,We also need a human study to see if summaries change perception.,2026-02-01T21:13:33,65,12,1,4.416666666666667,12.0,0,0,0,0.0,0,1,1,0,0,0.0,0,0,0.0,0,0.0,0,1,0,1
c10_66,66,c10,D,We should decide what success looks like by the end of the semester.,2026-02-01T21:14:05,68,13,1,4.230769230769231,13.0,0,0,0,0.0,0,1,1,0,0,0.0,0,1,0.07692307692307693,1,0.07692307692307693,0,1,1,1
c10_67,67,c10,G,"If we overbuild, we’ll have less time for evaluation and writing.",2026-02-01T21:14:41,65,12,1,4.333333333333333,12.0,0,0,0,0.0,0,1,1,0,0,0.0,0,0,0.0,0,0.0,0,2,0,1
c10_68,68,c10,G,I agree. We should store everything in a clean CSV with speaker IDs and timestamps.,2026-02-01T21:15:26,83,15,2,4.466666666666667,7.5,0,0,0,0.0,0,1,7,0,0,0.0,0,1,0.06666666666666667,1,0.06666666666666667,0,2,1,0
c10_69,69,c10,G,Let’s define a small set of standard questions to ask the system.,2026-02-01T21:15:55,65,13,1,4.0,13.0,0,0,0,0.0,0,1,1,0,0,0.0,0,0,0.0,0,0.0,0,0,0,0
c10_70,70,c10,B,"I'm not sure but, if we finish the prototype early, we’ll have time to run the user study.",2026-02-01T21:17:42,90,20,1,3.4,20.0,0,0,0,0.0,0,1,1,0,0,0.0,0,0,0.0,0,0.0,0,3,0,0
c11_1,1,c11,A,Team: let's discuss class project planning and get aligned before we split tasks.,2026-02-01T21:00:00,81,14,1,4.714285714285714,14.0,0,0,0,0.0,0,1,1,0,0,0.0,0,0,0.0,0,0.0,1,1,0,0
c11_2,2,c11,F,"If we finish the prototype early, we’ll have time to run the user study. please.",2026-02-01T21:00:57,80,16,2,3.875,8.0,0,0,0,0.0,0,1,1,0,0,0.0,1,0,0.0,0,0.0,0,2,0,0
c11_3,3,c11,A,"We need to let’s set weekly milestones: data, prototype, analysis, study, writing.",2026-02-01T21:02:31,82,13,1,4.923076923076923,13.0,0,0,0,0.0,0,1,1,0,0,0.0,0,0,0.0,0,0.0,0,1,0,0
c11_4,4,c11,F,"If you don't mind, definitely, i agree. We need to keep the project focused so we can finish in time.",2026-02-01T21:04:09,101,21,2,3.6666666666666665,10.5,0,0,0,0.0,0,1,2,0,0,0.0,0,1,0.047619047619047616,1,0.047619047619047616,0,3,1,0
c11_5,5,c11,B,"Kind of, we need multi-speaker conversations where each person has a distinct style.",2026-02-01T21:05:53,84,14,1,4.928571428571429,14.0,0,0,0,0.0,0,1,1,0,1,0.07142857142857142,0,0,0.0,0,0.0,0,1,-1,1
c11_6,6,c11,C,Let’s pick one main question and avoid building extra features. This also gives us something concrete to show in the proposal and final report.,2026-02-01T21:07:04,143,25,2,4.68,12.5,0,0,0,0.0,0,1,2,0,0,0.0,0,0,0.0,0,0.0,0,1,0,1
c11_7,7,c11,C,"Let’s set weekly milestones: data, prototype, analysis, study, writing. That way we can separate system behavior from human perception effects.",2026-02-01T21:08:47,143,21,2,5.523809523809524,10.5,0,0,0,0.0,0,1,2,0,0,0.0,0,0,0.0,1,0.047619047619047616,0,1,0,0
c11_8,8,c11,A,We should we should store everything in a clean CSV with speaker IDs and timestamps.,2026-02-01T21:10:02,84,15,1,4.6,15.0,0,0,0,0.0,0,1,6,0,0,0.0,0,2,0.13333333333333333,2,0.13333333333333333,0,2,2,0
c11_9,9,c11,C,We should decide what success looks like by the end of the semester. This also gives us something concrete to show in the proposal and final report.,2026-02-01T21:11:22,148,27,2,4.444444444444445,13.5,0,0,0,0.0,0,1,2,0,0,0.0,0,1,0.037037037037037035,1,0.037037037037037035,0,2,1,1
c11_10,10,c11,F,"Would you be able to, we need time near the end for polishing figures and slides.",2026-02-01T21:13:06,81,16,1,4.0,16.0,0,0,1,1.0,1,0,1,0,0,0.0,0,0,0.0,1,0.0625,0,1,0,0
c11_11,11,c11,C,I agree. We should store everything in a clean CSV with speaker IDs and timestamps. This also gives us something concrete to show in the proposal and final report.,2026-02-01T21:14:45,163,29,3,4.551724137931035,9.666666666666666,0,0,0,0.0,0,1,8,0,0,0.0,0,1,0.034482758620689655,1,0.034482758620689655,0,3,1,0
c11_12,12,c11,F,"Definitely, we can simulate group chats so we control ground truth and avoid privacy issues. if you don't mind.",2026-02-01T21:15:17,111,20,2,4.45,10.0,0,0,0,0.0,0,1,1,0,0,0.0,0,1,0.05,1,0.05,0,2,1,0
c11_13,13,c11,F,We can simulate group chats so we control ground truth and avoid privacy issues. could we.,2026-02-01T21:16:11,90,16,2,4.5625,8.0,0,0,1,0.5,1,0,1,0,1,0.0625,0,0,0.0,2,0.125,0,3,-1,0
c11_14,14,c11,A,I propose let’s pick one main question and avoid building extra features.,2026-02-01T21:17:19,73,13,1,4.615384615384615,13.0,0,0,0,0.0,0,1,1,0,0,0.0,0,0,0.0,0,0.0,0,1,0,1
c11_15,15,c11,B,"Maybe, let’s pick one main question and avoid building extra features.",2026-02-01T21:17:40,70,12,1,4.75,12.0,0,0,0,0.0,0,1,1,0,1,0.08333333333333333,0,0,0.0,0,0.0,0,0,-1,0
c11_16,16,c11,A,"The best option is if we finish the prototype early, we’ll have time to run the user study.",2026-02-01T21:19:14,91,19,1,3.736842105263158,19.0,0,0,0,0.0,0,1,1,0,0,0.0,0,1,0.05263157894736842,0,0.0,0,2,1,1
c11_17,17,c11,C,"If we overbuild, we’ll have less time for evaluation and writing. This also gives us something concrete to show in the proposal and final report.",2026-02-01T21:19:44,145,26,2,4.5,13.0,0,0,0,0.0,0,1,2,0,0,0.0,0,0,0.0,0,0.0,0,3,0,1
c11_18,18,c11,C,Let’s pick one main question and avoid building extra features. This also gives us something concrete to show in the proposal and final report.,2026-02-01T21:20:43,143,25,2,4.68,12.5,0,0,0,0.0,0,1,2,0,0,0.0,0,0,0.0,0,0.0,0,1,0,1
c11_19,19,c11,A,"I propose i agree. If we overbuild, we’ll have less time for evaluation and writing.",2026-02-01T21:22:15,84,16,2,4.125,8.0,0,0,0,0.0,0,1,2,0,0,0.0,0,0,0.0,0,0.0,0,4,0,0
c11_20,20,c11,F,"If we overbuild, we’ll have less time for evaluation and writing. thanks.",2026-02-01T21:23:48,73,13,2,4.461538461538462,6.5,0,0,0,0.0,0,1,1,0,0,0.0,1,0,0.0,0,0.0,0,2,0,0
c11_21,21,c11,E,Can we clarify: We should decide what success looks like by the end of the semester?,2026-02-01T21:25:12,84,16,1,4.1875,16.0,1,0,1,1.0,1,0,2,0,0,0.0,0,1,0.0625,2,0.125,1,2,1,1
c11_22,22,c11,E,"Small question: Let’s set weekly milestones: data, prototype, analysis, study, writing?",2026-02-01T21:26:51,87,12,1,5.75,12.0,1,0,1,1.0,1,0,2,0,0,0.0,0,0,0.0,0,0.0,1,0,0,0
c11_23,23,c11,F,"Let’s set weekly milestones: data, prototype, analysis, study, writing. please.",2026-02-01T21:27:37,79,11,2,5.636363636363637,5.5,0,0,0,0.0,0,1,1,0,0,0.0,1,0,0.0,0,0.0,0,0,0,1
c11_24,24,c11,F,Let’s pick one main question and avoid building extra features. appreciate it.,2026-02-01T21:28:49,78,13,2,4.923076923076923,6.5,0,0,0,0.0,0,1,1,0,0,0.0,1,0,0.0,0,0.0,0,0,0,0
c11_25,25,c11,A,"We need to to be clear, i'm not fully convinced yet. We need to keep the project focused so we can finish in time.",2026-02-01T21:30:23,114,25,2,3.48,12.5,0,0,0,0.0,0,1,2,0,0,0.0,0,0,0.0,1,0.04,1,4,0,1
c11_26,26,c11,F,We need multi-speaker conversations where each person has a distinct style. thanks.,2026-02-01T21:32:13,83,13,2,5.3076923076923075,6.5,0,0,0,0.0,0,1,1,0,0,0.0,1,0,0.0,0,0.0,0,1,0,0
c11_27,27,c11,B,"I feel like, we should store everything in a clean CSV with speaker IDs and timestamps.",2026-02-01T21:33:39,87,16,1,4.375,16.0,0,0,0,0.0,0,1,6,0,0,0.0,0,1,0.0625,1,0.0625,0,2,1,0
c11_28,28,c11,F,I agree. We can simulate group chats so we control ground truth and avoid privacy issues. please.,2026-02-01T21:34:33,97,17,3,4.588235294117647,5.666666666666667,0,0,0,0.0,0,1,2,0,0,0.0,1,0,0.0,1,0.058823529411764705,0,3,0,0
c11_29,29,c11,F,"Thanks, let’s set weekly milestones: data, prototype, analysis, study, writing.",2026-02-01T21:35:14,79,11,1,5.636363636363637,11.0,0,0,0,0.0,0,1,1,0,0,0.0,1,0,0.0,0,0.0,0,0,0,0
c11_30,30,c11,C,I'm not fully convinced yet. We need time near the end for polishing figures and slides. That way we can separate system behavior from human perception effects.,2026-02-01T21:35:49,160,28,3,4.642857142857143,9.333333333333334,0,0,0,0.0,0,1,3,0,0,0.0,0,0,0.0,1,0.03571428571428571,0,3,0,0
c11_31,31,c11,A,We need to i agree. We can simulate group chats so we control ground truth and avoid privacy issues.,2026-02-01T21:37:12,100,19,2,4.2105263157894735,9.5,0,0,0,0.0,0,1,2,0,0,0.0,0,0,0.0,1,0.05263157894736842,0,4,0,0
c11_32,32,c11,C,"We need time near the end for polishing figures and slides. If we write this down as a checklist, we can avoid back-and-forth later.",2026-02-01T21:37:34,132,26,2,4.0,13.0,0,0,0,0.0,0,1,2,0,0,0.0,0,0,0.0,1,0.038461538461538464,0,3,0,0
c11_33,33,c11,F,Let’s pick one main question and avoid building extra features. thanks.,2026-02-01T21:38:28,71,12,2,4.833333333333333,6.0,0,0,0,0.0,0,1,1,0,0,0.0,1,0,0.0,0,0.0,0,0,0,0
c11_34,34,c11,C,"We should store everything in a clean CSV with speaker IDs and timestamps. It might feel like extra work now, but it saves time during analysis.",2026-02-01T21:39:01,144,26,2,4.461538461538462,13.0,0,0,0,0.0,0,1,7,0,1,0.038461538461538464,0,1,0.038461538461538464,2,0.07692307692307693,0,1,0,0
c11_35,35,c11,E,Quick question: We can simulate group chats so we control ground truth and avoid privacy issues?,2026-02-01T21:39:41,96,16,1,4.9375,16.0,1,0,1,1.0,1,0,2,0,0,0.0,0,0,0.0,1,0.0625,1,2,0,0
c11_36,36,c11,C,We need multi-speaker conversations where each person has a distinct style. That way we can separate system behavior from human perception effects.,2026-02-01T21:40:29,147,23,2,5.3478260869565215,11.5,0,0,0,0.0,0,1,2,0,0,0.0,0,0,0.0,1,0.043478260869565216,0,2,0,1
c11_37,37,c11,A,Let's we should store everything in a clean CSV with speaker IDs and timestamps.,2026-02-01T21:41:43,80,15,1,4.333333333333333,15.0,0,0,0,0.0,0,1,6,0,0,0.0,0,1,0.06666666666666667,1,0.06666666666666667,1,1,1,0
c11_38,38,c11,C,We should decide what success looks like by the end of the semester. That way we can separate system behavior from human perception effects.,2026-02-01T21:42:46,140,24,2,4.791666666666667,12.0,0,0,0,0.0,0,1,2,0,0,0.0,0,1,0.041666666666666664,2,0.08333333333333333,0,2,1,1
c11_39,39,c11,A,"I recommend if we overbuild, we’ll have less time for evaluation and writing.",2026-02-01T21:43:43,77,14,1,4.428571428571429,14.0,0,0,0,0.0,0,1,1,0,0,0.0,0,1,0.07142857142857142,0,0.0,0,3,1,0
c11_40,40,c11,C,"If we overbuild, we’ll have less time for evaluation and writing. That way we can separate system behavior from human perception effects.",2026-02-01T21:44:52,137,23,2,4.869565217391305,11.5,0,0,0,0.0,0,1,2,0,0,0.0,0,0,0.0,1,0.043478260869565216,0,3,0,0
c11_41,41,c11,B,"Possibly, we can simulate group chats so we control ground truth and avoid privacy issues.",2026-02-01T21:46:16,90,15,1,4.933333333333334,15.0,0,0,0,0.0,0,1,1,0,1,0.06666666666666667,0,0,0.0,1,0.06666666666666667,0,2,-1,0
c11_42,42,c11,E,Quick question: We need time near the end for polishing figures and slides?,2026-02-01T21:47:40,75,13,1,4.6923076923076925,13.0,1,0,1,1.0,1,0,2,0,0,0.0,0,0,0.0,0,0.0,1,1,0,0
c11_43,43,c11,A,"I recommend let’s set weekly milestones: data, prototype, analysis, study, writing.",2026-02-01T21:49:00,83,12,1,5.5,12.0,0,0,0,0.0,0,1,1,0,0,0.0,0,1,0.08333333333333333,0,0.0,0,1,1,0
c11_44,44,c11,F,"Would you be able to, i'm not fully convinced yet. Let’s decide how many conversations and messages we need for signal.",2026-02-01T21:50:33,119,23,2,4.086956521739131,11.5,0,0,1,0.5,1,0,2,0,0,0.0,0,0,0.0,1,0.043478260869565216,0,2,0,0
c11_45,45,c11,E,Can we clarify: Let’s decide how many conversations and messages we need for signal?,2026-02-01T21:52:17,84,15,1,4.533333333333333,15.0,1,0,1,1.0,1,0,2,0,0,0.0,0,0,0.0,1,0.06666666666666667,1,2,0,0
c11_46,46,c11,B,"I'm not sure but, we need to keep the project focused so we can finish in time.",2026-02-01T21:53:39,79,18,1,3.3333333333333335,18.0,0,0,0,0.0,0,1,1,0,0,0.0,0,0,0.0,1,0.05555555555555555,0,3,0,0
c11_47,47,c11,E,Small question: We can simulate group chats so we control ground truth and avoid privacy issues?,2026-02-01T21:54:50,96,16,1,4.9375,16.0,1,0,1,1.0,1,0,2,0,0,0.0,0,0,0.0,1,0.0625,1,2,0,0
c11_48,48,c11,E,"Before we move on: If we finish the prototype early, we’ll have time to run the user study?",2026-02-01T21:56:37,91,19,1,3.6842105263157894,19.0,1,0,1,1.0,1,0,2,0,0,0.0,0,0,0.0,0,0.0,1,3,0,0
c11_49,49,c11,C,Let’s pick one main question and avoid building extra features. This also gives us something concrete to show in the proposal and final report.,2026-02-01T21:57:04,143,25,2,4.68,12.5,0,0,0,0.0,0,1,2,0,0,0.0,0,0,0.0,0,0.0,0,1,0,1
c11_50,50,c11,E,"Can we clarify: If we overbuild, we’ll have less time for evaluation and writing?",2026-02-01T21:58:30,81,15,1,4.266666666666667,15.0,1,0,1,1.0,1,0,2,0,0,0.0,0,0,0.0,1,0.06666666666666667,1,3,0,1
c11_51,51,c11,A,We need to we should store everything in a clean CSV with speaker IDs and timestamps.,2026-02-01T22:00:12,85,16,1,4.3125,16.0,0,0,0,0.0,0,1,6,0,0,0.0,0,1,0.0625,1,0.0625,0,2,1,0
c11_52,52,c11,E,Before we move on: I'm not fully convinced yet. We need time near the end for polishing figures and slides?,2026-02-01T22:01:30,107,21,2,4.0,10.5,1,0,1,0.5,1,0,3,0,0,0.0,0,0,0.0,0,0.0,1,3,0,0
c11_53,53,c11,F,"If you don't mind, we should store everything in a clean CSV with speaker IDs and timestamps.",2026-02-01T22:02:51,93,18,1,4.111111111111111,18.0,0,0,0,0.0,0,1,6,0,0,0.0,0,1,0.05555555555555555,1,0.05555555555555555,0,1,1,0
c11_54,54,c11,C,I'm not fully convinced yet. We need time near the end for polishing figures and slides. That way we can separate system behavior from human perception effects.,2026-02-01T22:04:06,160,28,3,4.642857142857143,9.333333333333334,0,0,0,0.0,0,1,3,0,0,0.0,0,0,0.0,1,0.03571428571428571,0,3,0,0
c11_55,55,c11,F,We should decide what success looks like by the end of the semester. would you be able to.,2026-02-01T22:05:39,90,18,2,3.9444444444444446,9.0,0,0,1,0.5,1,0,1,0,0,0.0,0,1,0.05555555555555555,2,0.1111111111111111,0,1,1,0
c11_56,56,c11,B,"Possibly, we need time near the end for polishing figures and slides.",2026-02-01T22:06:21,69,12,1,4.666666666666667,12.0,0,0,0,0.0,0,1,1,0,1,0.08333333333333333,0,0,0.0,0,0.0,0,1,-1,0
c11_57,57,c11,E,Just to check: We need multi-speaker conversations where each person has a distinct style?,2026-02-01T22:08:08,90,15,1,4.933333333333334,15.0,1,0,1,1.0,1,0,2,0,0,0.0,0,0,0.0,0,0.0,1,1,0,0
c11_58,58,c11,F,We need multi-speaker conversations where each person has a distinct style. thanks.,2026-02-01T22:08:38,83,13,2,5.3076923076923075,6.5,0,0,0,0.0,0,1,1,0,0,0.0,1,0,0.0,0,0.0,0,1,0,0
c11_59,59,c11,A,"We should i agree. If we finish the prototype early, we’ll have time to run the user study.",2026-02-01T22:10:26,91,19,2,3.6842105263157894,9.5,0,0,0,0.0,0,1,2,0,0,0.0,0,1,0.05263157894736842,1,0.05263157894736842,0,4,1,0
c11_60,60,c11,E,Just to check: We should store everything in a clean CSV with speaker IDs and timestamps?,2026-02-01T22:12:01,89,16,1,4.5,16.0,1,0,1,1.0,1,0,7,0,0,0.0,0,1,0.0625,1,0.0625,1,1,1,0
c11_61,61,c11,E,Quick question: I'm not fully convinced yet. We need to keep the project focused so we can finish in time?,2026-02-01T22:12:36,106,21,2,3.9523809523809526,10.5,1,0,1,0.5,1,0,3,0,0,0.0,0,0,0.0,1,0.047619047619047616,1,3,0,0
c11_62,62,c11,F,"If you don't mind, for sure, if we finish the prototype early, we’ll have time to run the user study.",2026-02-01T22:14:22,101,22,1,3.4545454545454546,22.0,0,0,0,0.0,0,1,1,0,0,0.0,0,0,0.0,0,0.0,0,2,0,0
c12_1,1,c12,B,Team: let's discuss study design discussion and get aligned before we split tasks.,2026-02-01T22:00:00,82,14,1,4.785714285714286,14.0,0,0,0,0.0,0,1,1,0,0,0.0,0,0,0.0,0,0.0,1,1,0,1
c12_2,2,c12,F,"Honestly, we should collect demographics lightly, if allowed, but keep it minimal. could we.",2026-02-01T22:01:19,92,14,2,5.285714285714286,7.0,0,0,1,0.5,1,0,1,0,1,0.07142857142857142,0,1,0.07142857142857142,2,0.14285714285714285,0,2,0,1
c12_3,3,c12,E,"Quick question: We should collect demographics lightly, if allowed, but keep it minimal?",2026-02-01T22:02:14,88,13,1,5.538461538461538,13.0,1,0,1,1.0,1,0,2,0,0,0.0,0,1,0.07692307692307693,1,0.07692307692307693,1,1,1,1
c12_4,4,c12,F,"We should compute style metrics: verbosity, hedging rate, assertiveness rate. appreciate it.",2026-02-01T22:04:00,92,12,2,6.333333333333333,6.0,0,0,0,0.0,0,1,1,0,0,0.0,1,1,0.08333333333333333,1,0.08333333333333333,0,1,1,0
c12_5,5,c12,F,We should randomize which conversation they see to avoid learning effects. thanks.,2026-02-01T22:05:26,82,12,2,5.75,6.0,0,0,0,0.0,0,1,1,0,0,0.0,1,1,0.08333333333333333,1,0.08333333333333333,0,1,1,0
c12_6,6,c12,F,"Would you be able to, readers may think the most-retrieved speaker is the leader, even if they weren’t.",2026-02-01T22:06:30,103,20,1,4.05,20.0,0,0,1,1.0,1,0,1,0,0,0.0,0,0,0.0,2,0.1,0,0,0,0
c12_7,7,c12,G,I suspect verbose speakers will be retrieved more often just because they contain more keywords.,2026-02-01T22:06:59,96,15,1,5.4,15.0,0,0,0,0.0,0,1,1,0,0,0.0,0,0,0.0,1,0.06666666666666667,0,1,0,0
c12_8,8,c12,E,"Small question: If retrieval is skewed, summaries may systematically misrepresent the group?",2026-02-01T22:08:23,92,12,1,6.5,12.0,1,0,1,1.0,1,0,2,0,0,0.0,0,0,0.0,1,0.08333333333333333,1,0,0,0
c12_9,9,c12,C,"If retrieval is skewed, summaries may systematically misrepresent the group. It might feel like extra work now, but it saves time during analysis.",2026-02-01T22:09:19,146,23,2,5.217391304347826,11.5,0,0,0,0.0,0,1,2,0,1,0.043478260869565216,0,0,0.0,2,0.08695652173913043,0,0,-1,0
c12_10,10,c12,B,"Possibly, i agree. We should track agreement across participants to see if the effect is consistent.",2026-02-01T22:09:44,100,16,2,5.125,8.0,0,0,0,0.0,0,1,2,0,1,0.0625,0,1,0.0625,1,0.0625,0,2,0,0
c12_11,11,c12,E,"Quick question: Readers may think the most-retrieved speaker is the leader, even if they weren’t?",2026-02-01T22:10:46,97,17,1,4.588235294117647,17.0,1,0,1,1.0,1,0,2,0,0,0.0,0,0,0.0,1,0.058823529411764705,1,0,0,0
c12_12,12,c12,B,"Possibly, we should compute style metrics: verbosity, hedging rate, assertiveness rate.",2026-02-01T22:11:50,87,11,1,6.545454545454546,11.0,0,0,0,0.0,0,1,1,0,1,0.09090909090909091,0,1,0.09090909090909091,1,0.09090909090909091,0,1,0,0
c12_13,13,c12,G,"In my view, we can show participants a short system-generated summary and ask perception questions.",2026-02-01T22:12:59,99,16,1,5.125,16.0,0,0,0,0.0,0,1,1,0,0,0.0,0,0,0.0,1,0.0625,0,2,0,0
c12_14,14,c12,B,"Possibly, hedging language might be retrieved less because it sounds less decisive.",2026-02-01T22:14:40,83,12,1,5.833333333333333,12.0,0,0,0,0.0,0,1,1,0,2,0.16666666666666666,0,0,0.0,1,0.08333333333333333,0,0,-2,0
c12_15,15,c12,C,I agree. Hedging language might be retrieved less because it sounds less decisive. That way we can separate system behavior from human perception effects.,2026-02-01T22:15:36,154,24,3,5.333333333333333,8.0,0,0,0,0.0,0,1,3,0,1,0.041666666666666664,0,0,0.0,2,0.08333333333333333,0,2,-1,0
c12_16,16,c12,E,"Can we clarify: For sure, if retrieval is skewed, summaries may systematically misrepresent the group?",2026-02-01T22:16:10,102,15,1,5.6,15.0,1,0,1,1.0,1,0,2,0,0,0.0,0,0,0.0,2,0.13333333333333333,1,1,0,0
c12_17,17,c12,C,"We should randomize which conversation they see to avoid learning effects. It might feel like extra work now, but it saves time during analysis.",2026-02-01T22:16:34,144,24,2,4.916666666666667,12.0,0,0,0,0.0,0,1,2,0,1,0.041666666666666664,0,1,0.041666666666666664,2,0.08333333333333333,0,1,0,1
c12_18,18,c12,G,I agree. We can show participants a short system-generated summary and ask perception questions.,2026-02-01T22:18:14,96,15,2,5.333333333333333,7.5,0,0,0,0.0,0,1,2,0,0,0.0,0,0,0.0,1,0.06666666666666667,0,2,0,0
c12_19,19,c12,F,We can keep it lightweight with a Google Form and short tasks. would you be able to.,2026-02-01T22:19:35,84,17,2,3.8823529411764706,8.5,0,0,1,0.5,1,0,3,0,0,0.0,0,0,0.0,2,0.11764705882352941,0,1,0,0
c12_20,20,c12,E,Just to check: We should track agreement across participants to see if the effect is consistent?,2026-02-01T22:20:32,96,16,1,4.9375,16.0,1,0,1,1.0,1,0,2,0,0,0.0,0,1,0.0625,1,0.0625,1,1,1,1
c12_21,21,c12,G,"Readers may think the most-retrieved speaker is the leader, even if they weren’t.",2026-02-01T22:21:37,81,15,1,4.333333333333333,15.0,0,0,0,0.0,0,1,1,0,0,0.0,0,0,0.0,1,0.06666666666666667,0,0,0,0
c12_22,22,c12,C,"For the user study, we can ask who seems most knowledgeable or influential. If we write this down as a checklist, we can avoid back-and-forth later.",2026-02-01T22:23:23,148,28,2,4.178571428571429,14.0,0,0,0,0.0,0,1,2,0,1,0.03571428571428571,0,0,0.0,2,0.07142857142857142,0,3,-1,1
c12_23,23,c12,E,"Just to check: For the user study, we can ask who seems most knowledgeable or influential?",2026-02-01T22:24:44,90,16,1,4.5,16.0,1,0,1,1.0,1,0,2,0,1,0.0625,0,0,0.0,1,0.0625,1,1,-1,0
c12_24,24,c12,C,I'm not fully convinced yet. I suspect verbose speakers will be retrieved more often just because they contain more keywords. This also gives us something concrete to show in the proposal and final report.,2026-02-01T22:25:32,205,35,3,4.8,11.666666666666666,0,0,0,0.0,0,1,3,0,0,0.0,0,0,0.0,1,0.02857142857142857,0,3,0,0
c12_25,25,c12,F,We can keep it lightweight with a Google Form and short tasks. if you don't mind.,2026-02-01T22:26:21,81,17,2,3.7058823529411766,8.5,0,0,0,0.0,0,1,3,0,0,0.0,0,0,0.0,1,0.058823529411764705,0,1,0,0
c12_26,26,c12,G,We should randomize which conversation they see to avoid learning effects.,2026-02-01T22:28:10,74,11,1,5.7272727272727275,11.0,0,0,0,0.0,0,1,1,0,0,0.0,0,1,0.09090909090909091,1,0.09090909090909091,0,1,1,1
c12_27,27,c12,C,"We should randomize which conversation they see to avoid learning effects. If we write this down as a checklist, we can avoid back-and-forth later.",2026-02-01T22:29:09,147,26,2,4.576923076923077,13.0,0,0,0,0.0,0,1,2,0,0,0.0,0,1,0.038461538461538464,2,0.07692307692307693,0,3,1,1
c12_28,28,c12,F,I'm not fully convinced yet. We should track agreement across participants to see if the effect is consistent. could we.,2026-02-01T22:29:29,120,21,3,4.619047619047619,7.0,0,0,1,0.3333333333333333,1,0,2,0,1,0.047619047619047616,0,1,0.047619047619047616,2,0.09523809523809523,0,3,0,1
c12_29,29,c12,E,Before we move on: I'm not fully convinced yet. Hedging language might be retrieved less because it sounds less decisive?,2026-02-01T22:29:55,121,21,2,4.666666666666667,10.5,1,0,1,0.5,1,0,3,0,1,0.047619047619047616,0,0,0.0,1,0.047619047619047616,1,2,-1,0
c12_30,30,c12,C,"We should track agreement across participants to see if the effect is consistent. If we write this down as a checklist, we can avoid back-and-forth later.",2026-02-01T22:31:31,154,28,2,4.428571428571429,14.0,0,0,0,0.0,0,1,2,0,0,0.0,0,1,0.03571428571428571,2,0.07142857142857142,0,3,1,1
c12_31,31,c12,G,We should randomize which conversation they see to avoid learning effects.,2026-02-01T22:33:05,74,11,1,5.7272727272727275,11.0,0,0,0,0.0,0,1,1,0,0,0.0,0,1,0.09090909090909091,1,0.09090909090909091,0,1,1,1
c12_32,32,c12,F,"Definitely, if retrieval is skewed, summaries may systematically misrepresent the group. if you don't mind.",2026-02-01T22:34:08,107,16,2,5.5,8.0,0,0,0,0.0,0,1,1,0,0,0.0,0,1,0.0625,1,0.0625,0,0,1,0
c12_33,33,c12,E,"Before we move on: If retrieval is skewed, summaries may systematically misrepresent the group?",2026-02-01T22:34:40,95,14,1,5.642857142857143,14.0,1,0,1,1.0,1,0,2,0,0,0.0,0,0,0.0,1,0.07142857142857142,1,1,0,0
c12_34,34,c12,E,"Quick question: For the user study, we can ask who seems most knowledgeable or influential?",2026-02-01T22:35:39,91,15,1,4.933333333333334,15.0,1,0,1,1.0,1,0,2,0,1,0.06666666666666667,0,0,0.0,1,0.06666666666666667,1,1,-1,0
c12_35,35,c12,C,"To be clear, we should compute style metrics: verbosity, hedging rate, assertiveness rate. That way we can separate system behavior from human perception effects.",2026-02-01T22:36:30,162,24,2,5.541666666666667,12.0,0,0,0,0.0,0,1,2,0,0,0.0,0,1,0.041666666666666664,2,0.08333333333333333,1,2,1,0
c12_36,36,c12,B,"I think, we can compute retrieval share per speaker and compare it to participation share.",2026-02-01T22:37:12,90,15,1,4.933333333333334,15.0,0,0,0,0.0,0,1,1,0,1,0.06666666666666667,0,0,0.0,1,0.06666666666666667,0,2,-1,0
c12_37,37,c12,B,"I think, i agree. We should randomize which conversation they see to avoid learning effects.",2026-02-01T22:38:31,92,15,2,5.0,7.5,0,0,0,0.0,0,1,2,0,1,0.06666666666666667,0,1,0.06666666666666667,1,0.06666666666666667,0,3,0,0
c12_38,38,c12,B,"It seems like, we should collect demographics lightly, if allowed, but keep it minimal.",2026-02-01T22:38:52,87,14,1,5.0,14.0,0,0,0,0.0,0,1,1,0,1,0.07142857142857142,0,1,0.07142857142857142,1,0.07142857142857142,0,1,0,1
c12_39,39,c12,C,We can compute retrieval share per speaker and compare it to participation share. That way we can separate system behavior from human perception effects.,2026-02-01T22:39:16,153,24,2,5.333333333333333,12.0,0,0,0,0.0,0,1,2,0,0,0.0,0,0,0.0,2,0.08333333333333333,0,2,0,0
c12_40,40,c12,G,I agree. We can show participants a short system-generated summary and ask perception questions.,2026-02-01T22:39:51,96,15,2,5.333333333333333,7.5,0,0,0,0.0,0,1,2,0,0,0.0,0,0,0.0,1,0.06666666666666667,0,2,0,0
c12_41,41,c12,F,"If you don't mind, i agree. We should collect demographics lightly, if allowed, but keep it minimal.",2026-02-01T22:41:16,100,18,2,4.333333333333333,9.0,0,0,0,0.0,0,1,2,0,0,0.0,0,1,0.05555555555555555,1,0.05555555555555555,0,2,1,1
c12_42,42,c12,G,"I agree. For the user study, we can ask who seems most knowledgeable or influential.",2026-02-01T22:41:45,84,15,2,4.466666666666667,7.5,0,0,0,0.0,0,1,2,0,1,0.06666666666666667,0,0,0.0,1,0.06666666666666667,0,2,-1,0
c12_43,43,c12,B,"Kind of, for sure, we should track agreement across participants to see if the effect is consistent.",2026-02-01T22:42:40,100,17,1,4.764705882352941,17.0,0,0,0,0.0,0,1,1,0,1,0.058823529411764705,0,1,0.058823529411764705,1,0.058823529411764705,0,1,0,0
c12_44,44,c12,E,"Can we clarify: I agree. We should compute style metrics: verbosity, hedging rate, assertiveness rate?",2026-02-01T22:43:40,102,15,2,5.466666666666667,7.5,1,0,2,1.0,1,0,3,0,0,0.0,0,1,0.06666666666666667,2,0.13333333333333333,1,3,1,0
c12_45,45,c12,B,"I think, i'm not fully convinced yet. We should randomize which conversation they see to avoid learning effects.",2026-02-01T22:44:08,112,19,2,4.7894736842105265,9.5,0,0,0,0.0,0,1,2,0,1,0.05263157894736842,0,1,0.05263157894736842,1,0.05263157894736842,0,3,0,0
c12_46,46,c12,B,"I think, i'm not fully convinced yet. We can show participants a short system-generated summary and ask perception questions.",2026-02-01T22:45:36,125,21,2,4.857142857142857,10.5,0,0,0,0.0,0,1,2,0,1,0.047619047619047616,0,0,0.0,1,0.047619047619047616,0,3,-1,0
c12_47,47,c12,C,"For the user study, we can ask who seems most knowledgeable or influential. This also gives us something concrete to show in the proposal and final report.",2026-02-01T22:46:46,155,27,2,4.666666666666667,13.5,0,0,0,0.0,0,1,2,0,1,0.037037037037037035,0,0,0.0,1,0.037037037037037035,0,2,-1,1
c12_48,48,c12,C,"Readers may think the most-retrieved speaker is the leader, even if they weren’t. It might feel like extra work now, but it saves time during analysis.",2026-02-01T22:47:46,151,28,2,4.285714285714286,14.0,0,0,0,0.0,0,1,2,0,1,0.03571428571428571,0,0,0.0,2,0.07142857142857142,0,0,-1,0
c12_49,49,c12,F,"Could we, for sure, we can compute retrieval share per speaker and compare it to participation share.",2026-02-01T22:49:31,101,17,1,4.823529411764706,17.0,0,0,1,1.0,1,0,1,0,1,0.058823529411764705,0,0,0.0,2,0.11764705882352941,0,2,-1,0
c12_50,50,c12,F,"Please, i suspect verbose speakers will be retrieved more often just because they contain more keywords.",2026-02-01T22:50:02,104,16,1,5.4375,16.0,0,0,0,0.0,0,1,1,0,0,0.0,1,0,0.0,1,0.0625,0,1,0,0
c12_51,51,c12,E,"Just to check: For sure, readers may think the most-retrieved speaker is the leader, even if they weren’t?",2026-02-01T22:50:30,106,20,1,4.15,20.0,1,0,1,1.0,1,0,2,0,0,0.0,0,0,0.0,1,0.05,1,0,0,0
c12_52,52,c12,G,"For the user study, we can ask who seems most knowledgeable or influential.",2026-02-01T22:51:55,75,13,1,4.6923076923076925,13.0,0,0,0,0.0,0,1,1,0,1,0.07692307692307693,0,0,0.0,1,0.07692307692307693,0,1,-1,0
c12_53,53,c12,E,"Can we clarify: Readers may think the most-retrieved speaker is the leader, even if they weren’t?",2026-02-01T22:53:21,97,18,1,4.277777777777778,18.0,1,0,1,1.0,1,0,2,0,0,0.0,0,0,0.0,2,0.1111111111111111,1,1,0,0
c12_54,54,c12,F,We should randomize which conversation they see to avoid learning effects. if you don't mind.,2026-02-01T22:53:51,93,16,2,4.75,8.0,0,0,0,0.0,0,1,1,0,0,0.0,0,1,0.0625,1,0.0625,0,1,1,0
c12_55,55,c12,B,"I feel like, for the user study, we can ask who seems most knowledgeable or influential.",2026-02-01T22:54:40,88,16,1,4.375,16.0,0,0,0,0.0,0,1,1,0,1,0.0625,0,0,0.0,1,0.0625,0,2,-1,0
c12_56,56,c12,E,Can we clarify: We should track agreement across participants to see if the effect is consistent?,2026-02-01T22:55:50,97,16,1,5.0,16.0,1,0,1,1.0,1,0,2,0,0,0.0,0,1,0.0625,2,0.125,1,2,1,1
c12_57,57,c12,E,"Small question: For sure, readers may think the most-retrieved speaker is the leader, even if they weren’t?",2026-02-01T22:57:13,107,19,1,4.473684210526316,19.0,1,0,1,1.0,1,0,2,0,0,0.0,0,0,0.0,1,0.05263157894736842,1,0,0,0
c12_58,58,c12,C,"I suspect verbose speakers will be retrieved more often just because they contain more keywords. It might feel like extra work now, but it saves time during analysis.",2026-02-01T22:58:21,166,28,2,4.857142857142857,14.0,0,0,0,0.0,0,1,2,0,1,0.03571428571428571,0,0,0.0,2,0.07142857142857142,0,1,-1,0
c12_59,59,c12,G,We should track agreement across participants to see if the effect is consistent.,2026-02-01T22:58:53,81,13,1,5.230769230769231,13.0,0,0,0,0.0,0,1,1,0,0,0.0,0,1,0.07692307692307693,1,0.07692307692307693,0,1,1,1
c12_60,60,c12,G,"If retrieval is skewed, summaries may systematically misrepresent the group.",2026-02-01T22:59:17,76,10,1,6.5,10.0,0,0,0,0.0,0,1,1,0,0,0.0,0,0,0.0,1,0.1,0,0,0,0
c12_61,61,c12,C,"For the user study, we can ask who seems most knowledgeable or influential. It might feel like extra work now, but it saves time during analysis.",2026-02-01T23:01:07,145,26,2,4.461538461538462,13.0,0,0,0,0.0,0,1,2,0,2,0.07692307692307693,0,0,0.0,2,0.07692307692307693,0,1,-2,1
c12_62,62,c12,G,"Definitely, i agree. We can compute retrieval share per speaker and compare it to participation share.",2026-02-01T23:02:24,102,16,2,5.25,8.0,0,0,0,0.0,0,1,2,0,0,0.0,0,1,0.0625,1,0.0625,0,2,1,0
c12_63,63,c12,B,"Possibly, in my view, we should compute style metrics: verbosity, hedging rate, assertiveness rate.",2026-02-01T23:02:48,99,14,1,5.714285714285714,14.0,0,0,0,0.0,0,1,1,0,1,0.07142857142857142,0,1,0.07142857142857142,1,0.07142857142857142,0,2,0,0
c12_64,64,c12,C,We should track agreement across participants to see if the effect is consistent. This also gives us something concrete to show in the proposal and final report.,2026-02-01T23:04:26,161,27,2,4.925925925925926,13.5,0,0,0,0.0,0,1,2,0,0,0.0,0,1,0.037037037037037035,1,0.037037037037037035,0,2,1,1
c12_65,65,c12,F,"Thanks, hedging language might be retrieved less because it sounds less decisive.",2026-02-01T23:04:58,81,12,1,5.666666666666667,12.0,0,0,0,0.0,0,1,1,0,1,0.08333333333333333,1,0,0.0,1,0.08333333333333333,0,0,-1,0
c12_66,66,c12,G,"If retrieval is skewed, summaries may systematically misrepresent the group.",2026-02-01T23:06:33,76,10,1,6.5,10.0,0,0,0,0.0,0,1,1,0,0,0.0,0,0,0.0,1,0.1,0,0,0,0
c12_67,67,c12,F,"If retrieval is skewed, summaries may systematically misrepresent the group. could we.",2026-02-01T23:07:34,86,12,2,6.0,6.0,0,0,1,0.5,1,0,1,0,1,0.08333333333333333,0,0,0.0,2,0.16666666666666666,0,1,-1,0
c12_68,68,c12,E,Can we clarify: We can compute retrieval share per speaker and compare it to participation share?,2026-02-01T23:09:05,97,16,1,5.0,16.0,1,0,1,1.0,1,0,2,0,0,0.0,0,0,0.0,2,0.125,1,2,0,0
c12_69,69,c12,F,Hedging language might be retrieved less because it sounds less decisive. thanks.,2026-02-01T23:10:30,81,12,2,5.666666666666667,6.0,0,0,0,0.0,0,1,1,0,1,0.08333333333333333,1,0,0.0,1,0.08333333333333333,0,0,-1,0
c12_70,70,c12,B,"I think, we can compute retrieval share per speaker and compare it to participation share.",2026-02-01T23:11:24,90,15,1,4.933333333333334,15.0,0,0,0,0.0,0,1,1,0,1,0.06666666666666667,0,0,0.0,1,0.06666666666666667,0,2,-1,0
c12_71,71,c12,C,"We should compute style metrics: verbosity, hedging rate, assertiveness rate. We can validate it quickly with a small pilot before we scale it up.",2026-02-01T23:12:06,146,24,2,4.916666666666667,12.0,0,0,0,0.0,0,1,2,0,0,0.0,0,1,0.041666666666666664,2,0.08333333333333333,0,3,1,0
c13_1,1,c13,G,Team: let's discuss class project planning and get aligned before we split tasks.,2026-02-01T23:00:00,81,14,1,4.714285714285714,14.0,0,0,0,0.0,0,1,1,0,0,0.0,0,0,0.0,0,0.0,1,1,0,0
c13_2,2,c13,G,"Definitely, i agree. We can simulate group chats so we control ground truth and avoid privacy issues.",2026-02-01T23:01:21,101,17,2,4.823529411764706,8.5,0,0,0,0.0,0,1,2,0,0,0.0,0,1,0.058823529411764705,1,0.058823529411764705,0,3,1,0
c13_3,3,c13,A,"The best option is definitely, we should include robustness checks by changing retrieval settings.",2026-02-01T23:02:06,98,14,1,5.928571428571429,14.0,0,0,0,0.0,0,1,1,0,0,0.0,0,3,0.21428571428571427,1,0.07142857142857142,0,1,3,0
c13_4,4,c13,A,Let's let’s pick one main question and avoid building extra features.,2026-02-01T23:03:20,69,13,1,4.3076923076923075,13.0,0,0,0,0.0,0,1,1,0,0,0.0,0,0,0.0,0,0.0,1,0,0,1
c13_5,5,c13,F,"If we overbuild, we’ll have less time for evaluation and writing. if you don't mind.",2026-02-01T23:04:16,84,17,2,3.823529411764706,8.5,0,0,0,0.0,0,1,1,0,0,0.0,0,0,0.0,0,0.0,0,2,0,1
c13_6,6,c13,G,I agree. We need multi-speaker conversations where each person has a distinct style.,2026-02-01T23:04:36,84,14,2,4.928571428571429,7.0,0,0,0,0.0,0,1,2,0,0,0.0,0,0,0.0,0,0.0,0,2,0,0
c13_7,7,c13,G,We should assign owners for each part so work doesn’t overlap.,2026-02-01T23:05:22,62,12,1,4.166666666666667,12.0,0,0,0,0.0,0,1,1,0,0,0.0,0,1,0.08333333333333333,1,0.08333333333333333,0,1,1,0
c13_8,8,c13,D,"If we finish the prototype early, we’ll have time to run the user study.",2026-02-01T23:05:42,72,15,1,3.7333333333333334,15.0,0,0,0,0.0,0,1,1,0,0,0.0,0,0,0.0,0,0.0,0,2,0,0
c13_9,9,c13,A,Let's let’s decide how many conversations and messages we need for signal.,2026-02-01T23:06:43,74,14,1,4.285714285714286,14.0,0,0,0,0.0,0,1,1,0,0,0.0,0,0,0.0,0,0.0,1,1,0,0
c13_10,10,c13,F,"Thanks, we should decide what success looks like by the end of the semester.",2026-02-01T23:07:29,76,14,1,4.357142857142857,14.0,0,0,0,0.0,0,1,1,0,0,0.0,1,1,0.07142857142857142,1,0.07142857142857142,0,1,1,1
c13_11,11,c13,G,"To be clear, we can simulate group chats so we control ground truth and avoid privacy issues.",2026-02-01T23:08:51,93,17,1,4.411764705882353,17.0,0,0,0,0.0,0,1,1,0,0,0.0,0,0,0.0,1,0.058823529411764705,1,2,0,0
c13_12,12,c13,F,"Please, let’s define a small set of standard questions to ask the system.",2026-02-01T23:09:17,73,14,1,4.142857142857143,14.0,0,0,0,0.0,0,1,1,0,0,0.0,1,0,0.0,0,0.0,0,0,0,1
c13_13,13,c13,G,Let’s define a small set of standard questions to ask the system.,2026-02-01T23:09:44,65,13,1,4.0,13.0,0,0,0,0.0,0,1,1,0,0,0.0,0,0,0.0,0,0.0,0,0,0,0
c13_14,14,c13,G,Let’s decide how many conversations and messages we need for signal.,2026-02-01T23:11:34,68,12,1,4.666666666666667,12.0,0,0,0,0.0,0,1,1,0,0,0.0,0,0,0.0,0,0.0,0,1,0,0
c13_15,15,c13,A,I recommend i'm not fully convinced yet. We should include robustness checks by changing retrieval settings.,2026-02-01T23:13:16,108,17,2,5.294117647058823,8.5,0,0,0,0.0,0,1,2,0,0,0.0,0,2,0.11764705882352941,1,0.058823529411764705,0,3,2,0
c13_16,16,c13,F,"Thanks, honestly, i'm not fully convinced yet. We need time near the end for polishing figures and slides.",2026-02-01T23:14:25,106,19,2,4.421052631578948,9.5,0,0,0,0.0,0,1,2,0,0,0.0,1,0,0.0,0,0.0,0,2,0,0
c13_17,17,c13,A,We should i agree. We need multi-speaker conversations where each person has a distinct style.,2026-02-01T23:15:00,94,16,2,4.8125,8.0,0,0,0,0.0,0,1,2,0,0,0.0,0,1,0.0625,1,0.0625,0,3,1,0
c13_18,18,c13,C,I agree. We also need a human study to see if summaries change perception. We can validate it quickly with a small pilot before we scale it up.,2026-02-01T23:16:29,143,28,3,4.035714285714286,9.333333333333334,0,0,0,0.0,0,1,3,0,0,0.0,0,0,0.0,1,0.03571428571428571,0,4,0,0
c13_19,19,c13,C,"We can simulate group chats so we control ground truth and avoid privacy issues. If we write this down as a checklist, we can avoid back-and-forth later.",2026-02-01T23:17:26,153,29,2,4.206896551724138,14.5,0,0,0,0.0,0,1,2,0,0,0.0,0,0,0.0,2,0.06896551724137931,0,4,0,1
c13_20,20,c13,G,I agree. Let’s pick one main question and avoid building extra features.,2026-02-01T23:18:39,72,13,2,4.461538461538462,6.5,0,0,0,0.0,0,1,2,0,0,0.0,0,0,0.0,0,0.0,0,1,0,0
c13_21,21,c13,A,"I recommend in my view, we can simulate group chats so we control ground truth and avoid privacy issues.",2026-02-01T23:19:21,104,19,1,4.421052631578948,19.0,0,0,0,0.0,0,1,1,0,0,0.0,0,1,0.05263157894736842,1,0.05263157894736842,0,4,1,0
c13_22,22,c13,G,We need to keep the project focused so we can finish in time.,2026-02-01T23:21:09,61,13,1,3.6923076923076925,13.0,0,0,0,0.0,0,1,1,0,0,0.0,0,0,0.0,1,0.07692307692307693,0,2,0,0
c13_23,23,c13,G,I'm not fully convinced yet. We should include robustness checks by changing retrieval settings.,2026-02-01T23:22:44,96,15,2,5.333333333333333,7.5,0,0,0,0.0,0,1,2,0,0,0.0,0,1,0.06666666666666667,1,0.06666666666666667,0,2,1,0
c13_24,24,c13,A,The best option is i'm not fully convinced yet. We should measure who gets retrieved compared to who actually contributed.,2026-02-01T23:24:15,122,21,2,4.761904761904762,10.5,0,0,0,0.0,0,1,2,0,0,0.0,0,2,0.09523809523809523,1,0.047619047619047616,0,2,2,1
c13_25,25,c13,G,I'm not fully convinced yet. We also need a human study to see if summaries change perception.,2026-02-01T23:25:07,94,18,2,4.166666666666667,9.0,0,0,0,0.0,0,1,2,0,0,0.0,0,0,0.0,0,0.0,0,2,0,1
c13_26,26,c13,C,"We should store everything in a clean CSV with speaker IDs and timestamps. If we write this down as a checklist, we can avoid back-and-forth later.",2026-02-01T23:25:28,147,28,2,4.178571428571429,14.0,0,0,0,0.0,0,1,7,0,0,0.0,0,1,0.03571428571428571,2,0.07142857142857142,0,3,1,0
c13_27,27,c13,C,We can simulate group chats so we control ground truth and avoid privacy issues. This also gives us something concrete to show in the proposal and final report.,2026-02-01T23:26:05,160,28,2,4.678571428571429,14.0,0,0,0,0.0,0,1,2,0,0,0.0,0,0,0.0,1,0.03571428571428571,0,3,0,1
c13_28,28,c13,G,"If we overbuild, we’ll have less time for evaluation and writing.",2026-02-01T23:27:23,65,12,1,4.333333333333333,12.0,0,0,0,0.0,0,1,1,0,0,0.0,0,0,0.0,0,0.0,0,2,0,0
c13_29,29,c13,A,"I recommend honestly, we need to keep the project focused so we can finish in time.",2026-02-01T23:28:24,83,16,1,4.125,16.0,0,0,0,0.0,0,1,1,0,0,0.0,0,1,0.0625,1,0.0625,0,3,1,1
c13_30,30,c13,F,We should measure who gets retrieved compared to who actually contributed. please.,2026-02-01T23:29:43,82,12,2,5.75,6.0,0,0,0,0.0,0,1,1,0,0,0.0,1,1,0.08333333333333333,1,0.08333333333333333,0,1,1,1
c13_31,31,c13,F,"Could we, let’s pick one main question and avoid building extra features.",2026-02-01T23:31:28,73,13,1,4.538461538461538,13.0,0,0,1,1.0,1,0,1,0,1,0.07692307692307693,0,0,0.0,1,0.07692307692307693,0,1,-1,0
c13_32,32,c13,G,Let’s decide how many conversations and messages we need for signal.,2026-02-01T23:32:57,68,12,1,4.666666666666667,12.0,0,0,0,0.0,0,1,1,0,0,0.0,0,0,0.0,0,0.0,0,1,0,0
c13_33,33,c13,C,We should measure who gets retrieved compared to who actually contributed. We can validate it quickly with a small pilot before we scale it up.,2026-02-01T23:34:25,143,25,2,4.68,12.5,0,0,0,0.0,0,1,2,0,0,0.0,0,1,0.04,2,0.08,0,3,1,0
c13_34,34,c13,F,"Please, let’s set weekly milestones: data, prototype, analysis, study, writing.",2026-02-01T23:35:32,79,11,1,5.636363636363637,11.0,0,0,0,0.0,0,1,1,0,0,0.0,1,0,0.0,0,0.0,0,0,0,1
c13_35,35,c13,C,"If we overbuild, we’ll have less time for evaluation and writing. That way we can separate system behavior from human perception effects.",2026-02-01T23:36:02,137,23,2,4.869565217391305,11.5,0,0,0,0.0,0,1,2,0,0,0.0,0,0,0.0,1,0.043478260869565216,0,3,0,1
c13_36,36,c13,A,The best option is we should measure who gets retrieved compared to who actually contributed.,2026-02-01T23:36:57,93,15,1,5.2,15.0,0,0,0,0.0,0,1,1,0,0,0.0,0,2,0.13333333333333333,1,0.06666666666666667,0,1,2,0
c13_37,37,c13,A,We should i'm not fully convinced yet. Let’s pick one main question and avoid building extra features.,2026-02-01T23:37:24,102,19,2,4.315789473684211,9.5,0,0,0,0.0,0,1,2,0,0,0.0,0,1,0.05263157894736842,1,0.05263157894736842,0,2,1,1
c13_38,38,c13,D,"Honestly, we need time near the end for polishing figures and slides.",2026-02-01T23:37:56,69,12,1,4.666666666666667,12.0,0,0,0,0.0,0,1,1,0,0,0.0,0,0,0.0,0,0.0,0,1,0,0
c13_39,39,c13,D,We should measure who gets retrieved compared to who actually contributed.,2026-02-01T23:39:10,74,11,1,5.7272727272727275,11.0,0,0,0,0.0,0,1,1,0,0,0.0,0,1,0.09090909090909091,1,0.09090909090909091,0,1,1,0
c13_40,40,c13,A,The best option is we need to keep the project focused so we can finish in time.,2026-02-01T23:40:07,80,17,1,3.7058823529411766,17.0,0,0,0,0.0,0,1,1,0,0,0.0,0,1,0.058823529411764705,1,0.058823529411764705,0,2,1,1
c13_41,41,c13,C,"If we finish the prototype early, we’ll have time to run the user study. We can validate it quickly with a small pilot before we scale it up.",2026-02-01T23:40:54,141,29,2,3.793103448275862,14.5,0,0,0,0.0,0,1,2,0,0,0.0,0,0,0.0,1,0.034482758620689655,0,4,0,0
c13_42,42,c13,D,We should store everything in a clean CSV with speaker IDs and timestamps.,2026-02-01T23:41:21,74,13,1,4.6923076923076925,13.0,0,0,0,0.0,0,1,6,0,0,0.0,0,1,0.07692307692307693,1,0.07692307692307693,0,1,1,0
c13_43,43,c13,F,"Would you be able to, we should decide what success looks like by the end of the semester.",2026-02-01T23:43:03,90,18,1,3.9444444444444446,18.0,0,0,1,1.0,1,0,1,0,0,0.0,0,1,0.05555555555555555,2,0.1111111111111111,0,1,1,0
c13_44,44,c13,G,We can simulate group chats so we control ground truth and avoid privacy issues.,2026-02-01T23:44:38,80,14,1,4.714285714285714,14.0,0,0,0,0.0,0,1,1,0,0,0.0,0,0,0.0,1,0.07142857142857142,0,2,0,0
c13_45,45,c13,G,We should store everything in a clean CSV with speaker IDs and timestamps.,2026-02-01T23:45:30,74,13,1,4.6923076923076925,13.0,0,0,0,0.0,0,1,6,0,0,0.0,0,1,0.07692307692307693,1,0.07692307692307693,0,1,1,0
c13_46,46,c13,F,"I'm not fully convinced yet. Let’s set weekly milestones: data, prototype, analysis, study, writing. please.",2026-02-01T23:46:38,108,17,3,4.9411764705882355,5.666666666666667,0,0,0,0.0,0,1,2,0,0,0.0,1,0,0.0,0,0.0,0,1,0,1
c13_47,47,c13,A,I recommend we need multi-speaker conversations where each person has a distinct style.,2026-02-01T23:48:01,87,14,1,5.214285714285714,14.0,0,0,0,0.0,0,1,1,0,0,0.0,0,1,0.07142857142857142,0,0.0,0,2,1,1
c13_48,48,c13,C,"We should assign owners for each part so work doesn’t overlap. It might feel like extra work now, but it saves time during analysis.",2026-02-01T23:49:32,132,25,2,4.2,12.5,0,0,0,0.0,0,1,2,0,1,0.04,0,1,0.04,2,0.08,0,1,0,0
c13_49,49,c13,G,Let’s define a small set of standard questions to ask the system.,2026-02-01T23:49:58,65,13,1,4.0,13.0,0,0,0,0.0,0,1,1,0,0,0.0,0,0,0.0,0,0.0,0,0,0,0
c13_50,50,c13,A,The best option is we should decide what success looks like by the end of the semester.,2026-02-01T23:51:10,87,17,1,4.117647058823529,17.0,0,0,0,0.0,0,1,1,0,0,0.0,0,2,0.11764705882352941,1,0.058823529411764705,0,1,2,1
c13_51,51,c13,F,"Please, in my view, we can simulate group chats so we control ground truth and avoid privacy issues.",2026-02-01T23:51:50,100,18,1,4.444444444444445,18.0,0,0,0,0.0,0,1,1,0,0,0.0,1,0,0.0,1,0.05555555555555555,0,3,0,0
c13_52,52,c13,G,We should decide what success looks like by the end of the semester.,2026-02-01T23:53:37,68,13,1,4.230769230769231,13.0,0,0,0,0.0,0,1,1,0,0,0.0,0,1,0.07692307692307693,1,0.07692307692307693,0,1,1,1
c13_53,53,c13,F,Let’s decide how many conversations and messages we need for signal. thanks.,2026-02-01T23:54:42,76,13,2,4.769230769230769,6.5,0,0,0,0.0,0,1,1,0,0,0.0,1,0,0.0,0,0.0,0,1,0,0
c13_54,54,c13,G,"If we finish the prototype early, we’ll have time to run the user study.",2026-02-01T23:55:25,72,15,1,3.7333333333333334,15.0,0,0,0,0.0,0,1,1,0,0,0.0,0,0,0.0,0,0.0,0,2,0,0
c13_55,55,c13,G,We also need a human study to see if summaries change perception.,2026-02-01T23:55:53,65,12,1,4.416666666666667,12.0,0,0,0,0.0,0,1,1,0,0,0.0,0,0,0.0,0,0.0,0,1,0,1
c13_56,56,c13,G,I agree. We should include robustness checks by changing retrieval settings.,2026-02-01T23:57:37,76,11,2,5.818181818181818,5.5,0,0,0,0.0,0,1,2,0,0,0.0,0,1,0.09090909090909091,1,0.09090909090909091,0,2,1,0
c13_57,57,c13,C,We should measure who gets retrieved compared to who actually contributed. This also gives us something concrete to show in the proposal and final report.,2026-02-01T23:58:29,154,25,2,5.12,12.5,0,0,0,0.0,0,1,2,0,0,0.0,0,1,0.04,1,0.04,0,2,1,1
c13_58,58,c13,F,"If we overbuild, we’ll have less time for evaluation and writing. if you don't mind.",2026-02-01T23:59:38,84,17,2,3.823529411764706,8.5,0,0,0,0.0,0,1,1,0,0,0.0,0,0,0.0,0,0.0,0,2,0,1
c13_59,59,c13,A,I propose i agree. Let’s pick one main question and avoid building extra features.,2026-02-02T00:00:16,82,15,2,4.4,7.5,0,0,0,0.0,0,1,2,0,0,0.0,0,0,0.0,0,0.0,0,2,0,0
c13_60,60,c13,F,"If you don't mind, to be clear, i agree. Let’s define a small set of standard questions to ask the system.",2026-02-02T00:00:56,106,23,2,3.4782608695652173,11.5,0,0,0,0.0,0,1,2,0,0,0.0,0,0,0.0,0,0.0,1,1,0,0
c13_61,61,c13,C,Let’s decide how many conversations and messages we need for signal. This also gives us something concrete to show in the proposal and final report.,2026-02-02T00:01:17,148,26,2,4.653846153846154,13.0,0,0,0,0.0,0,1,2,0,0,0.0,0,0,0.0,0,0.0,0,2,0,1
c14_1,1,c14,C,Team: let's discuss class project planning and get aligned before we split tasks.,2026-02-02T00:00:00,81,14,1,4.714285714285714,14.0,0,0,0,0.0,0,1,1,0,0,0.0,0,0,0.0,0,0.0,1,1,0,0
c14_2,2,c14,B,"I think, we can simulate group chats so we control ground truth and avoid privacy issues.",2026-02-02T00:00:44,89,16,1,4.5,16.0,0,0,0,0.0,0,1,1,0,1,0.0625,0,0,0.0,1,0.0625,0,3,-1,0
c14_3,3,c14,A,"The best option is i agree. If we finish the prototype early, we’ll have time to run the user study.",2026-02-02T00:01:10,100,21,2,3.6666666666666665,10.5,0,0,0,0.0,0,1,2,0,0,0.0,0,1,0.047619047619047616,0,0.0,0,3,1,1
c14_4,4,c14,B,"It seems like, let’s decide how many conversations and messages we need for signal.",2026-02-02T00:02:03,83,15,1,4.466666666666667,15.0,0,0,0,0.0,0,1,1,0,1,0.06666666666666667,0,0,0.0,0,0.0,0,1,-1,0
c14_5,5,c14,A,"I recommend i agree. If we overbuild, we’ll have less time for evaluation and writing.",2026-02-02T00:02:47,86,16,2,4.25,8.0,0,0,0,0.0,0,1,2,0,0,0.0,0,1,0.0625,0,0.0,0,4,1,0
c14_6,6,c14,B,"Maybe, we need time near the end for polishing figures and slides.",2026-02-02T00:04:02,66,12,1,4.416666666666667,12.0,0,0,0,0.0,0,1,1,0,1,0.08333333333333333,0,0,0.0,0,0.0,0,1,-1,0
c14_7,7,c14,D,We can simulate group chats so we control ground truth and avoid privacy issues.,2026-02-02T00:05:21,80,14,1,4.714285714285714,14.0,0,0,0,0.0,0,1,1,0,0,0.0,0,0,0.0,1,0.07142857142857142,0,2,0,0
c14_8,8,c14,B,"Kind of, we also need a human study to see if summaries change perception.",2026-02-02T00:06:52,74,14,1,4.214285714285714,14.0,0,0,0,0.0,0,1,1,0,1,0.07142857142857142,0,0,0.0,0,0.0,0,1,-1,0
c14_9,9,c14,D,We need time near the end for polishing figures and slides.,2026-02-02T00:08:00,59,11,1,4.363636363636363,11.0,0,0,0,0.0,0,1,1,0,0,0.0,0,0,0.0,0,0.0,0,1,0,0
c14_10,10,c14,A,"We need to i agree. If we overbuild, we’ll have less time for evaluation and writing.",2026-02-02T00:08:33,85,17,2,3.8823529411764706,8.5,0,0,0,0.0,0,1,2,0,0,0.0,0,0,0.0,0,0.0,0,4,0,0
c14_11,11,c14,D,We should include robustness checks by changing retrieval settings.,2026-02-02T00:10:19,67,9,1,6.444444444444445,9.0,0,0,0,0.0,0,1,1,0,0,0.0,0,1,0.1111111111111111,1,0.1111111111111111,0,1,1,0
c14_12,12,c14,B,"I think, we should measure who gets retrieved compared to who actually contributed.",2026-02-02T00:11:26,83,13,1,5.3076923076923075,13.0,0,0,0,0.0,0,1,1,0,1,0.07692307692307693,0,1,0.07692307692307693,1,0.07692307692307693,0,2,0,0
c14_13,13,c14,E,Small question: Let’s define a small set of standard questions to ask the system?,2026-02-02T00:12:20,81,15,1,4.333333333333333,15.0,1,0,1,1.0,1,0,2,0,0,0.0,0,0,0.0,0,0.0,1,0,0,0
c14_14,14,c14,D,We should measure who gets retrieved compared to who actually contributed.,2026-02-02T00:14:04,74,11,1,5.7272727272727275,11.0,0,0,0,0.0,0,1,1,0,0,0.0,0,1,0.09090909090909091,1,0.09090909090909091,0,1,1,0
c14_15,15,c14,D,I agree.,2026-02-02T00:14:24,8,2,1,3.0,2.0,0,0,0,0.0,0,1,1,0,0,0.0,0,0,0.0,0,0.0,0,1,0,0
c14_16,16,c14,A,Let's we should store everything in a clean CSV with speaker IDs and timestamps.,2026-02-02T00:14:57,80,15,1,4.333333333333333,15.0,0,0,0,0.0,0,1,6,0,0,0.0,0,1,0.06666666666666667,1,0.06666666666666667,1,1,1,0
c14_17,17,c14,D,Let’s pick one main question and avoid building extra features.,2026-02-02T00:15:58,63,11,1,4.7272727272727275,11.0,0,0,0,0.0,0,1,1,0,0,0.0,0,0,0.0,0,0.0,0,0,0,1
c14_18,18,c14,B,"It seems like, if we finish the prototype early, we’ll have time to run the user study.",2026-02-02T00:16:26,87,18,1,3.7222222222222223,18.0,0,0,0,0.0,0,1,1,0,1,0.05555555555555555,0,0,0.0,0,0.0,0,2,-1,0
c14_19,19,c14,C,Let’s define a small set of standard questions to ask the system. This also gives us something concrete to show in the proposal and final report.,2026-02-02T00:17:29,145,27,2,4.333333333333333,13.5,0,0,0,0.0,0,1,2,0,0,0.0,0,0,0.0,0,0.0,0,1,0,1
c14_20,20,c14,E,Can we clarify: We need time near the end for polishing figures and slides?,2026-02-02T00:19:17,75,14,1,4.285714285714286,14.0,1,0,1,1.0,1,0,2,0,0,0.0,0,0,0.0,1,0.07142857142857142,1,2,0,0
c14_21,21,c14,C,"I agree. If we finish the prototype early, we’ll have time to run the user study. If we write this down as a checklist, we can avoid back-and-forth later.",2026-02-02T00:21:03,154,32,3,3.6875,10.666666666666666,0,0,0,0.0,0,1,3,0,0,0.0,0,0,0.0,1,0.03125,0,5,0,0
c14_22,22,c14,A,I recommend we should measure who gets retrieved compared to who actually contributed.,2026-02-02T00:21:36,86,13,1,5.615384615384615,13.0,0,0,0,0.0,0,1,1,0,0,0.0,0,2,0.15384615384615385,1,0.07692307692307693,0,2,2,0
c14_23,23,c14,B,"It seems like, we can simulate group chats so we control ground truth and avoid privacy issues.",2026-02-02T00:22:18,95,17,1,4.529411764705882,17.0,0,0,0,0.0,0,1,1,0,1,0.058823529411764705,0,0,0.0,1,0.058823529411764705,0,2,-1,0
c14_24,24,c14,C,"Let’s pick one main question and avoid building extra features. It might feel like extra work now, but it saves time during analysis.",2026-02-02T00:24:05,133,24,2,4.458333333333333,12.0,0,0,0,0.0,0,1,2,0,1,0.041666666666666664,0,0,0.0,1,0.041666666666666664,0,0,-1,1
c14_25,25,c14,D,"Let’s set weekly milestones: data, prototype, analysis, study, writing.",2026-02-02T00:24:56,71,10,1,5.6,10.0,0,0,0,0.0,0,1,1,0,0,0.0,0,0,0.0,0,0.0,0,0,0,0
c14_26,26,c14,A,"Let's let’s set weekly milestones: data, prototype, analysis, study, writing.",2026-02-02T00:26:46,77,12,1,5.0,12.0,0,0,0,0.0,0,1,1,0,0,0.0,0,0,0.0,0,0.0,1,0,0,0
c14_27,27,c14,B,"Possibly, let’s define a small set of standard questions to ask the system.",2026-02-02T00:28:22,75,14,1,4.285714285714286,14.0,0,0,0,0.0,0,1,1,0,1,0.07142857142857142,0,0,0.0,0,0.0,0,0,-1,0
c14_28,28,c14,C,Let’s define a small set of standard questions to ask the system. This also gives us something concrete to show in the proposal and final report.,2026-02-02T00:29:38,145,27,2,4.333333333333333,13.5,0,0,0,0.0,0,1,2,0,0,0.0,0,0,0.0,0,0.0,0,1,0,1
c14_29,29,c14,E,Small question: We need multi-speaker conversations where each person has a distinct style?,2026-02-02T00:30:27,91,14,1,5.428571428571429,14.0,1,0,1,1.0,1,0,2,0,0,0.0,0,0,0.0,0,0.0,1,1,0,1
c14_30,30,c14,B,"I think, to be clear, we should measure who gets retrieved compared to who actually contributed.",2026-02-02T00:30:58,96,16,1,4.875,16.0,0,0,0,0.0,0,1,1,0,1,0.0625,0,1,0.0625,1,0.0625,1,2,0,0
c14_31,31,c14,C,"If we finish the prototype early, we’ll have time to run the user study. This also gives us something concrete to show in the proposal and final report.",2026-02-02T00:32:23,152,29,2,4.172413793103448,14.5,0,0,0,0.0,0,1,2,0,0,0.0,0,0,0.0,0,0.0,0,3,0,0
c14_32,32,c14,D,I agree.,2026-02-02T00:33:30,8,2,1,3.0,2.0,0,0,0,0.0,0,1,1,0,0,0.0,0,0,0.0,0,0.0,0,1,0,0
c14_33,33,c14,B,"I think, we need to keep the project focused so we can finish in time.",2026-02-02T00:35:12,70,15,1,3.6,15.0,0,0,0,0.0,0,1,1,0,1,0.06666666666666667,0,0,0.0,1,0.06666666666666667,0,3,-1,0
c14_34,34,c14,D,We should decide what success looks like by the end of the semester.,2026-02-02T00:37:00,68,13,1,4.230769230769231,13.0,0,0,0,0.0,0,1,1,0,0,0.0,0,1,0.07692307692307693,1,0.07692307692307693,0,1,1,0
c14_35,35,c14,A,"The best option is if we overbuild, we’ll have less time for evaluation and writing.",2026-02-02T00:37:33,84,16,1,4.1875,16.0,0,0,0,0.0,0,1,1,0,0,0.0,0,1,0.0625,0,0.0,0,2,1,1
c14_36,36,c14,C,"We should measure who gets retrieved compared to who actually contributed. It might feel like extra work now, but it saves time during analysis.",2026-02-02T00:38:29,144,24,2,4.916666666666667,12.0,0,0,0,0.0,0,1,2,0,1,0.041666666666666664,0,1,0.041666666666666664,2,0.08333333333333333,0,1,0,0
c14_37,37,c14,C,"If we overbuild, we’ll have less time for evaluation and writing. We can validate it quickly with a small pilot before we scale it up.",2026-02-02T00:39:15,134,26,2,4.076923076923077,13.0,0,0,0,0.0,0,1,2,0,0,0.0,0,0,0.0,1,0.038461538461538464,0,4,0,1
c14_38,38,c14,E,Just to check: We need time near the end for polishing figures and slides?,2026-02-02T00:39:39,74,14,1,4.214285714285714,14.0,1,0,1,1.0,1,0,2,0,0,0.0,0,0,0.0,0,0.0,1,1,0,0
c14_39,39,c14,A,I recommend let’s pick one main question and avoid building extra features.,2026-02-02T00:40:26,75,13,1,4.769230769230769,13.0,0,0,0,0.0,0,1,1,0,0,0.0,0,1,0.07692307692307693,0,0.0,0,1,1,1
c14_40,40,c14,E,Small question: I agree. We can simulate group chats so we control ground truth and avoid privacy issues?,2026-02-02T00:41:10,105,18,2,4.722222222222222,9.0,1,0,1,0.5,1,0,3,0,0,0.0,0,0,0.0,1,0.05555555555555555,1,3,0,0
c14_41,41,c14,C,I agree. We also need a human study to see if summaries change perception. That way we can separate system behavior from human perception effects.,2026-02-02T00:42:35,146,25,3,4.76,8.333333333333334,0,0,0,0.0,0,1,3,0,0,0.0,0,0,0.0,1,0.04,0,3,0,0
c14_42,42,c14,C,Let’s define a small set of standard questions to ask the system. This also gives us something concrete to show in the proposal and final report.,2026-02-02T00:44:01,145,27,2,4.333333333333333,13.5,0,0,0,0.0,0,1,2,0,0,0.0,0,0,0.0,0,0.0,0,1,0,1
c14_43,43,c14,D,We should assign owners for each part so work doesn’t overlap.,2026-02-02T00:45:19,62,12,1,4.166666666666667,12.0,0,0,0,0.0,0,1,1,0,0,0.0,0,1,0.08333333333333333,1,0.08333333333333333,0,1,1,0
c14_44,44,c14,B,"Possibly, let’s define a small set of standard questions to ask the system.",2026-02-02T00:45:47,75,14,1,4.285714285714286,14.0,0,0,0,0.0,0,1,1,0,1,0.07142857142857142,0,0,0.0,0,0.0,0,0,-1,0
c14_45,45,c14,E,"Just to check: If we finish the prototype early, we’ll have time to run the user study?",2026-02-02T00:46:14,87,18,1,3.7222222222222223,18.0,1,0,1,1.0,1,0,2,0,0,0.0,0,0,0.0,0,0.0,1,2,0,0
c14_46,46,c14,C,We need time near the end for polishing figures and slides. This also gives us something concrete to show in the proposal and final report.,2026-02-02T00:47:55,139,25,2,4.52,12.5,0,0,0,0.0,0,1,2,0,0,0.0,0,0,0.0,0,0.0,0,2,0,0
c14_47,47,c14,C,"Let’s set weekly milestones: data, prototype, analysis, study, writing. We can validate it quickly with a small pilot before we scale it up.",2026-02-02T00:48:25,140,24,2,4.583333333333333,12.0,0,0,0,0.0,0,1,2,0,0,0.0,0,0,0.0,1,0.041666666666666664,0,2,0,1
c14_48,48,c14,C,"I agree. Let’s decide how many conversations and messages we need for signal. It might feel like extra work now, but it saves time during analysis.",2026-02-02T00:49:31,147,27,3,4.333333333333333,9.0,0,0,0,0.0,0,1,3,0,1,0.037037037037037035,0,0,0.0,1,0.037037037037037035,0,2,-1,0
c14_49,49,c14,C,We need multi-speaker conversations where each person has a distinct style. We can validate it quickly with a small pilot before we scale it up.,2026-02-02T00:50:20,144,26,2,4.5,13.0,0,0,0,0.0,0,1,2,0,0,0.0,0,0,0.0,1,0.038461538461538464,0,3,0,0
c14_50,50,c14,A,The best option is i agree. We should decide what success looks like by the end of the semester.,2026-02-02T00:52:08,96,19,2,4.0,9.5,0,0,0,0.0,0,1,2,0,0,0.0,0,2,0.10526315789473684,1,0.05263157894736842,0,2,2,1
c14_51,51,c14,C,"In my view, if we overbuild, we’ll have less time for evaluation and writing. That way we can separate system behavior from human perception effects.",2026-02-02T00:53:46,149,26,2,4.615384615384615,13.0,0,0,0,0.0,0,1,2,0,0,0.0,0,0,0.0,1,0.038461538461538464,0,4,0,1
c14_52,52,c14,A,"The best option is let’s set weekly milestones: data, prototype, analysis, study, writing.",2026-02-02T00:54:44,90,14,1,5.071428571428571,14.0,0,0,0,0.0,0,1,1,0,0,0.0,0,1,0.07142857142857142,0,0.0,0,0,1,0
c14_53,53,c14,D,We should store everything in a clean CSV with speaker IDs and timestamps.,2026-02-02T00:56:18,74,13,1,4.6923076923076925,13.0,0,0,0,0.0,0,1,6,0,0,0.0,0,1,0.07692307692307693,1,0.07692307692307693,0,1,1,0
c14_54,54,c14,E,Can we clarify: We need multi-speaker conversations where each person has a distinct style?,2026-02-02T00:57:33,91,15,1,5.0,15.0,1,0,1,1.0,1,0,2,0,0,0.0,0,0,0.0,1,0.06666666666666667,1,2,0,1
c14_55,55,c14,C,I'm not fully convinced yet. We should assign owners for each part so work doesn’t overlap. We can validate it quickly with a small pilot before we scale it up.,2026-02-02T00:58:27,160,32,3,3.9375,10.666666666666666,0,0,0,0.0,0,1,3,0,0,0.0,0,1,0.03125,2,0.0625,0,4,1,0
c14_56,56,c14,B,"It seems like, we can simulate group chats so we control ground truth and avoid privacy issues.",2026-02-02T01:00:00,95,17,1,4.529411764705882,17.0,0,0,0,0.0,0,1,1,0,1,0.058823529411764705,0,0,0.0,1,0.058823529411764705,0,2,-1,0
c14_57,57,c14,B,"Possibly, i agree. We also need a human study to see if summaries change perception.",2026-02-02T01:01:39,84,15,2,4.466666666666667,7.5,0,0,0,0.0,0,1,2,0,1,0.06666666666666667,0,0,0.0,0,0.0,0,2,-1,0
c14_58,58,c14,E,Quick question: I agree. We also need a human study to see if summaries change perception?,2026-02-02T01:02:29,90,16,2,4.5,8.0,1,0,1,0.5,1,0,3,0,0,0.0,0,0,0.0,0,0.0,1,2,0,0
c14_59,59,c14,C,"Let’s decide how many conversations and messages we need for signal. If we write this down as a checklist, we can avoid back-and-forth later.",2026-02-02T01:04:13,141,27,2,4.148148148148148,13.5,0,0,0,0.0,0,1,2,0,0,0.0,0,0,0.0,1,0.037037037037037035,0,3,0,0
c14_60,60,c14,A,I propose we should measure who gets retrieved compared to who actually contributed.,2026-02-02T01:04:34,84,13,1,5.461538461538462,13.0,0,0,0,0.0,0,1,1,0,0,0.0,0,1,0.07692307692307693,1,0.07692307692307693,0,2,1,0
c14_61,61,c14,D,"Honestly, let’s pick one main question and avoid building extra features.",2026-02-02T01:06:14,73,12,1,5.0,12.0,0,0,0,0.0,0,1,1,0,0,0.0,0,0,0.0,0,0.0,0,0,0,1
c15_1,1,c15,F,Team: let's discuss study design discussion and get aligned before we split tasks.,2026-02-02T01:00:00,82,14,1,4.785714285714286,14.0,0,0,0,0.0,0,1,1,0,0,0.0,0,0,0.0,0,0.0,1,1,0,1
c15_2,2,c15,G,I'm not fully convinced yet. We should randomize which conversation they see to avoid learning effects.,2026-02-02T01:00:33,103,17,2,5.0,8.5,0,0,0,0.0,0,1,2,0,0,0.0,0,1,0.058823529411764705,1,0.058823529411764705,0,2,1,0
c15_3,3,c15,F,"Could we, i agree. I suspect verbose speakers will be retrieved more often just because they contain more keywords.",2026-02-02T01:02:07,115,19,2,4.947368421052632,9.5,0,0,1,0.5,1,0,2,0,1,0.05263157894736842,0,0,0.0,2,0.10526315789473684,0,3,-1,0
c15_4,4,c15,F,"Appreciate it, for the user study, we can ask who seems most knowledgeable or influential.",2026-02-02T01:03:06,90,15,1,4.866666666666666,15.0,0,0,0,0.0,0,1,1,0,1,0.06666666666666667,1,0,0.0,1,0.06666666666666667,0,1,-1,1
c15_5,5,c15,E,"Can we clarify: For the user study, we can ask who seems most knowledgeable or influential?",2026-02-02T01:03:43,91,16,1,4.5625,16.0,1,0,1,1.0,1,0,2,0,1,0.0625,0,0,0.0,2,0.125,1,2,-1,0
c15_6,6,c15,C,"To be clear, we can show participants a short system-generated summary and ask perception questions. If we write this down as a checklist, we can avoid back-and-forth later.",2026-02-02T01:05:06,173,31,2,4.483870967741935,15.5,0,0,0,0.0,0,1,2,0,0,0.0,0,0,0.0,2,0.06451612903225806,1,3,0,0
c15_7,7,c15,A,We should i agree. We can show participants a short system-generated summary and ask perception questions.,2026-02-02T01:05:44,106,17,2,5.176470588235294,8.5,0,0,0,0.0,0,1,2,0,0,0.0,0,1,0.058823529411764705,2,0.11764705882352941,0,3,1,0
c15_8,8,c15,E,Before we move on: Hedging language might be retrieved less because it sounds less decisive?,2026-02-02T01:06:36,92,15,1,5.066666666666666,15.0,1,0,1,1.0,1,0,2,0,1,0.06666666666666667,0,0,0.0,1,0.06666666666666667,1,1,-1,0
c15_9,9,c15,C,I'm not fully convinced yet. We should track agreement across participants to see if the effect is consistent. That way we can separate system behavior from human perception effects.,2026-02-02T01:07:24,182,30,3,5.0,10.0,0,0,0,0.0,0,1,3,0,0,0.0,0,1,0.03333333333333333,2,0.06666666666666667,0,3,1,0
c15_10,10,c15,C,"For the user study, we can ask who seems most knowledgeable or influential. We can validate it quickly with a small pilot before we scale it up.",2026-02-02T01:08:46,144,27,2,4.2592592592592595,13.5,0,0,0,0.0,0,1,2,0,1,0.037037037037037035,0,0,0.0,2,0.07407407407407407,0,3,-1,1
c15_11,11,c15,C,"I agree. We should collect demographics lightly, if allowed, but keep it minimal. We can validate it quickly with a small pilot before we scale it up.",2026-02-02T01:09:46,150,27,3,4.407407407407407,9.0,0,0,0,0.0,0,1,3,0,0,0.0,0,1,0.037037037037037035,2,0.07407407407407407,0,4,1,1
c15_12,12,c15,A,We need to we should track agreement across participants to see if the effect is consistent.,2026-02-02T01:10:47,92,16,1,4.75,16.0,0,0,0,0.0,0,1,1,0,0,0.0,0,1,0.0625,1,0.0625,0,2,1,1
c15_13,13,c15,C,We should randomize which conversation they see to avoid learning effects. We can validate it quickly with a small pilot before we scale it up.,2026-02-02T01:12:13,143,25,2,4.68,12.5,0,0,0,0.0,0,1,2,0,0,0.0,0,1,0.04,2,0.08,0,3,1,0
c15_14,14,c15,E,"Small question: For the user study, we can ask who seems most knowledgeable or influential?",2026-02-02T01:12:48,91,15,1,4.933333333333334,15.0,1,0,1,1.0,1,0,2,0,1,0.06666666666666667,0,0,0.0,1,0.06666666666666667,1,1,-1,0
c15_15,15,c15,E,Just to check: I suspect verbose speakers will be retrieved more often just because they contain more keywords?,2026-02-02T01:13:26,111,18,1,5.111111111111111,18.0,1,0,1,1.0,1,0,2,0,0,0.0,0,0,0.0,1,0.05555555555555555,1,1,0,0
c15_16,16,c15,F,"I agree. If retrieval is skewed, summaries may systematically misrepresent the group. could we.",2026-02-02T01:14:16,95,14,3,5.571428571428571,4.666666666666667,0,0,1,0.3333333333333333,1,0,2,0,1,0.07142857142857142,0,0,0.0,2,0.14285714285714285,0,2,-1,0
c15_17,17,c15,F,"Thanks, i suspect verbose speakers will be retrieved more often just because they contain more keywords.",2026-02-02T01:15:33,104,16,1,5.4375,16.0,0,0,0,0.0,0,1,1,0,0,0.0,1,0,0.0,1,0.0625,0,1,0,0
c15_18,18,c15,C,We can keep it lightweight with a Google Form and short tasks. We can validate it quickly with a small pilot before we scale it up.,2026-02-02T01:16:15,131,26,2,4.0,13.0,0,0,0,0.0,0,1,4,0,0,0.0,0,0,0.0,2,0.07692307692307693,0,3,0,1
c15_19,19,c15,E,"Quick question: Honestly, hedging language might be retrieved less because it sounds less decisive?",2026-02-02T01:17:52,99,14,1,5.928571428571429,14.0,1,0,1,1.0,1,0,2,0,1,0.07142857142857142,0,0,0.0,1,0.07142857142857142,1,0,-1,0
c15_20,20,c15,E,Before we move on: I agree. We can keep it lightweight with a Google Form and short tasks?,2026-02-02T01:19:11,90,18,2,3.888888888888889,9.0,1,0,1,0.5,1,0,5,0,0,0.0,0,0,0.0,1,0.05555555555555555,1,3,0,0
c15_21,21,c15,G,"For the user study, we can ask who seems most knowledgeable or influential.",2026-02-02T01:20:19,75,13,1,4.6923076923076925,13.0,0,0,0,0.0,0,1,1,0,1,0.07692307692307693,0,0,0.0,1,0.07692307692307693,0,1,-1,0
c15_22,22,c15,F,"If you don't mind, i suspect verbose speakers will be retrieved more often just because they contain more keywords.",2026-02-02T01:21:25,115,20,1,4.7,20.0,0,0,0,0.0,0,1,1,0,0,0.0,0,0,0.0,1,0.05,0,1,0,0
c15_23,23,c15,E,"Can we clarify: To be clear, i agree. We can keep it lightweight with a Google Form and short tasks?",2026-02-02T01:23:01,100,20,2,3.85,10.0,1,0,2,1.0,1,0,5,0,0,0.0,0,0,0.0,2,0.1,2,3,0,0
c15_24,24,c15,G,We should track agreement across participants to see if the effect is consistent.,2026-02-02T01:24:01,81,13,1,5.230769230769231,13.0,0,0,0,0.0,0,1,1,0,0,0.0,0,1,0.07692307692307693,1,0.07692307692307693,0,1,1,1
c15_25,25,c15,C,"To be clear, we should collect demographics lightly, if allowed, but keep it minimal. This also gives us something concrete to show in the proposal and final report.",2026-02-02T01:25:37,165,28,2,4.75,14.0,0,0,0,0.0,0,1,2,0,0,0.0,0,1,0.03571428571428571,1,0.03571428571428571,1,2,1,1
c15_26,26,c15,G,We can compute retrieval share per speaker and compare it to participation share.,2026-02-02T01:27:00,81,13,1,5.230769230769231,13.0,0,0,0,0.0,0,1,1,0,0,0.0,0,0,0.0,1,0.07692307692307693,0,1,0,0
c15_27,27,c15,F,Hedging language might be retrieved less because it sounds less decisive. thanks.,2026-02-02T01:27:33,81,12,2,5.666666666666667,6.0,0,0,0,0.0,0,1,1,0,1,0.08333333333333333,1,0,0.0,1,0.08333333333333333,0,0,-1,0
c15_28,28,c15,A,Let's we can show participants a short system-generated summary and ask perception questions.,2026-02-02T01:28:34,93,15,1,5.2,15.0,0,0,0,0.0,0,1,1,0,0,0.0,0,0,0.0,1,0.06666666666666667,1,1,0,0
c15_29,29,c15,C,"Definitely, i'm not fully convinced yet. We can compute retrieval share per speaker and compare it to participation share. It might feel like extra work now, but it saves time during analysis.",2026-02-02T01:29:45,192,33,3,4.696969696969697,11.0,0,0,0,0.0,0,1,3,0,1,0.030303030303030304,0,1,0.030303030303030304,2,0.06060606060606061,0,2,0,0
c15_30,30,c15,A,"We need to readers may think the most-retrieved speaker is the leader, even if they weren’t.",2026-02-02T01:31:01,92,18,1,4.055555555555555,18.0,0,0,0,0.0,0,1,1,0,0,0.0,0,0,0.0,1,0.05555555555555555,0,1,0,0
c15_31,31,c15,E,"Small question: Readers may think the most-retrieved speaker is the leader, even if they weren’t?",2026-02-02T01:32:01,97,17,1,4.588235294117647,17.0,1,0,1,1.0,1,0,2,0,0,0.0,0,0,0.0,1,0.058823529411764705,1,0,0,0
c15_32,32,c15,A,Let's we can show participants a short system-generated summary and ask perception questions.,2026-02-02T01:33:33,93,15,1,5.2,15.0,0,0,0,0.0,0,1,1,0,0,0.0,0,0,0.0,1,0.06666666666666667,1,1,0,0
c15_33,33,c15,F,Hedging language might be retrieved less because it sounds less decisive. appreciate it.,2026-02-02T01:34:51,88,13,2,5.6923076923076925,6.5,0,0,0,0.0,0,1,1,0,1,0.07692307692307693,1,0,0.0,1,0.07692307692307693,0,0,-1,0
c15_34,34,c15,G,"For the user study, we can ask who seems most knowledgeable or influential.",2026-02-02T01:35:26,75,13,1,4.6923076923076925,13.0,0,0,0,0.0,0,1,1,0,1,0.07692307692307693,0,0,0.0,1,0.07692307692307693,0,1,-1,0
c15_35,35,c15,F,We can keep it lightweight with a Google Form and short tasks. thanks.,2026-02-02T01:37:08,70,13,2,4.3076923076923075,6.5,0,0,0,0.0,0,1,3,0,0,0.0,1,0,0.0,1,0.07692307692307693,0,1,0,0
c15_36,36,c15,F,"We should compute style metrics: verbosity, hedging rate, assertiveness rate. thanks.",2026-02-02T01:38:11,85,11,2,6.363636363636363,5.5,0,0,0,0.0,0,1,1,0,0,0.0,1,1,0.09090909090909091,1,0.09090909090909091,0,1,1,0
c15_37,37,c15,A,"Let's if retrieval is skewed, summaries may systematically misrepresent the group.",2026-02-02T01:39:27,82,12,1,5.75,12.0,0,0,0,0.0,0,1,1,0,0,0.0,0,0,0.0,1,0.08333333333333333,1,0,0,0
c15_38,38,c15,E,Quick question: We should track agreement across participants to see if the effect is consistent?,2026-02-02T01:41:16,97,15,1,5.4,15.0,1,0,1,1.0,1,0,2,0,0,0.0,0,1,0.06666666666666667,1,0.06666666666666667,1,1,1,1
c15_39,39,c15,G,"We should compute style metrics: verbosity, hedging rate, assertiveness rate.",2026-02-02T01:41:43,77,10,1,6.4,10.0,0,0,0,0.0,0,1,1,0,0,0.0,0,1,0.1,1,0.1,0,1,1,0
c15_40,40,c15,F,We should randomize which conversation they see to avoid learning effects. thanks.,2026-02-02T01:43:11,82,12,2,5.75,6.0,0,0,0,0.0,0,1,1,0,0,0.0,1,1,0.08333333333333333,1,0.08333333333333333,0,1,1,1
c15_41,41,c15,F,"Please, we should collect demographics lightly, if allowed, but keep it minimal.",2026-02-02T01:44:34,80,12,1,5.416666666666667,12.0,0,0,0,0.0,0,1,1,0,0,0.0,1,1,0.08333333333333333,1,0.08333333333333333,0,1,1,1
c15_42,42,c15,A,We should we should randomize which conversation they see to avoid learning effects.,2026-02-02T01:45:43,84,13,1,5.461538461538462,13.0,0,0,0,0.0,0,1,1,0,0,0.0,0,2,0.15384615384615385,2,0.15384615384615385,0,2,2,1
c15_43,43,c15,C,Hedging language might be retrieved less because it sounds less decisive. That way we can separate system behavior from human perception effects.,2026-02-02T01:47:21,145,22,2,5.545454545454546,11.0,0,0,0,0.0,0,1,2,0,1,0.045454545454545456,0,0,0.0,2,0.09090909090909091,0,1,-1,0
c15_44,44,c15,C,"We should collect demographics lightly, if allowed, but keep it minimal. This also gives us something concrete to show in the proposal and final report.",2026-02-02T01:47:48,152,25,2,4.96,12.5,0,0,0,0.0,0,1,2,0,0,0.0,0,1,0.04,1,0.04,0,2,1,1
c15_45,45,c15,G,"For the user study, we can ask who seems most knowledgeable or influential.",2026-02-02T01:48:40,75,13,1,4.6923076923076925,13.0,0,0,0,0.0,0,1,1,0,1,0.07692307692307693,0,0,0.0,1,0.07692307692307693,0,1,-1,0
c15_46,46,c15,A,I recommend we can compute retrieval share per speaker and compare it to participation share.,2026-02-02T01:50:09,93,15,1,5.2,15.0,0,0,0,0.0,0,1,1,0,0,0.0,0,1,0.06666666666666667,1,0.06666666666666667,0,2,1,0
c15_47,47,c15,A,Let's we should randomize which conversation they see to avoid learning effects.,2026-02-02T01:50:35,80,13,1,5.153846153846154,13.0,0,0,0,0.0,0,1,1,0,0,0.0,0,1,0.07692307692307693,1,0.07692307692307693,1,1,1,0
c15_48,48,c15,E,Small question: We should track agreement across participants to see if the effect is consistent?,2026-02-02T01:51:06,97,15,1,5.4,15.0,1,0,1,1.0,1,0,2,0,0,0.0,0,1,0.06666666666666667,1,0.06666666666666667,1,1,1,1
c15_49,49,c15,E,Quick question: We can show participants a short system-generated summary and ask perception questions?,2026-02-02T01:51:49,103,15,1,5.8,15.0,1,0,1,1.0,1,0,2,0,0,0.0,0,0,0.0,1,0.06666666666666667,1,1,0,0
c15_50,50,c15,A,Let's we can keep it lightweight with a Google Form and short tasks.,2026-02-02T01:53:13,68,14,1,3.857142857142857,14.0,0,0,0,0.0,0,1,3,0,0,0.0,0,0,0.0,1,0.07142857142857142,1,1,0,0
c15_51,51,c15,G,We should track agreement across participants to see if the effect is consistent.,2026-02-02T01:54:53,81,13,1,5.230769230769231,13.0,0,0,0,0.0,0,1,1,0,0,0.0,0,1,0.07692307692307693,1,0.07692307692307693,0,1,1,1
c15_52,52,c15,G,"We should collect demographics lightly, if allowed, but keep it minimal.",2026-02-02T01:56:03,72,11,1,5.363636363636363,11.0,0,0,0,0.0,0,1,1,0,0,0.0,0,1,0.09090909090909091,1,0.09090909090909091,0,1,1,1
c15_53,53,c15,A,"The best option is readers may think the most-retrieved speaker is the leader, even if they weren’t.",2026-02-02T01:56:24,100,19,1,4.2105263157894735,19.0,0,0,0,0.0,0,1,1,0,0,0.0,0,1,0.05263157894736842,1,0.05263157894736842,0,0,1,0
c15_54,54,c15,E,Can we clarify: I agree. We can show participants a short system-generated summary and ask perception questions?,2026-02-02T01:58:10,112,18,2,5.111111111111111,9.0,1,0,2,1.0,1,0,3,0,0,0.0,0,0,0.0,2,0.1111111111111111,1,3,0,0
c15_55,55,c15,A,"We should for sure, we should randomize which conversation they see to avoid learning effects.",2026-02-02T01:59:43,94,15,1,5.2,15.0,0,0,0,0.0,0,1,1,0,0,0.0,0,2,0.13333333333333333,2,0.13333333333333333,0,2,2,1
c15_56,56,c15,A,I recommend i agree. We can show participants a short system-generated summary and ask perception questions.,2026-02-02T02:00:25,108,17,2,5.294117647058823,8.5,0,0,0,0.0,0,1,2,0,0,0.0,0,1,0.058823529411764705,1,0.058823529411764705,0,3,1,0
c15_57,57,c15,A,I propose we can keep it lightweight with a Google Form and short tasks.,2026-02-02T02:02:03,72,14,1,4.142857142857143,14.0,0,0,0,0.0,0,1,3,0,0,0.0,0,0,0.0,1,0.07142857142857142,0,2,0,0
c15_58,58,c15,C,"We can show participants a short system-generated summary and ask perception questions. If we write this down as a checklist, we can avoid back-and-forth later.",2026-02-02T02:03:16,160,28,2,4.642857142857143,14.0,0,0,0,0.0,0,1,2,0,0,0.0,0,0,0.0,2,0.07142857142857142,0,3,0,0
c15_59,59,c15,E,"Before we move on: Readers may think the most-retrieved speaker is the leader, even if they weren’t?",2026-02-02T02:04:47,100,19,1,4.157894736842105,19.0,1,0,1,1.0,1,0,2,0,0,0.0,0,0,0.0,1,0.05263157894736842,1,1,0,0
c15_60,60,c15,F,"Appreciate it, i suspect verbose speakers will be retrieved more often just because they contain more keywords.",2026-02-02T02:05:15,111,17,1,5.470588235294118,17.0,0,0,0,0.0,0,1,1,0,0,0.0,1,0,0.0,1,0.058823529411764705,0,1,0,0
c15_61,61,c15,F,"If you don't mind, i'm not fully convinced yet. I suspect verbose speakers will be retrieved more often just because they contain more keywords.",2026-02-02T02:07:02,144,26,2,4.461538461538462,13.0,0,0,0,0.0,0,1,2,0,0,0.0,0,0,0.0,1,0.038461538461538464,0,2,0,0
c15_62,62,c15,E,Quick question: We can keep it lightweight with a Google Form and short tasks?,2026-02-02T02:07:34,78,14,1,4.5,14.0,1,0,1,1.0,1,0,4,0,0,0.0,0,0,0.0,1,0.07142857142857142,1,1,0,0
c15_63,63,c15,F,"Please, we can show participants a short system-generated summary and ask perception questions.",2026-02-02T02:09:23,95,14,1,5.714285714285714,14.0,0,0,0,0.0,0,1,1,0,0,0.0,1,0,0.0,1,0.07142857142857142,0,1,0,1
c15_64,64,c15,E,"Can we clarify: Readers may think the most-retrieved speaker is the leader, even if they weren’t?",2026-02-02T02:10:57,97,18,1,4.277777777777778,18.0,1,0,1,1.0,1,0,2,0,0,0.0,0,0,0.0,2,0.1111111111111111,1,1,0,0
c15_65,65,c15,G,I agree. We should track agreement across participants to see if the effect is consistent.,2026-02-02T02:11:42,90,15,2,4.933333333333334,7.5,0,0,0,0.0,0,1,2,0,0,0.0,0,1,0.06666666666666667,1,0.06666666666666667,0,2,1,0
c15_66,66,c15,A,The best option is we should track agreement across participants to see if the effect is consistent.,2026-02-02T02:13:02,100,17,1,4.882352941176471,17.0,0,0,0,0.0,0,1,1,0,0,0.0,0,2,0.11764705882352941,1,0.058823529411764705,0,1,2,1
c15_67,67,c15,E,"Small question: For the user study, we can ask who seems most knowledgeable or influential?",2026-02-02T02:13:32,91,15,1,4.933333333333334,15.0,1,0,1,1.0,1,0,2,0,1,0.06666666666666667,0,0,0.0,1,0.06666666666666667,1,1,-1,0
c15_68,68,c15,G,"For the user study, we can ask who seems most knowledgeable or influential.",2026-02-02T02:15:10,75,13,1,4.6923076923076925,13.0,0,0,0,0.0,0,1,1,0,1,0.07692307692307693,0,0,0.0,1,0.07692307692307693,0,1,-1,0
c15_69,69,c15,C,"We can show participants a short system-generated summary and ask perception questions. If we write this down as a checklist, we can avoid back-and-forth later.",2026-02-02T02:16:54,160,28,2,4.642857142857143,14.0,0,0,0,0.0,0,1,2,0,0,0.0,0,0,0.0,2,0.07142857142857142,0,3,0,0
c15_70,70,c15,C,We can keep it lightweight with a Google Form and short tasks. We can validate it quickly with a small pilot before we scale it up.,2026-02-02T02:17:47,131,26,2,4.0,13.0,0,0,0,0.0,0,1,4,0,0,0.0,0,0,0.0,2,0.07692307692307693,0,3,0,1
c15_71,71,c15,A,The best option is we should track agreement across participants to see if the effect is consistent.,2026-02-02T02:18:58,100,17,1,4.882352941176471,17.0,0,0,0,0.0,0,1,1,0,0,0.0,0,2,0.11764705882352941,1,0.058823529411764705,0,1,2,1
c16_1,1,c16,E,Team: let's discuss class project planning and get aligned before we split tasks.,2026-02-02T02:00:00,81,14,1,4.714285714285714,14.0,0,0,0,0.0,0,1,1,0,0,0.0,0,0,0.0,0,0.0,1,1,0,1
c16_2,2,c16,G,I agree. We should include robustness checks by changing retrieval settings.,2026-02-02T02:00:56,76,11,2,5.818181818181818,5.5,0,0,0,0.0,0,1,2,0,0,0.0,0,1,0.09090909090909091,1,0.09090909090909091,0,2,1,0
c16_3,3,c16,F,"Please, we should measure who gets retrieved compared to who actually contributed.",2026-02-02T02:02:40,82,12,1,5.75,12.0,0,0,0,0.0,0,1,1,0,0,0.0,1,1,0.08333333333333333,1,0.08333333333333333,0,1,1,0
c16_4,4,c16,F,"If you don't mind, i'm not fully convinced yet. We should measure who gets retrieved compared to who actually contributed.",2026-02-02T02:03:03,122,22,2,4.454545454545454,11.0,0,0,0,0.0,0,1,2,0,0,0.0,0,1,0.045454545454545456,1,0.045454545454545456,0,2,1,1
c16_5,5,c16,E,Can we clarify: We should measure who gets retrieved compared to who actually contributed?,2026-02-02T02:03:23,90,14,1,5.357142857142857,14.0,1,0,1,1.0,1,0,2,0,0,0.0,0,1,0.07142857142857142,2,0.14285714285714285,1,2,1,0
c16_6,6,c16,F,I agree. We should decide what success looks like by the end of the semester. could we.,2026-02-02T02:04:06,87,17,3,4.0,5.666666666666667,0,0,1,0.3333333333333333,1,0,2,0,1,0.058823529411764705,0,1,0.058823529411764705,2,0.11764705882352941,0,3,0,0
c16_7,7,c16,A,I recommend i agree. We should assign owners for each part so work doesn’t overlap.,2026-02-02T02:04:29,83,16,2,4.125,8.0,0,0,0,0.0,0,1,2,0,0,0.0,0,2,0.125,1,0.0625,0,3,2,0
c16_8,8,c16,A,"We should let’s set weekly milestones: data, prototype, analysis, study, writing.",2026-02-02T02:05:50,81,12,1,5.333333333333333,12.0,0,0,0,0.0,0,1,1,0,0,0.0,0,1,0.08333333333333333,1,0.08333333333333333,0,1,1,0
c16_9,9,c16,E,"Just to check: For sure, we should measure who gets retrieved compared to who actually contributed?",2026-02-02T02:06:52,99,16,1,5.0625,16.0,1,0,1,1.0,1,0,2,0,0,0.0,0,1,0.0625,1,0.0625,1,1,1,0
c16_10,10,c16,A,We need to let’s pick one main question and avoid building extra features.,2026-02-02T02:07:23,74,14,1,4.285714285714286,14.0,0,0,0,0.0,0,1,1,0,0,0.0,0,0,0.0,0,0.0,0,1,0,0
c16_11,11,c16,E,Can we clarify: Let’s pick one main question and avoid building extra features?,2026-02-02T02:08:07,79,14,1,4.571428571428571,14.0,1,0,1,1.0,1,0,2,0,0,0.0,0,0,0.0,1,0.07142857142857142,1,1,0,1
c16_12,12,c16,G,"I agree. If we finish the prototype early, we’ll have time to run the user study.",2026-02-02T02:08:59,81,17,2,3.6470588235294117,8.5,0,0,0,0.0,0,1,2,0,0,0.0,0,0,0.0,0,0.0,0,3,0,0
c16_13,13,c16,G,We need time near the end for polishing figures and slides.,2026-02-02T02:09:38,59,11,1,4.363636363636363,11.0,0,0,0,0.0,0,1,1,0,0,0.0,0,0,0.0,0,0.0,0,1,0,0
c16_14,14,c16,D,Let’s pick one main question and avoid building extra features.,2026-02-02T02:10:24,63,11,1,4.7272727272727275,11.0,0,0,0,0.0,0,1,1,0,0,0.0,0,0,0.0,0,0.0,0,0,0,1
c16_15,15,c16,A,Let's i agree. Let’s pick one main question and avoid building extra features.,2026-02-02T02:11:46,78,15,2,4.133333333333334,7.5,0,0,0,0.0,0,1,2,0,0,0.0,0,0,0.0,0,0.0,1,1,0,0
c16_16,16,c16,G,"If we finish the prototype early, we’ll have time to run the user study.",2026-02-02T02:12:22,72,15,1,3.7333333333333334,15.0,0,0,0,0.0,0,1,1,0,0,0.0,0,0,0.0,0,0.0,0,2,0,0
c16_17,17,c16,F,"Thanks, we need to keep the project focused so we can finish in time.",2026-02-02T02:12:57,69,14,1,3.857142857142857,14.0,0,0,0,0.0,0,1,1,0,0,0.0,1,0,0.0,1,0.07142857142857142,0,2,0,0
c16_18,18,c16,G,"If we overbuild, we’ll have less time for evaluation and writing.",2026-02-02T02:14:44,65,12,1,4.333333333333333,12.0,0,0,0,0.0,0,1,1,0,0,0.0,0,0,0.0,0,0.0,0,2,0,1
c16_19,19,c16,F,"Could we, we should measure who gets retrieved compared to who actually contributed.",2026-02-02T02:16:27,84,13,1,5.384615384615385,13.0,0,0,1,1.0,1,0,1,0,1,0.07692307692307693,0,1,0.07692307692307693,2,0.15384615384615385,0,2,0,0
c16_20,20,c16,A,The best option is i'm not fully convinced yet. We also need a human study to see if summaries change perception.,2026-02-02T02:18:06,113,22,2,4.090909090909091,11.0,0,0,0,0.0,0,1,2,0,0,0.0,0,1,0.045454545454545456,0,0.0,0,2,1,0
c16_21,21,c16,A,I recommend let’s pick one main question and avoid building extra features.,2026-02-02T02:18:59,75,13,1,4.769230769230769,13.0,0,0,0,0.0,0,1,1,0,0,0.0,0,1,0.07692307692307693,0,0.0,0,1,1,1
c16_22,22,c16,A,"I recommend let’s set weekly milestones: data, prototype, analysis, study, writing.",2026-02-02T02:20:44,83,12,1,5.5,12.0,0,0,0,0.0,0,1,1,0,0,0.0,0,1,0.08333333333333333,0,0.0,0,1,1,0
c16_23,23,c16,A,I recommend we should decide what success looks like by the end of the semester.,2026-02-02T02:21:12,80,15,1,4.333333333333333,15.0,0,0,0,0.0,0,1,1,0,0,0.0,0,2,0.13333333333333333,1,0.06666666666666667,0,2,2,1
c16_24,24,c16,A,The best option is we need time near the end for polishing figures and slides.,2026-02-02T02:21:56,78,15,1,4.2,15.0,0,0,0,0.0,0,1,1,0,0,0.0,0,1,0.06666666666666667,0,0.0,0,1,1,0
c16_25,25,c16,A,"I propose honestly, i agree. Let’s pick one main question and avoid building extra features.",2026-02-02T02:23:20,92,16,2,4.625,8.0,0,0,0,0.0,0,1,2,0,0,0.0,0,0,0.0,0,0.0,0,2,0,0
c16_26,26,c16,G,I agree. We should assign owners for each part so work doesn’t overlap.,2026-02-02T02:24:09,71,14,2,4.0,7.0,0,0,0,0.0,0,1,2,0,0,0.0,0,1,0.07142857142857142,1,0.07142857142857142,0,2,1,0
c16_27,27,c16,G,"Let’s set weekly milestones: data, prototype, analysis, study, writing.",2026-02-02T02:25:45,71,10,1,5.6,10.0,0,0,0,0.0,0,1,1,0,0,0.0,0,0,0.0,0,0.0,0,0,0,0
c16_28,28,c16,E,Quick question: We need to keep the project focused so we can finish in time?,2026-02-02T02:27:16,77,15,1,4.066666666666666,15.0,1,0,1,1.0,1,0,2,0,0,0.0,0,0,0.0,1,0.06666666666666667,1,2,0,0
c16_29,29,c16,D,We should assign owners for each part so work doesn’t overlap.,2026-02-02T02:28:54,62,12,1,4.166666666666667,12.0,0,0,0,0.0,0,1,1,0,0,0.0,0,1,0.08333333333333333,1,0.08333333333333333,0,1,1,0
c16_30,30,c16,A,"I propose in my view, let’s define a small set of standard questions to ask the system.",2026-02-02T02:29:24,87,18,1,3.7777777777777777,18.0,0,0,0,0.0,0,1,1,0,0,0.0,0,0,0.0,0,0.0,0,2,0,1
c16_31,31,c16,F,I agree. We should include robustness checks by changing retrieval settings. if you don't mind.,2026-02-02T02:30:22,95,16,3,4.8125,5.333333333333333,0,0,0,0.0,0,1,2,0,0,0.0,0,1,0.0625,1,0.0625,0,2,1,0
c16_32,32,c16,G,I agree. Let’s pick one main question and avoid building extra features.,2026-02-02T02:30:55,72,13,2,4.461538461538462,6.5,0,0,0,0.0,0,1,2,0,0,0.0,0,0,0.0,0,0.0,0,1,0,0
c16_33,33,c16,E,Just to check: We should include robustness checks by changing retrieval settings?,2026-02-02T02:31:48,82,12,1,5.75,12.0,1,0,1,1.0,1,0,2,0,0,0.0,0,1,0.08333333333333333,1,0.08333333333333333,1,1,1,0
c16_34,34,c16,D,We should measure who gets retrieved compared to who actually contributed.,2026-02-02T02:33:22,74,11,1,5.7272727272727275,11.0,0,0,0,0.0,0,1,1,0,0,0.0,0,1,0.09090909090909091,1,0.09090909090909091,0,1,1,0
c16_35,35,c16,D,We should include robustness checks by changing retrieval settings.,2026-02-02T02:35:04,67,9,1,6.444444444444445,9.0,0,0,0,0.0,0,1,1,0,0,0.0,0,1,0.1111111111111111,1,0.1111111111111111,0,1,1,0
c16_36,36,c16,D,We should decide what success looks like by the end of the semester.,2026-02-02T02:36:25,68,13,1,4.230769230769231,13.0,0,0,0,0.0,0,1,1,0,0,0.0,0,1,0.07692307692307693,1,0.07692307692307693,0,1,1,0
c16_37,37,c16,G,We need to keep the project focused so we can finish in time.,2026-02-02T02:37:26,61,13,1,3.6923076923076925,13.0,0,0,0,0.0,0,1,1,0,0,0.0,0,0,0.0,1,0.07692307692307693,0,2,0,0
c16_38,38,c16,E,Small question: We should include robustness checks by changing retrieval settings?,2026-02-02T02:39:16,83,11,1,6.454545454545454,11.0,1,0,1,1.0,1,0,2,0,0,0.0,0,1,0.09090909090909091,1,0.09090909090909091,1,1,1,0
c16_39,39,c16,D,We should measure who gets retrieved compared to who actually contributed.,2026-02-02T02:39:42,74,11,1,5.7272727272727275,11.0,0,0,0,0.0,0,1,1,0,0,0.0,0,1,0.09090909090909091,1,0.09090909090909091,0,1,1,0
c16_40,40,c16,F,"Could we, if we overbuild, we’ll have less time for evaluation and writing.",2026-02-02T02:41:20,75,14,1,4.214285714285714,14.0,0,0,1,1.0,1,0,1,0,1,0.07142857142857142,0,0,0.0,1,0.07142857142857142,0,3,-1,1
c16_41,41,c16,E,Quick question: We should assign owners for each part so work doesn’t overlap?,2026-02-02T02:42:18,78,14,1,4.5,14.0,1,0,1,1.0,1,0,2,0,0,0.0,0,1,0.07142857142857142,1,0.07142857142857142,1,1,1,0
c16_42,42,c16,A,We should we also need a human study to see if summaries change perception.,2026-02-02T02:43:46,75,14,1,4.357142857142857,14.0,0,0,0,0.0,0,1,1,0,0,0.0,0,1,0.07142857142857142,1,0.07142857142857142,0,2,1,1
c16_43,43,c16,F,"I agree. Let’s set weekly milestones: data, prototype, analysis, study, writing. if you don't mind.",2026-02-02T02:45:15,99,17,3,4.411764705882353,5.666666666666667,0,0,0,0.0,0,1,2,0,0,0.0,0,0,0.0,0,0.0,0,1,0,0
c16_44,44,c16,D,We should measure who gets retrieved compared to who actually contributed.,2026-02-02T02:46:12,74,11,1,5.7272727272727275,11.0,0,0,0,0.0,0,1,1,0,0,0.0,0,1,0.09090909090909091,1,0.09090909090909091,0,1,1,0
c16_45,45,c16,A,"Let's honestly, let’s set weekly milestones: data, prototype, analysis, study, writing.",2026-02-02T02:46:59,87,13,1,5.230769230769231,13.0,0,0,0,0.0,0,1,1,0,0,0.0,0,0,0.0,0,0.0,1,0,0,1
c16_46,46,c16,A,I propose we should assign owners for each part so work doesn’t overlap.,2026-02-02T02:48:04,72,14,1,4.142857142857143,14.0,0,0,0,0.0,0,1,1,0,0,0.0,0,1,0.07142857142857142,1,0.07142857142857142,0,2,1,0
c16_47,47,c16,F,We should measure who gets retrieved compared to who actually contributed. if you don't mind.,2026-02-02T02:49:07,93,16,2,4.75,8.0,0,0,0,0.0,0,1,1,0,0,0.0,0,1,0.0625,1,0.0625,0,1,1,0
c16_48,48,c16,F,"Could we, i'm not fully convinced yet. Let’s set weekly milestones: data, prototype, analysis, study, writing.",2026-02-02T02:50:08,110,18,2,4.722222222222222,9.0,0,0,1,0.5,1,0,2,0,1,0.05555555555555555,0,0,0.0,1,0.05555555555555555,0,2,-1,1
c16_49,49,c16,D,We should decide what success looks like by the end of the semester.,2026-02-02T02:51:40,68,13,1,4.230769230769231,13.0,0,0,0,0.0,0,1,1,0,0,0.0,0,1,0.07692307692307693,1,0.07692307692307693,0,1,1,1
c16_50,50,c16,G,"If we finish the prototype early, we’ll have time to run the user study.",2026-02-02T02:52:51,72,15,1,3.7333333333333334,15.0,0,0,0,0.0,0,1,1,0,0,0.0,0,0,0.0,0,0.0,0,2,0,0
c16_51,51,c16,A,I propose let’s define a small set of standard questions to ask the system.,2026-02-02T02:53:24,75,15,1,4.0,15.0,0,0,0,0.0,0,1,1,0,0,0.0,0,0,0.0,0,0.0,0,1,0,0
c16_52,52,c16,A,"We should i agree. If we overbuild, we’ll have less time for evaluation and writing.",2026-02-02T02:53:48,84,16,2,4.125,8.0,0,0,0,0.0,0,1,2,0,0,0.0,0,1,0.0625,1,0.0625,0,4,1,0
c16_53,53,c16,E,"Small question: In my view, let’s set weekly milestones: data, prototype, analysis, study, writing?",2026-02-02T02:55:14,99,15,1,5.133333333333334,15.0,1,0,1,1.0,1,0,2,0,0,0.0,0,0,0.0,0,0.0,1,1,0,1
c16_54,54,c16,E,Before we move on: We should include robustness checks by changing retrieval settings?,2026-02-02T02:55:35,86,13,1,5.538461538461538,13.0,1,0,1,1.0,1,0,2,0,0,0.0,0,1,0.07692307692307693,1,0.07692307692307693,1,2,1,0
c16_55,55,c16,F,"Could we, we should decide what success looks like by the end of the semester.",2026-02-02T02:56:37,78,15,1,4.133333333333334,15.0,0,0,1,1.0,1,0,1,0,1,0.06666666666666667,0,1,0.06666666666666667,2,0.13333333333333333,0,2,0,0
c16_56,56,c16,F,We also need a human study to see if summaries change perception. would you be able to.,2026-02-02T02:57:02,87,17,2,4.0588235294117645,8.5,0,0,1,0.5,1,0,1,0,0,0.0,0,0,0.0,1,0.058823529411764705,0,1,0,0
c16_57,57,c16,D,Let’s define a small set of standard questions to ask the system.,2026-02-02T02:58:35,65,13,1,4.0,13.0,0,0,0,0.0,0,1,1,0,0,0.0,0,0,0.0,0,0.0,0,0,0,0
c16_58,58,c16,A,I recommend we need to keep the project focused so we can finish in time.,2026-02-02T03:00:08,73,15,1,3.8666666666666667,15.0,0,0,0,0.0,0,1,1,0,0,0.0,0,1,0.06666666666666667,1,0.06666666666666667,0,3,1,0
c16_59,59,c16,E,Can we clarify: We need time near the end for polishing figures and slides?,2026-02-02T03:01:51,75,14,1,4.285714285714286,14.0,1,0,1,1.0,1,0,2,0,0,0.0,0,0,0.0,1,0.07142857142857142,1,2,0,0
c16_60,60,c16,D,We should measure who gets retrieved compared to who actually contributed.,2026-02-02T03:03:05,74,11,1,5.7272727272727275,11.0,0,0,0,0.0,0,1,1,0,0,0.0,0,1,0.09090909090909091,1,0.09090909090909091,0,1,1,0
c16_61,61,c16,E,"Before we move on: I'm not fully convinced yet. Let’s set weekly milestones: data, prototype, analysis, study, writing?",2026-02-02T03:03:51,119,20,2,4.6,10.0,1,0,1,0.5,1,0,3,0,0,0.0,0,0,0.0,0,0.0,1,2,0,1
c16_62,62,c16,D,We should decide what success looks like by the end of the semester.,2026-02-02T03:04:29,68,13,1,4.230769230769231,13.0,0,0,0,0.0,0,1,1,0,0,0.0,0,1,0.07692307692307693,1,0.07692307692307693,0,1,1,1
c16_63,63,c16,G,We should decide what success looks like by the end of the semester.,2026-02-02T03:05:38,68,13,1,4.230769230769231,13.0,0,0,0,0.0,0,1,1,0,0,0.0,0,1,0.07692307692307693,1,0.07692307692307693,0,1,1,1
c16_64,64,c16,F,"Appreciate it, i agree. Let’s pick one main question and avoid building extra features.",2026-02-02T03:06:01,87,15,2,4.666666666666667,7.5,0,0,0,0.0,0,1,2,0,0,0.0,1,0,0.0,0,0.0,0,1,0,0
c16_65,65,c16,A,"We need to to be clear, we should decide what success looks like by the end of the semester.",2026-02-02T03:06:38,92,19,1,3.789473684210526,19.0,0,0,0,0.0,0,1,1,0,0,0.0,0,1,0.05263157894736842,1,0.05263157894736842,1,2,1,1
c16_66,66,c16,G,I agree. We should assign owners for each part so work doesn’t overlap.,2026-02-02T03:08:11,71,14,2,4.0,7.0,0,0,0,0.0,0,1,2,0,0,0.0,0,1,0.07142857142857142,1,0.07142857142857142,0,2,1,0
c16_67,67,c16,G,"Let’s set weekly milestones: data, prototype, analysis, study, writing.",2026-02-02T03:08:33,71,10,1,5.6,10.0,0,0,0,0.0,0,1,1,0,0,0.0,0,0,0.0,0,0.0,0,0,0,0
c16_68,68,c16,G,Let’s pick one main question and avoid building extra features.,2026-02-02T03:09:29,63,11,1,4.7272727272727275,11.0,0,0,0,0.0,0,1,1,0,0,0.0,0,0,0.0,0,0.0,0,0,0,1
c16_69,69,c16,A,I recommend we also need a human study to see if summaries change perception.,2026-02-02T03:09:54,77,14,1,4.5,14.0,0,0,0,0.0,0,1,1,0,0,0.0,0,1,0.07142857142857142,0,0.0,0,2,1,1
c16_70,70,c16,E,Quick question: I agree. We should decide what success looks like by the end of the semester?,2026-02-02T03:10:15,93,17,2,4.352941176470588,8.5,1,0,1,0.5,1,0,3,0,0,0.0,0,1,0.058823529411764705,1,0.058823529411764705,1,2,1,0
c16_71,71,c16,F,"Please, we should include robustness checks by changing retrieval settings.",2026-02-02T03:11:18,75,10,1,6.4,10.0,0,0,0,0.0,0,1,1,0,0,0.0,1,1,0.1,1,0.1,0,1,1,0
c16_72,72,c16,F,We should decide what success looks like by the end of the semester. could we.,2026-02-02T03:12:25,78,15,2,4.133333333333334,7.5,0,0,1,0.5,1,0,1,0,1,0.06666666666666667,0,1,0.06666666666666667,2,0.13333333333333333,0,2,0,0
c16_73,73,c16,G,We should include robustness checks by changing retrieval settings.,2026-02-02T03:13:31,67,9,1,6.444444444444445,9.0,0,0,0,0.0,0,1,1,0,0,0.0,0,1,0.1111111111111111,1,0.1111111111111111,0,1,1,0
c16_74,74,c16,G,Let’s define a small set of standard questions to ask the system.,2026-02-02T03:14:09,65,13,1,4.0,13.0,0,0,0,0.0,0,1,1,0,0,0.0,0,0,0.0,0,0.0,0,0,0,0
c17_1,1,c17,E,Team: let's discuss class project planning and get aligned before we split tasks.,2026-02-02T03:00:00,81,14,1,4.714285714285714,14.0,0,0,0,0.0,0,1,1,0,0,0.0,0,0,0.0,0,0.0,1,1,0,0
c17_2,2,c17,B,"Maybe, let’s decide how many conversations and messages we need for signal.",2026-02-02T03:01:22,75,13,1,4.6923076923076925,13.0,0,0,0,0.0,0,1,1,0,1,0.07692307692307693,0,0,0.0,0,0.0,0,1,-1,0
c17_3,3,c17,D,"If we finish the prototype early, we’ll have time to run the user study.",2026-02-02T03:02:10,72,15,1,3.7333333333333334,15.0,0,0,0,0.0,0,1,1,0,0,0.0,0,0,0.0,0,0.0,0,2,0,0
c17_4,4,c17,F,"Appreciate it, in my view, i agree. If we overbuild, we’ll have less time for evaluation and writing.",2026-02-02T03:02:31,101,19,2,4.105263157894737,9.5,0,0,0,0.0,0,1,2,0,0,0.0,1,0,0.0,0,0.0,0,4,0,0
c17_5,5,c17,B,"It seems like, we need multi-speaker conversations where each person has a distinct style.",2026-02-02T03:02:52,90,15,1,4.933333333333334,15.0,0,0,0,0.0,0,1,1,0,1,0.06666666666666667,0,0,0.0,0,0.0,0,1,-1,1
c17_6,6,c17,B,"I feel like, let’s pick one main question and avoid building extra features.",2026-02-02T03:03:46,76,14,1,4.357142857142857,14.0,0,0,0,0.0,0,1,1,0,0,0.0,0,0,0.0,0,0.0,0,1,0,0
c17_7,7,c17,B,"Possibly, i'm not fully convinced yet. If we overbuild, we’ll have less time for evaluation and writing.",2026-02-02T03:05:34,104,19,2,4.315789473684211,9.5,0,0,0,0.0,0,1,2,0,1,0.05263157894736842,0,0,0.0,0,0.0,0,3,-1,1
c17_8,8,c17,F,"If we overbuild, we’ll have less time for evaluation and writing. if you don't mind.",2026-02-02T03:06:43,84,17,2,3.823529411764706,8.5,0,0,0,0.0,0,1,1,0,0,0.0,0,0,0.0,0,0.0,0,2,0,1
c17_9,9,c17,B,"I'm not sure but, we should measure who gets retrieved compared to who actually contributed.",2026-02-02T03:08:14,92,16,1,4.6875,16.0,0,0,0,0.0,0,1,1,0,0,0.0,0,1,0.0625,1,0.0625,0,2,1,0
c17_10,10,c17,G,Let’s decide how many conversations and messages we need for signal.,2026-02-02T03:10:01,68,12,1,4.666666666666667,12.0,0,0,0,0.0,0,1,1,0,0,0.0,0,0,0.0,0,0.0,0,1,0,0
c17_11,11,c17,E,Quick question: We need multi-speaker conversations where each person has a distinct style?,2026-02-02T03:11:17,91,14,1,5.428571428571429,14.0,1,0,1,1.0,1,0,2,0,0,0.0,0,0,0.0,0,0.0,1,1,0,1
c17_12,12,c17,E,Quick question: We should include robustness checks by changing retrieval settings?,2026-02-02T03:11:56,83,11,1,6.454545454545454,11.0,1,0,1,1.0,1,0,2,0,0,0.0,0,1,0.09090909090909091,1,0.09090909090909091,1,1,1,0
c17_13,13,c17,F,"If you don't mind, i'm not fully convinced yet. We also need a human study to see if summaries change perception.",2026-02-02T03:12:28,113,23,2,3.8260869565217392,11.5,0,0,0,0.0,0,1,2,0,0,0.0,0,0,0.0,0,0.0,0,2,0,1
c17_14,14,c17,E,Quick question: I'm not fully convinced yet. We should store everything in a clean CSV with speaker IDs and timestamps?,2026-02-02T03:13:15,119,21,2,4.571428571428571,10.5,1,0,1,0.5,1,0,8,0,0,0.0,0,1,0.047619047619047616,1,0.047619047619047616,1,2,1,0
c17_15,15,c17,F,"Could we, we should store everything in a clean CSV with speaker IDs and timestamps.",2026-02-02T03:14:00,84,15,1,4.533333333333333,15.0,0,0,1,1.0,1,0,6,0,1,0.06666666666666667,0,1,0.06666666666666667,2,0.13333333333333333,0,2,0,0
c17_16,16,c17,G,We should decide what success looks like by the end of the semester.,2026-02-02T03:15:41,68,13,1,4.230769230769231,13.0,0,0,0,0.0,0,1,1,0,0,0.0,0,1,0.07692307692307693,1,0.07692307692307693,0,1,1,1
c17_17,17,c17,F,"Appreciate it, honestly, we should include robustness checks by changing retrieval settings.",2026-02-02T03:17:15,92,12,1,6.5,12.0,0,0,0,0.0,0,1,1,0,0,0.0,1,1,0.08333333333333333,1,0.08333333333333333,0,1,1,0
c17_18,18,c17,E,"Small question: I'm not fully convinced yet. Let’s set weekly milestones: data, prototype, analysis, study, writing?",2026-02-02T03:18:19,116,18,2,5.055555555555555,9.0,1,0,1,0.5,1,0,3,0,0,0.0,0,0,0.0,0,0.0,1,1,0,1
c17_19,19,c17,B,"I'm not sure but, i'm not fully convinced yet. Let’s define a small set of standard questions to ask the system.",2026-02-02T03:18:59,112,24,2,3.5833333333333335,12.0,0,0,0,0.0,0,1,2,0,0,0.0,0,0,0.0,0,0.0,0,2,0,0
c17_20,20,c17,D,I'm not fully convinced yet.,2026-02-02T03:20:32,28,6,1,3.6666666666666665,6.0,0,0,0,0.0,0,1,1,0,0,0.0,0,0,0.0,0,0.0,0,1,0,0
c17_21,21,c17,F,We should include robustness checks by changing retrieval settings. if you don't mind.,2026-02-02T03:21:13,86,14,2,5.071428571428571,7.0,0,0,0,0.0,0,1,1,0,0,0.0,0,1,0.07142857142857142,1,0.07142857142857142,0,1,1,0
c17_22,22,c17,D,We should assign owners for each part so work doesn’t overlap.,2026-02-02T03:21:53,62,12,1,4.166666666666667,12.0,0,0,0,0.0,0,1,1,0,0,0.0,0,1,0.08333333333333333,1,0.08333333333333333,0,1,1,0
c17_23,23,c17,E,Before we move on: We should decide what success looks like by the end of the semester?,2026-02-02T03:23:23,87,17,1,4.0588235294117645,17.0,1,0,1,1.0,1,0,2,0,0,0.0,0,1,0.058823529411764705,1,0.058823529411764705,1,2,1,1
c17_24,24,c17,F,"Appreciate it, let’s define a small set of standard questions to ask the system.",2026-02-02T03:24:47,80,15,1,4.266666666666667,15.0,0,0,0,0.0,0,1,1,0,0,0.0,1,0,0.0,0,0.0,0,0,0,0
c17_25,25,c17,B,"I think, let’s set weekly milestones: data, prototype, analysis, study, writing.",2026-02-02T03:26:37,80,12,1,5.166666666666667,12.0,0,0,0,0.0,0,1,1,0,1,0.08333333333333333,0,0,0.0,0,0.0,0,1,-1,1
c17_26,26,c17,B,"It seems like, we need to keep the project focused so we can finish in time.",2026-02-02T03:28:00,76,16,1,3.6875,16.0,0,0,0,0.0,0,1,1,0,1,0.0625,0,0,0.0,1,0.0625,0,2,-1,0
c17_27,27,c17,D,"To be clear, we should measure who gets retrieved compared to who actually contributed.",2026-02-02T03:28:32,87,14,1,5.142857142857143,14.0,0,0,0,0.0,0,1,1,0,0,0.0,0,1,0.07142857142857142,1,0.07142857142857142,1,1,1,1
c17_28,28,c17,B,"Possibly, i'm not fully convinced yet. Let’s decide how many conversations and messages we need for signal.",2026-02-02T03:30:03,107,19,2,4.526315789473684,9.5,0,0,0,0.0,0,1,2,0,1,0.05263157894736842,0,0,0.0,0,0.0,0,2,-1,0
c17_29,29,c17,B,"Kind of, if we finish the prototype early, we’ll have time to run the user study.",2026-02-02T03:31:45,81,17,1,3.6470588235294117,17.0,0,0,0,0.0,0,1,1,0,1,0.058823529411764705,0,0,0.0,0,0.0,0,2,-1,0
c17_30,30,c17,E,Before we move on: We can simulate group chats so we control ground truth and avoid privacy issues?,2026-02-02T03:32:46,99,18,1,4.444444444444445,18.0,1,0,1,1.0,1,0,2,0,0,0.0,0,0,0.0,1,0.05555555555555555,1,3,0,0
c17_31,31,c17,E,Small question: We should assign owners for each part so work doesn’t overlap?,2026-02-02T03:33:16,78,14,1,4.5,14.0,1,0,1,1.0,1,0,2,0,0,0.0,0,1,0.07142857142857142,1,0.07142857142857142,1,1,1,0
c17_32,32,c17,B,"I'm not sure but, i agree. Let’s decide how many conversations and messages we need for signal.",2026-02-02T03:34:01,95,19,2,3.8947368421052633,9.5,0,0,0,0.0,0,1,2,0,0,0.0,0,0,0.0,0,0.0,0,3,0,0
c17_33,33,c17,E,Before we move on: We need multi-speaker conversations where each person has a distinct style?,2026-02-02T03:34:47,94,16,1,4.8125,16.0,1,0,1,1.0,1,0,2,0,0,0.0,0,0,0.0,0,0.0,1,2,0,1
c17_34,34,c17,D,"Let’s set weekly milestones: data, prototype, analysis, study, writing.",2026-02-02T03:36:35,71,10,1,5.6,10.0,0,0,0,0.0,0,1,1,0,0,0.0,0,0,0.0,0,0.0,0,0,0,0
c17_35,35,c17,F,We should measure who gets retrieved compared to who actually contributed. could we.,2026-02-02T03:37:00,84,13,2,5.384615384615385,6.5,0,0,1,0.5,1,0,1,0,1,0.07692307692307693,0,1,0.07692307692307693,2,0.15384615384615385,0,2,0,0
c17_36,36,c17,E,"Small question: If we finish the prototype early, we’ll have time to run the user study?",2026-02-02T03:37:48,88,17,1,4.0588235294117645,17.0,1,0,1,1.0,1,0,2,0,0,0.0,0,0,0.0,0,0.0,1,2,0,0
c17_37,37,c17,G,"If we finish the prototype early, we’ll have time to run the user study.",2026-02-02T03:38:33,72,15,1,3.7333333333333334,15.0,0,0,0,0.0,0,1,1,0,0,0.0,0,0,0.0,0,0.0,0,2,0,0
c17_38,38,c17,E,Quick question: Let’s pick one main question and avoid building extra features?,2026-02-02T03:39:14,79,13,1,5.0,13.0,1,0,1,1.0,1,0,2,0,0,0.0,0,0,0.0,0,0.0,1,0,0,1
c17_39,39,c17,D,We should assign owners for each part so work doesn’t overlap.,2026-02-02T03:39:49,62,12,1,4.166666666666667,12.0,0,0,0,0.0,0,1,1,0,0,0.0,0,1,0.08333333333333333,1,0.08333333333333333,0,1,1,0
c17_40,40,c17,E,Small question: Let’s define a small set of standard questions to ask the system?,2026-02-02T03:41:21,81,15,1,4.333333333333333,15.0,1,0,1,1.0,1,0,2,0,0,0.0,0,0,0.0,0,0.0,1,0,0,0
c17_41,41,c17,B,"I feel like, let’s pick one main question and avoid building extra features.",2026-02-02T03:42:17,76,14,1,4.357142857142857,14.0,0,0,0,0.0,0,1,1,0,0,0.0,0,0,0.0,0,0.0,0,1,0,0
c17_42,42,c17,F,Let’s pick one main question and avoid building extra features. if you don't mind.,2026-02-02T03:43:12,82,16,2,4.0625,8.0,0,0,0,0.0,0,1,1,0,0,0.0,0,0,0.0,0,0.0,0,0,0,1
c17_43,43,c17,E,Can we clarify: We need multi-speaker conversations where each person has a distinct style?,2026-02-02T03:43:46,91,15,1,5.0,15.0,1,0,1,1.0,1,0,2,0,0,0.0,0,0,0.0,1,0.06666666666666667,1,2,0,1
c17_44,44,c17,G,We should include robustness checks by changing retrieval settings.,2026-02-02T03:45:15,67,9,1,6.444444444444445,9.0,0,0,0,0.0,0,1,1,0,0,0.0,0,1,0.1111111111111111,1,0.1111111111111111,0,1,1,0
c17_45,45,c17,E,"Small question: If we overbuild, we’ll have less time for evaluation and writing?",2026-02-02T03:46:43,81,14,1,4.642857142857143,14.0,1,0,1,1.0,1,0,2,0,0,0.0,0,0,0.0,0,0.0,1,2,0,1
c17_46,46,c17,B,"Kind of, in my view, we should decide what success looks like by the end of the semester.",2026-02-02T03:47:33,89,18,1,3.8333333333333335,18.0,0,0,0,0.0,0,1,1,0,1,0.05555555555555555,0,1,0.05555555555555555,1,0.05555555555555555,0,2,0,0
c17_47,47,c17,B,"Maybe, we should decide what success looks like by the end of the semester.",2026-02-02T03:49:09,75,14,1,4.285714285714286,14.0,0,0,0,0.0,0,1,1,0,1,0.07142857142857142,0,1,0.07142857142857142,1,0.07142857142857142,0,1,0,0
c17_48,48,c17,B,"Kind of, i'm not fully convinced yet. We should assign owners for each part so work doesn’t overlap.",2026-02-02T03:50:43,100,20,2,3.9,10.0,0,0,0,0.0,0,1,2,0,1,0.05,0,1,0.05,1,0.05,0,2,0,0
c17_49,49,c17,F,"Let’s set weekly milestones: data, prototype, analysis, study, writing. please.",2026-02-02T03:52:14,79,11,2,5.636363636363637,5.5,0,0,0,0.0,0,1,1,0,0,0.0,1,0,0.0,0,0.0,0,0,0,1
c17_50,50,c17,B,"I think, definitely, we can simulate group chats so we control ground truth and avoid privacy issues.",2026-02-02T03:53:52,101,17,1,4.823529411764706,17.0,0,0,0,0.0,0,1,1,0,1,0.058823529411764705,0,1,0.058823529411764705,1,0.058823529411764705,0,3,0,0
c17_51,51,c17,G,"For sure, if we overbuild, we’ll have less time for evaluation and writing.",2026-02-02T03:55:29,75,14,1,4.214285714285714,14.0,0,0,0,0.0,0,1,1,0,0,0.0,0,0,0.0,0,0.0,0,2,0,0
c17_52,52,c17,E,Can we clarify: I agree. We need to keep the project focused so we can finish in time?,2026-02-02T03:55:55,86,18,2,3.6666666666666665,9.0,1,0,2,1.0,1,0,3,0,0,0.0,0,0,0.0,2,0.1111111111111111,1,4,0,0
c17_53,53,c17,G,We also need a human study to see if summaries change perception.,2026-02-02T03:56:31,65,12,1,4.416666666666667,12.0,0,0,0,0.0,0,1,1,0,0,0.0,0,0,0.0,0,0.0,0,1,0,0
c17_54,54,c17,G,We also need a human study to see if summaries change perception.,2026-02-02T03:57:35,65,12,1,4.416666666666667,12.0,0,0,0,0.0,0,1,1,0,0,0.0,0,0,0.0,0,0.0,0,1,0,0
c17_55,55,c17,D,We can simulate group chats so we control ground truth and avoid privacy issues.,2026-02-02T03:59:13,80,14,1,4.714285714285714,14.0,0,0,0,0.0,0,1,1,0,0,0.0,0,0,0.0,1,0.07142857142857142,0,2,0,0
c17_56,56,c17,F,We should assign owners for each part so work doesn’t overlap. appreciate it.,2026-02-02T03:59:48,77,14,2,4.428571428571429,7.0,0,0,0,0.0,0,1,1,0,0,0.0,1,1,0.07142857142857142,1,0.07142857142857142,0,1,1,0
c17_57,57,c17,E,"Just to check: If we overbuild, we’ll have less time for evaluation and writing?",2026-02-02T04:01:26,80,15,1,4.2,15.0,1,0,1,1.0,1,0,2,0,0,0.0,0,0,0.0,0,0.0,1,2,0,1
c17_58,58,c17,F,"If we finish the prototype early, we’ll have time to run the user study. thanks.",2026-02-02T04:02:22,80,16,2,3.875,8.0,0,0,0,0.0,0,1,1,0,0,0.0,1,0,0.0,0,0.0,0,2,0,0
c17_59,59,c17,G,We should decide what success looks like by the end of the semester.,2026-02-02T04:03:12,68,13,1,4.230769230769231,13.0,0,0,0,0.0,0,1,1,0,0,0.0,0,1,0.07692307692307693,1,0.07692307692307693,0,1,1,1
c17_60,60,c17,G,We should assign owners for each part so work doesn’t overlap.,2026-02-02T04:04:15,62,12,1,4.166666666666667,12.0,0,0,0,0.0,0,1,1,0,0,0.0,0,1,0.08333333333333333,1,0.08333333333333333,0,1,1,0
c17_61,61,c17,D,We also need a human study to see if summaries change perception.,2026-02-02T04:05:58,65,12,1,4.416666666666667,12.0,0,0,0,0.0,0,1,1,0,0,0.0,0,0,0.0,0,0.0,0,1,0,1
c18_1,1,c18,E,Team: let's discuss choosing tools/stack and get aligned before we split tasks.,2026-02-02T04:00:00,79,14,1,4.571428571428571,14.0,0,0,0,0.0,0,1,1,0,0,0.0,0,0,0.0,0,0.0,1,1,0,1
c18_2,2,c18,F,"Definitely, first we ingest chats, then index, then retrieve, then answer, then analyze logs. if you don't mind.",2026-02-02T04:01:12,112,19,2,4.578947368421052,9.5,0,0,0,0.0,0,1,1,0,0,0.0,0,1,0.05263157894736842,0,0.0,0,1,1,0
c18_3,3,c18,F,"If we keep the stack simple, we can focus on the analysis. if you don't mind.",2026-02-02T04:02:32,77,17,2,3.411764705882353,8.5,0,0,0,0.0,0,1,1,0,0,0.0,0,0,0.0,1,0.058823529411764705,0,2,0,1
c18_4,4,c18,E,"Can we clarify: To be clear, we can use a simple vector store and a basic retrieval QA chain?",2026-02-02T04:03:36,93,19,1,3.789473684210526,19.0,1,0,1,1.0,1,0,4,0,0,0.0,0,0,0.0,2,0.10526315789473684,2,2,0,0
c18_5,5,c18,B,"Maybe, a more complex system might look impressive but could be risky.",2026-02-02T04:05:16,70,12,1,4.75,12.0,0,0,0,0.0,0,1,1,0,3,0.25,0,0,0.0,2,0.16666666666666666,0,0,-3,0
c18_6,6,c18,G,"If we keep it simple, we can run more experiments and comparisons.",2026-02-02T04:06:37,66,12,1,4.416666666666667,12.0,0,0,0,0.0,0,1,1,0,0,0.0,0,0,0.0,1,0.08333333333333333,0,2,0,0
c18_7,7,c18,G,I agree. We can use a simple vector store and a basic retrieval QA chain.,2026-02-02T04:07:00,73,15,2,3.8,7.5,0,0,0,0.0,0,1,4,0,0,0.0,0,0,0.0,1,0.06666666666666667,0,2,0,0
c18_8,8,c18,B,"I feel like, i'm not fully convinced yet. We should log every retrieval step so we can explain results.",2026-02-02T04:07:32,103,20,2,4.05,10.0,0,0,0,0.0,0,1,2,0,0,0.0,0,1,0.05,2,0.1,0,4,1,0
c18_9,9,c18,D,Let’s make the pipeline reproducible with fixed seeds and configs.,2026-02-02T04:08:48,66,11,1,5.0,11.0,0,0,0,0.0,0,1,1,0,0,0.0,0,0,0.0,0,0.0,0,0,0,0
c18_10,10,c18,D,I agree.,2026-02-02T04:09:38,8,2,1,3.0,2.0,0,0,0,0.0,0,1,1,0,0,0.0,0,0,0.0,0,0.0,0,1,0,0
c18_11,11,c18,E,"Can we clarify: If we keep it simple, we can run more experiments and comparisons?",2026-02-02T04:11:21,82,15,1,4.333333333333333,15.0,1,0,1,1.0,1,0,2,0,0,0.0,0,0,0.0,2,0.13333333333333333,1,3,0,1
c18_12,12,c18,F,"If you don't mind, if we keep the stack simple, we can focus on the analysis.",2026-02-02T04:12:12,77,17,1,3.411764705882353,17.0,0,0,0,0.0,0,1,1,0,0,0.0,0,0,0.0,1,0.058823529411764705,0,2,0,1
c18_13,13,c18,F,We should trade engineering time for better study design and write-up. would you be able to.,2026-02-02T04:13:03,92,17,2,4.352941176470588,8.5,0,0,1,0.5,1,0,1,0,0,0.0,0,1,0.058823529411764705,2,0.11764705882352941,0,1,1,0
c18_14,14,c18,B,"Kind of, if we keep it simple, we can run more experiments and comparisons.",2026-02-02T04:13:35,75,14,1,4.214285714285714,14.0,0,0,0,0.0,0,1,1,0,1,0.07142857142857142,0,0,0.0,1,0.07142857142857142,0,2,-1,0
c18_15,15,c18,F,We could compare two setups to see if results are robust. would you be able to.,2026-02-02T04:14:48,79,16,2,3.875,8.0,0,0,1,0.5,1,0,1,0,1,0.0625,0,0,0.0,2,0.125,0,1,-1,0
c18_16,16,c18,E,"Before we move on: If we keep it simple, we can run more experiments and comparisons?",2026-02-02T04:15:51,85,16,1,4.1875,16.0,1,0,1,1.0,1,0,2,0,0,0.0,0,0,0.0,1,0.0625,1,3,0,0
c18_17,17,c18,E,"Before we move on: If we keep it simple, we can run more experiments and comparisons?",2026-02-02T04:16:49,85,16,1,4.1875,16.0,1,0,1,1.0,1,0,2,0,0,0.0,0,0,0.0,1,0.0625,1,3,0,0
c18_18,18,c18,G,"To be clear, a minimal system plus strong evaluation is probably the best strategy.",2026-02-02T04:18:21,83,14,1,4.857142857142857,14.0,0,0,0,0.0,0,1,1,0,1,0.07142857142857142,0,0,0.0,0,0.0,1,0,-1,1
c18_19,19,c18,F,A minimal system plus strong evaluation is probably the best strategy. could we.,2026-02-02T04:19:25,80,13,2,5.076923076923077,6.5,0,0,1,0.5,1,0,1,0,2,0.15384615384615385,0,0,0.0,1,0.07692307692307693,0,1,-2,0
c18_20,20,c18,E,Before we move on: I agree. We should choose tools that are stable and easy to reproduce?,2026-02-02T04:20:14,89,17,2,4.117647058823529,8.5,1,0,1,0.5,1,0,3,0,0,0.0,0,1,0.058823529411764705,1,0.058823529411764705,1,3,1,0
c18_21,21,c18,F,"First we ingest chats, then index, then retrieve, then answer, then analyze logs. would you be able to.",2026-02-02T04:20:35,103,18,2,4.444444444444445,9.0,0,0,1,0.5,1,0,1,0,0,0.0,0,0,0.0,1,0.05555555555555555,0,1,0,0
c18_22,22,c18,B,"It seems like, i agree. If we keep the stack simple, we can focus on the analysis.",2026-02-02T04:21:34,82,17,2,3.6470588235294117,8.5,0,0,0,0.0,0,1,2,0,1,0.058823529411764705,0,0,0.0,1,0.058823529411764705,0,3,-1,0
c18_23,23,c18,E,"Just to check: In my view, if we keep the stack simple, we can focus on the analysis?",2026-02-02T04:23:10,85,18,1,3.5555555555555554,18.0,1,0,1,1.0,1,0,2,0,0,0.0,0,0,0.0,1,0.05555555555555555,1,3,0,1
c18_24,24,c18,G,"For sure, we could compare two setups to see if results are robust.",2026-02-02T04:24:34,67,13,1,4.076923076923077,13.0,0,0,0,0.0,0,1,1,0,1,0.07692307692307693,0,0,0.0,1,0.07692307692307693,0,1,-1,0
c18_25,25,c18,G,A minimal system plus strong evaluation is probably the best strategy.,2026-02-02T04:25:18,70,11,1,5.363636363636363,11.0,0,0,0,0.0,0,1,1,0,1,0.09090909090909091,0,0,0.0,0,0.0,0,0,-1,1
c18_26,26,c18,F,"Appreciate it, let’s make the pipeline reproducible with fixed seeds and configs.",2026-02-02T04:26:21,81,13,1,5.153846153846154,13.0,0,0,0,0.0,0,1,1,0,0,0.0,1,0,0.0,0,0.0,0,0,0,0
c18_27,27,c18,G,A more complex system might look impressive but could be risky.,2026-02-02T04:27:24,63,11,1,4.7272727272727275,11.0,0,0,0,0.0,0,1,1,0,2,0.18181818181818182,0,0,0.0,2,0.18181818181818182,0,0,-2,0
c18_28,28,c18,E,Quick question: We can use a simple vector store and a basic retrieval QA chain?,2026-02-02T04:28:39,80,15,1,4.266666666666667,15.0,1,0,1,1.0,1,0,4,0,0,0.0,0,0,0.0,1,0.06666666666666667,1,1,0,0
c18_29,29,c18,E,"Quick question: First we ingest chats, then index, then retrieve, then answer, then analyze logs?",2026-02-02T04:29:11,97,15,1,5.133333333333334,15.0,1,0,1,1.0,1,0,2,0,0,0.0,0,0,0.0,0,0.0,1,1,0,1
c18_30,30,c18,F,"Thanks, first we ingest chats, then index, then retrieve, then answer, then analyze logs.",2026-02-02T04:30:15,89,14,1,5.0,14.0,0,0,0,0.0,0,1,1,0,0,0.0,1,0,0.0,0,0.0,0,1,0,1
c18_31,31,c18,B,"I think, we should build a baseline before adding any improvements.",2026-02-02T04:30:42,67,11,1,5.0,11.0,0,0,0,0.0,0,1,1,0,1,0.09090909090909091,0,1,0.09090909090909091,1,0.09090909090909091,0,2,0,1
c18_32,32,c18,F,We should choose tools that are stable and easy to reproduce. could we.,2026-02-02T04:32:17,71,13,2,4.384615384615385,6.5,0,0,1,0.5,1,0,1,0,1,0.07692307692307693,0,1,0.07692307692307693,2,0.15384615384615385,0,2,0,0
c18_33,33,c18,G,I'm not fully convinced yet. We should choose tools that are stable and easy to reproduce.,2026-02-02T04:32:51,90,17,2,4.235294117647059,8.5,0,0,0,0.0,0,1,2,0,0,0.0,0,1,0.058823529411764705,1,0.058823529411764705,0,2,1,0
c18_34,34,c18,G,"If we keep the stack simple, we can focus on the analysis.",2026-02-02T04:34:16,58,12,1,3.75,12.0,0,0,0,0.0,0,1,1,0,0,0.0,0,0,0.0,1,0.08333333333333333,0,2,0,1
c18_35,35,c18,G,We should log every retrieval step so we can explain results.,2026-02-02T04:35:52,61,11,1,4.545454545454546,11.0,0,0,0,0.0,0,1,1,0,0,0.0,0,1,0.09090909090909091,2,0.18181818181818182,0,2,1,0
c18_36,36,c18,F,A minimal system plus strong evaluation is probably the best strategy. thanks.,2026-02-02T04:37:25,78,12,2,5.416666666666667,6.0,0,0,0,0.0,0,1,1,0,1,0.08333333333333333,1,0,0.0,0,0.0,0,0,-1,1
c18_37,37,c18,E,Quick question: Let’s make the pipeline reproducible with fixed seeds and configs?,2026-02-02T04:38:50,82,13,1,5.230769230769231,13.0,1,0,1,1.0,1,0,2,0,0,0.0,0,0,0.0,0,0.0,1,0,0,0
c18_38,38,c18,D,Let’s make the pipeline reproducible with fixed seeds and configs.,2026-02-02T04:40:32,66,11,1,5.0,11.0,0,0,0,0.0,0,1,1,0,0,0.0,0,0,0.0,0,0.0,0,0,0,0
c18_39,39,c18,G,We should choose tools that are stable and easy to reproduce.,2026-02-02T04:41:17,61,11,1,4.545454545454546,11.0,0,0,0,0.0,0,1,1,0,0,0.0,0,1,0.09090909090909091,1,0.09090909090909091,0,1,1,0
c18_40,40,c18,G,We should trade engineering time for better study design and write-up.,2026-02-02T04:42:11,70,12,1,4.833333333333333,12.0,0,0,0,0.0,0,1,1,0,0,0.0,0,1,0.08333333333333333,1,0.08333333333333333,0,1,1,0
c18_41,41,c18,G,We could compare two setups to see if results are robust.,2026-02-02T04:43:06,57,11,1,4.181818181818182,11.0,0,0,0,0.0,0,1,1,0,1,0.09090909090909091,0,0,0.0,1,0.09090909090909091,0,1,-1,0
c18_42,42,c18,E,Just to check: We should trade engineering time for better study design and write-up?,2026-02-02T04:44:26,85,15,1,4.6,15.0,1,0,1,1.0,1,0,2,0,0,0.0,0,1,0.06666666666666667,1,0.06666666666666667,1,1,1,0
c18_43,43,c18,D,"For sure, we should choose tools that are stable and easy to reproduce.",2026-02-02T04:46:03,71,13,1,4.384615384615385,13.0,0,0,0,0.0,0,1,1,0,0,0.0,0,1,0.07692307692307693,1,0.07692307692307693,0,1,1,0
c18_44,44,c18,B,"Kind of, we should choose tools that are stable and easy to reproduce.",2026-02-02T04:46:45,70,13,1,4.3076923076923075,13.0,0,0,0,0.0,0,1,1,0,1,0.07692307692307693,0,1,0.07692307692307693,1,0.07692307692307693,0,1,0,0
c18_45,45,c18,B,"I'm not sure but, let’s make the pipeline reproducible with fixed seeds and configs.",2026-02-02T04:48:03,84,16,1,4.1875,16.0,0,0,0,0.0,0,1,1,0,0,0.0,0,0,0.0,0,0.0,0,1,0,0
c18_46,46,c18,D,"If we keep it simple, we can run more experiments and comparisons.",2026-02-02T04:48:39,66,12,1,4.416666666666667,12.0,0,0,0,0.0,0,1,1,0,0,0.0,0,0,0.0,1,0.08333333333333333,0,2,0,0
c18_47,47,c18,E,Quick question: We should choose tools that are stable and easy to reproduce?,2026-02-02T04:49:24,77,13,1,4.846153846153846,13.0,1,0,1,1.0,1,0,2,0,0,0.0,0,1,0.07692307692307693,1,0.07692307692307693,1,1,1,0
c18_48,48,c18,D,We should trade engineering time for better study design and write-up.,2026-02-02T04:50:52,70,12,1,4.833333333333333,12.0,0,0,0,0.0,0,1,1,0,0,0.0,0,1,0.08333333333333333,1,0.08333333333333333,0,1,1,0
c18_49,49,c18,F,"Would you be able to, for sure, we can use a simple vector store and a basic retrieval QA chain.",2026-02-02T04:51:13,96,20,1,3.7,20.0,0,0,1,1.0,1,0,3,0,0,0.0,0,0,0.0,2,0.1,0,1,0,0
c18_50,50,c18,D,A minimal system plus strong evaluation is probably the best strategy.,2026-02-02T04:52:40,70,11,1,5.363636363636363,11.0,0,0,0,0.0,0,1,1,0,1,0.09090909090909091,0,0,0.0,0,0.0,0,0,-1,1
c18_51,51,c18,B,"Maybe, we could compare two setups to see if results are robust.",2026-02-02T04:54:20,64,12,1,4.25,12.0,0,0,0,0.0,0,1,1,0,2,0.16666666666666666,0,0,0.0,1,0.08333333333333333,0,1,-2,0
c18_52,52,c18,F,"Please, a minimal system plus strong evaluation is probably the best strategy.",2026-02-02T04:56:10,78,12,1,5.416666666666667,12.0,0,0,0,0.0,0,1,1,0,1,0.08333333333333333,1,0,0.0,0,0.0,0,0,-1,0
c18_53,53,c18,B,"Kind of, in my view, we could compare two setups to see if results are robust.",2026-02-02T04:56:32,78,16,1,3.75,16.0,0,0,0,0.0,0,1,1,0,2,0.125,0,0,0.0,1,0.0625,0,2,-2,0
c18_54,54,c18,E,Small question: We should trade engineering time for better study design and write-up?,2026-02-02T04:58:06,86,14,1,5.071428571428571,14.0,1,0,1,1.0,1,0,2,0,0,0.0,0,1,0.07142857142857142,1,0.07142857142857142,1,1,1,0
c18_55,55,c18,D,A minimal system plus strong evaluation is probably the best strategy.,2026-02-02T04:58:56,70,11,1,5.363636363636363,11.0,0,0,0,0.0,0,1,1,0,1,0.09090909090909091,0,0,0.0,0,0.0,0,0,-1,1
c19_1,1,c19,B,Team: let's discuss team meeting recap and get aligned before we split tasks.,2026-02-02T05:00:00,77,14,1,4.428571428571429,14.0,0,0,0,0.0,0,1,1,0,0,0.0,0,0,0.0,0,0.0,1,1,0,0
c19_2,2,c19,G,I agree. We still need to decide the retrieval strategy and top-k value.,2026-02-02T05:00:59,72,14,2,4.071428571428571,7.0,0,0,0,0.0,0,1,2,0,0,0.0,0,0,0.0,0,0.0,0,2,0,0
c19_3,3,c19,G,We still need to decide the retrieval strategy and top-k value.,2026-02-02T05:02:34,63,12,1,4.25,12.0,0,0,0,0.0,0,1,1,0,0,0.0,0,0,0.0,0,0.0,0,1,0,0
c19_4,4,c19,A,"I propose action items: finalize data format, build indexing, and draft pitch.",2026-02-02T05:03:47,78,12,1,5.25,12.0,0,0,0,0.0,0,1,1,0,0,0.0,0,0,0.0,0,0.0,0,1,0,0
c19_5,5,c19,G,Let’s assign owners and deadlines for each task.,2026-02-02T05:04:53,48,9,1,4.333333333333333,9.0,0,0,0,0.0,0,1,1,0,0,0.0,0,0,0.0,0,0.0,0,0,0,0
c19_6,6,c19,A,"I propose for sure, we should create a shared doc with open questions and next steps.",2026-02-02T05:05:58,85,16,1,4.25,16.0,0,0,0,0.0,0,1,1,0,0,0.0,0,1,0.0625,1,0.0625,0,2,1,0
c19_7,7,c19,B,"It seems like, should we analyze message-level retrieval or chunk messages into windows?",2026-02-02T05:07:40,88,14,1,5.214285714285714,14.0,1,0,1,1.0,1,0,1,0,1,0.07142857142857142,0,1,0.07142857142857142,1,0.07142857142857142,0,1,0,0
c19_8,8,c19,E,Quick question: Let’s assign owners and deadlines for each task?,2026-02-02T05:08:18,64,11,1,4.7272727272727275,11.0,1,0,1,1.0,1,0,2,0,0,0.0,0,0,0.0,0,0.0,1,0,0,0
c19_9,9,c19,G,"Action items: finalize data format, build indexing, and draft pitch.",2026-02-02T05:09:48,68,10,1,5.5,10.0,0,0,0,0.0,0,1,1,0,0,0.0,0,0,0.0,0,0.0,0,0,0,0
c19_10,10,c19,B,"Kind of, i agree. Action items: finalize data format, build indexing, and draft pitch.",2026-02-02T05:10:40,86,14,2,4.785714285714286,7.0,0,0,0,0.0,0,1,2,0,1,0.07142857142857142,0,0,0.0,0,0.0,0,1,-1,0
c19_11,11,c19,B,"Kind of, to be clear, let’s restate what we agreed on before we end the meeting.",2026-02-02T05:11:47,80,17,1,3.588235294117647,17.0,0,0,0,0.0,0,1,1,0,1,0.058823529411764705,0,0,0.0,0,0.0,1,2,-1,0
c19_12,12,c19,G,How many participants do we need for a reasonable user study?,2026-02-02T05:13:17,61,11,1,4.545454545454546,11.0,1,0,1,1.0,1,0,1,0,0,0.0,0,0,0.0,0,0.0,0,1,0,1
c19_13,13,c19,A,We should we should create a shared doc with open questions and next steps.,2026-02-02T05:14:54,75,14,1,4.357142857142857,14.0,0,0,0,0.0,0,1,1,0,0,0.0,0,2,0.14285714285714285,2,0.14285714285714285,0,2,2,0
c19_14,14,c19,B,"I think, in my view, we should write down the final scope so everyone is aligned.",2026-02-02T05:15:25,81,16,1,3.9375,16.0,0,0,0,0.0,0,1,1,0,1,0.0625,0,1,0.0625,1,0.0625,0,3,0,0
c19_15,15,c19,E,"Before we move on: Action items: finalize data format, build indexing, and draft pitch?",2026-02-02T05:15:45,87,14,1,4.928571428571429,14.0,1,0,1,1.0,1,0,2,0,0,0.0,0,0,0.0,0,0.0,1,1,0,0
c19_16,16,c19,G,Let’s restate what we agreed on before we end the meeting.,2026-02-02T05:16:22,58,12,1,3.8333333333333335,12.0,0,0,0,0.0,0,1,1,0,0,0.0,0,0,0.0,0,0.0,0,2,0,0
c19_17,17,c19,A,"Let's we should capture the reasoning behind the decision, not just the outcome.",2026-02-02T05:17:11,80,14,1,4.642857142857143,14.0,0,0,0,0.0,0,1,1,0,0,0.0,0,1,0.07142857142857142,1,0.07142857142857142,1,1,1,1
c19_18,18,c19,B,"Kind of, we should write down the final scope so everyone is aligned.",2026-02-02T05:18:50,69,13,1,4.230769230769231,13.0,0,0,0,0.0,0,1,1,0,1,0.07692307692307693,0,1,0.07692307692307693,1,0.07692307692307693,0,1,0,0
c19_19,19,c19,G,"We should capture the reasoning behind the decision, not just the outcome.",2026-02-02T05:19:49,74,12,1,5.083333333333333,12.0,0,0,0,0.0,0,1,1,0,0,0.0,0,1,0.08333333333333333,1,0.08333333333333333,0,1,1,1
c19_20,20,c19,B,"Possibly, let’s assign owners and deadlines for each task.",2026-02-02T05:21:08,58,10,1,4.7,10.0,0,0,0,0.0,0,1,1,0,1,0.1,0,0,0.0,0,0.0,0,0,-1,0
c19_21,21,c19,G,"Action items: finalize data format, build indexing, and draft pitch.",2026-02-02T05:22:17,68,10,1,5.5,10.0,0,0,0,0.0,0,1,1,0,0,0.0,0,0,0.0,0,0.0,0,0,0,0
c19_22,22,c19,A,I propose i agree. Can someone summarize today’s discussion in a few bullets?,2026-02-02T05:23:03,77,14,2,4.428571428571429,7.0,1,0,1,0.5,1,0,2,0,0,0.0,0,0,0.0,1,0.07142857142857142,0,2,0,1
c19_23,23,c19,A,The best option is the main decision is which project idea we commit to.,2026-02-02T05:23:31,72,14,1,4.142857142857143,14.0,0,0,0,0.0,0,1,1,0,0,0.0,0,1,0.07142857142857142,0,0.0,0,1,1,1
c19_24,24,c19,G,Let’s assign owners and deadlines for each task.,2026-02-02T05:25:02,48,9,1,4.333333333333333,9.0,0,0,0,0.0,0,1,1,0,0,0.0,0,0,0.0,0,0.0,0,0,0,0
c19_25,25,c19,B,"Kind of, we should create a shared doc with open questions and next steps.",2026-02-02T05:25:41,74,14,1,4.214285714285714,14.0,0,0,0,0.0,0,1,1,0,1,0.07142857142857142,0,1,0.07142857142857142,1,0.07142857142857142,0,1,0,0
c19_26,26,c19,B,"Possibly, can someone summarize today’s discussion in a few bullets?",2026-02-02T05:26:07,68,11,1,5.090909090909091,11.0,1,0,1,1.0,1,0,1,0,1,0.09090909090909091,0,0,0.0,1,0.09090909090909091,0,0,-1,1
c19_27,27,c19,A,"We should in my view, let’s restate what we agreed on before we end the meeting.",2026-02-02T05:26:40,80,17,1,3.6470588235294117,17.0,0,0,0,0.0,0,1,1,0,0,0.0,0,1,0.058823529411764705,1,0.058823529411764705,0,4,1,0
c19_28,28,c19,D,"We should capture the reasoning behind the decision, not just the outcome.",2026-02-02T05:27:17,74,12,1,5.083333333333333,12.0,0,0,0,0.0,0,1,1,0,0,0.0,0,1,0.08333333333333333,1,0.08333333333333333,0,1,1,1
c19_29,29,c19,E,Small question: We still need to decide the retrieval strategy and top-k value?,2026-02-02T05:28:56,79,14,1,4.571428571428571,14.0,1,0,1,1.0,1,0,2,0,0,0.0,0,0,0.0,0,0.0,1,1,0,0
c19_30,30,c19,B,"It seems like, action items: finalize data format, build indexing, and draft pitch.",2026-02-02T05:29:56,83,13,1,5.076923076923077,13.0,0,0,0,0.0,0,1,1,0,1,0.07692307692307693,0,0,0.0,0,0.0,0,0,-1,0
c19_31,31,c19,B,"It seems like, we should capture the reasoning behind the decision, not just the outcome.",2026-02-02T05:31:31,89,15,1,4.8,15.0,0,0,0,0.0,0,1,1,0,1,0.06666666666666667,0,1,0.06666666666666667,1,0.06666666666666667,0,1,0,1
c19_32,32,c19,B,"I feel like, can someone summarize today’s discussion in a few bullets?",2026-02-02T05:33:00,71,13,1,4.384615384615385,13.0,1,0,1,1.0,1,0,1,0,0,0.0,0,0,0.0,1,0.07692307692307693,0,1,0,1
c19_33,33,c19,A,I recommend i agree. Let’s assign owners and deadlines for each task.,2026-02-02T05:33:57,69,13,2,4.230769230769231,6.5,0,0,0,0.0,0,1,2,0,0,0.0,0,1,0.07692307692307693,0,0.0,0,2,1,0
c19_34,34,c19,E,Quick question: The main decision is which project idea we commit to?,2026-02-02T05:34:57,69,12,1,4.666666666666667,12.0,1,0,1,1.0,1,0,2,0,0,0.0,0,0,0.0,0,0.0,1,1,0,1
c19_35,35,c19,B,"Maybe, let’s assign owners and deadlines for each task.",2026-02-02T05:35:50,55,10,1,4.4,10.0,0,0,0,0.0,0,1,1,0,1,0.1,0,0,0.0,0,0.0,0,0,-1,0
c19_36,36,c19,G,How many participants do we need for a reasonable user study?,2026-02-02T05:36:15,61,11,1,4.545454545454546,11.0,1,0,1,1.0,1,0,1,0,0,0.0,0,0,0.0,0,0.0,0,1,0,1
c19_37,37,c19,G,Can someone summarize today’s discussion in a few bullets?,2026-02-02T05:36:53,58,10,1,4.8,10.0,1,0,1,1.0,1,0,1,0,0,0.0,0,0,0.0,1,0.1,0,0,0,1
c19_38,38,c19,B,"I think, we still need to decide the retrieval strategy and top-k value.",2026-02-02T05:38:36,72,14,1,4.071428571428571,14.0,0,0,0,0.0,0,1,1,0,1,0.07142857142857142,0,0,0.0,0,0.0,0,2,-1,0
c19_39,39,c19,G,How many participants do we need for a reasonable user study?,2026-02-02T05:39:33,61,11,1,4.545454545454546,11.0,1,0,1,1.0,1,0,1,0,0,0.0,0,0,0.0,0,0.0,0,1,0,1
c19_40,40,c19,G,We should write down the final scope so everyone is aligned.,2026-02-02T05:41:06,60,11,1,4.454545454545454,11.0,0,0,0,0.0,0,1,1,0,0,0.0,0,1,0.09090909090909091,1,0.09090909090909091,0,1,1,0
c19_41,41,c19,E,"Small question: Action items: finalize data format, build indexing, and draft pitch?",2026-02-02T05:42:37,84,12,1,5.666666666666667,12.0,1,0,1,1.0,1,0,2,0,0,0.0,0,0,0.0,0,0.0,1,0,0,0
c19_42,42,c19,G,I'm not fully convinced yet. Let’s assign owners and deadlines for each task.,2026-02-02T05:44:16,77,15,2,4.066666666666666,7.5,0,0,0,0.0,0,1,2,0,0,0.0,0,0,0.0,0,0.0,0,1,0,0
c19_43,43,c19,E,"Can we clarify: I'm not fully convinced yet. Action items: finalize data format, build indexing, and draft pitch?",2026-02-02T05:45:57,113,19,2,4.684210526315789,9.5,1,0,2,1.0,1,0,3,0,0,0.0,0,0,0.0,1,0.05263157894736842,1,2,0,0
c19_44,44,c19,G,I'm not fully convinced yet. We should create a shared doc with open questions and next steps.,2026-02-02T05:47:23,94,18,2,4.166666666666667,9.0,0,0,0,0.0,0,1,2,0,0,0.0,0,1,0.05555555555555555,1,0.05555555555555555,0,2,1,0
c19_45,45,c19,E,Before we move on: I'm not fully convinced yet. We should write down the final scope so everyone is aligned?,2026-02-02T05:48:11,108,21,2,4.0476190476190474,10.5,1,0,1,0.5,1,0,3,0,0,0.0,0,1,0.047619047619047616,1,0.047619047619047616,1,3,1,0
c19_46,46,c19,B,"Possibly, honestly, the main decision is which project idea we commit to.",2026-02-02T05:48:37,73,12,1,4.916666666666667,12.0,0,0,0,0.0,0,1,1,0,1,0.08333333333333333,0,0,0.0,0,0.0,0,1,-1,0
c19_47,47,c19,E,Small question: I'm not fully convinced yet. We should write down the final scope so everyone is aligned?,2026-02-02T05:49:51,105,19,2,4.421052631578948,9.5,1,0,1,0.5,1,0,3,0,0,0.0,0,1,0.05263157894736842,1,0.05263157894736842,1,2,1,0
c19_48,48,c19,B,"It seems like, how do we define 'important' contributions in a fair way?",2026-02-02T05:50:45,72,13,1,4.3076923076923075,13.0,1,0,1,1.0,1,0,1,0,1,0.07692307692307693,0,0,0.0,0,0.0,0,1,-1,0
c19_49,49,c19,B,"Kind of, we should create a shared doc with open questions and next steps.",2026-02-02T05:51:11,74,14,1,4.214285714285714,14.0,0,0,0,0.0,0,1,1,0,1,0.07142857142857142,0,1,0.07142857142857142,1,0.07142857142857142,0,1,0,0
c19_50,50,c19,A,I recommend i agree. Let’s restate what we agreed on before we end the meeting.,2026-02-02T05:52:12,79,16,2,3.875,8.0,0,0,0,0.0,0,1,2,0,0,0.0,0,1,0.0625,0,0.0,0,4,1,0
c19_51,51,c19,D,"Action items: finalize data format, build indexing, and draft pitch.",2026-02-02T05:53:56,68,10,1,5.5,10.0,0,0,0,0.0,0,1,1,0,0,0.0,0,0,0.0,0,0.0,0,0,0,0
c19_52,52,c19,B,"It seems like, i agree. We should capture the reasoning behind the decision, not just the outcome.",2026-02-02T05:54:39,98,17,2,4.588235294117647,8.5,0,0,0,0.0,0,1,2,0,1,0.058823529411764705,0,1,0.058823529411764705,1,0.058823529411764705,0,2,0,0
c19_53,53,c19,E,"Small question: Action items: finalize data format, build indexing, and draft pitch?",2026-02-02T05:55:16,84,12,1,5.666666666666667,12.0,1,0,1,1.0,1,0,2,0,0,0.0,0,0,0.0,0,0.0,1,0,0,0
c19_54,54,c19,D,"Action items: finalize data format, build indexing, and draft pitch.",2026-02-02T05:57:06,68,10,1,5.5,10.0,0,0,0,0.0,0,1,1,0,0,0.0,0,0,0.0,0,0.0,0,0,0,0
c19_55,55,c19,A,The best option is let’s restate what we agreed on before we end the meeting.,2026-02-02T05:57:30,77,16,1,3.8125,16.0,0,0,0,0.0,0,1,1,0,0,0.0,0,1,0.0625,0,0.0,0,2,1,1
c20_1,1,c20,G,Team: let's discuss study design discussion and get aligned before we split tasks.,2026-02-02T06:00:00,82,14,1,4.785714285714286,14.0,0,0,0,0.0,0,1,1,0,0,0.0,0,0,0.0,0,0.0,1,1,0,1
c20_2,2,c20,C,We can show participants a short system-generated summary and ask perception questions. We can validate it quickly with a small pilot before we scale it up.,2026-02-02T06:01:11,156,27,2,4.7407407407407405,13.5,0,0,0,0.0,0,1,2,0,0,0.0,0,0,0.0,2,0.07407407407407407,0,3,0,0
c20_3,3,c20,F,"We should collect demographics lightly, if allowed, but keep it minimal. if you don't mind.",2026-02-02T06:01:38,91,16,2,4.5,8.0,0,0,0,0.0,0,1,1,0,0,0.0,0,1,0.0625,1,0.0625,0,1,1,1
c20_4,4,c20,F,"If you don't mind, to be clear, i agree. Readers may think the most-retrieved speaker is the leader, even if they weren’t.",2026-02-02T06:03:03,122,25,2,3.72,12.5,0,0,0,0.0,0,1,2,0,0,0.0,0,0,0.0,1,0.04,1,1,0,0
c20_5,5,c20,D,"If retrieval is skewed, summaries may systematically misrepresent the group.",2026-02-02T06:04:39,76,10,1,6.5,10.0,0,0,0,0.0,0,1,1,0,0,0.0,0,0,0.0,1,0.1,0,0,0,0
c20_6,6,c20,F,"Could we, i'm not fully convinced yet. Readers may think the most-retrieved speaker is the leader, even if they weren’t.",2026-02-02T06:06:20,120,23,2,4.086956521739131,11.5,0,0,1,0.5,1,0,2,0,1,0.043478260869565216,0,0,0.0,2,0.08695652173913043,0,2,-1,0
c20_7,7,c20,C,I agree. We should randomize which conversation they see to avoid learning effects. We can validate it quickly with a small pilot before we scale it up.,2026-02-02T06:07:46,152,27,3,4.555555555555555,9.0,0,0,0,0.0,0,1,3,0,0,0.0,0,1,0.037037037037037035,2,0.07407407407407407,0,4,1,0
c20_8,8,c20,F,We should track agreement across participants to see if the effect is consistent. could we.,2026-02-02T06:08:26,91,15,2,5.0,7.5,0,0,1,0.5,1,0,1,0,1,0.06666666666666667,0,1,0.06666666666666667,2,0.13333333333333333,0,2,0,1
c20_9,9,c20,F,"Please, i agree. We can keep it lightweight with a Google Form and short tasks.",2026-02-02T06:10:01,79,15,2,4.133333333333334,7.5,0,0,0,0.0,0,1,4,0,0,0.0,1,0,0.0,1,0.06666666666666667,0,2,0,0
c20_10,10,c20,F,"Please, we can keep it lightweight with a Google Form and short tasks.",2026-02-02T06:10:43,70,13,1,4.3076923076923075,13.0,0,0,0,0.0,0,1,3,0,0,0.0,1,0,0.0,1,0.07692307692307693,0,1,0,0
c20_11,11,c20,C,"We should track agreement across participants to see if the effect is consistent. It might feel like extra work now, but it saves time during analysis.",2026-02-02T06:11:45,151,26,2,4.730769230769231,13.0,0,0,0,0.0,0,1,2,0,1,0.038461538461538464,0,1,0.038461538461538464,2,0.07692307692307693,0,1,0,1
c20_12,12,c20,F,"Would you be able to, i suspect verbose speakers will be retrieved more often just because they contain more keywords.",2026-02-02T06:12:31,118,20,1,4.85,20.0,0,0,1,1.0,1,0,1,0,0,0.0,0,0,0.0,2,0.1,0,1,0,0
c20_13,13,c20,F,"Please, we should collect demographics lightly, if allowed, but keep it minimal.",2026-02-02T06:14:02,80,12,1,5.416666666666667,12.0,0,0,0,0.0,0,1,1,0,0,0.0,1,1,0.08333333333333333,1,0.08333333333333333,0,1,1,1
c20_14,14,c20,B,"Possibly, hedging language might be retrieved less because it sounds less decisive.",2026-02-02T06:14:49,83,12,1,5.833333333333333,12.0,0,0,0,0.0,0,1,1,0,2,0.16666666666666666,0,0,0.0,1,0.08333333333333333,0,0,-2,0
c20_15,15,c20,G,"We should collect demographics lightly, if allowed, but keep it minimal.",2026-02-02T06:15:11,72,11,1,5.363636363636363,11.0,0,0,0,0.0,0,1,1,0,0,0.0,0,1,0.09090909090909091,1,0.09090909090909091,0,1,1,1
c20_16,16,c20,C,I suspect verbose speakers will be retrieved more often just because they contain more keywords. That way we can separate system behavior from human perception effects.,2026-02-02T06:16:05,168,26,2,5.423076923076923,13.0,0,0,0,0.0,0,1,2,0,0,0.0,0,0,0.0,2,0.07692307692307693,0,2,0,0
c20_17,17,c20,G,"In my view, i agree. We should collect demographics lightly, if allowed, but keep it minimal.",2026-02-02T06:17:40,93,16,2,4.5625,8.0,0,0,0,0.0,0,1,2,0,0,0.0,0,1,0.0625,1,0.0625,0,3,1,1
c20_18,18,c20,F,We should track agreement across participants to see if the effect is consistent. would you be able to.,2026-02-02T06:18:11,103,18,2,4.666666666666667,9.0,0,0,1,0.5,1,0,1,0,0,0.0,0,1,0.05555555555555555,2,0.1111111111111111,0,1,1,1
c20_19,19,c20,C,"We should compute style metrics: verbosity, hedging rate, assertiveness rate. It might feel like extra work now, but it saves time during analysis.",2026-02-02T06:19:34,147,23,2,5.173913043478261,11.5,0,0,0,0.0,0,1,2,0,1,0.043478260869565216,0,1,0.043478260869565216,2,0.08695652173913043,0,1,0,0
c20_20,20,c20,B,"I feel like, if retrieval is skewed, summaries may systematically misrepresent the group.",2026-02-02T06:19:54,89,13,1,5.6923076923076925,13.0,0,0,0,0.0,0,1,1,0,0,0.0,0,0,0.0,1,0.07692307692307693,0,1,0,0
c20_21,21,c20,C,"In my view, we should collect demographics lightly, if allowed, but keep it minimal. We can validate it quickly with a small pilot before we scale it up.",2026-02-02T06:21:25,153,28,2,4.321428571428571,14.0,0,0,0,0.0,0,1,2,0,0,0.0,0,1,0.03571428571428571,2,0.07142857142857142,0,4,1,1
c20_22,22,c20,F,"Definitely, i'm not fully convinced yet. For the user study, we can ask who seems most knowledgeable or influential. thanks.",2026-02-02T06:22:51,124,21,3,4.714285714285714,7.0,0,0,0,0.0,0,1,2,0,1,0.047619047619047616,1,1,0.047619047619047616,1,0.047619047619047616,0,2,0,1
c20_23,23,c20,G,I suspect verbose speakers will be retrieved more often just because they contain more keywords.,2026-02-02T06:23:22,96,15,1,5.4,15.0,0,0,0,0.0,0,1,1,0,0,0.0,0,0,0.0,1,0.06666666666666667,0,1,0,0
c20_24,24,c20,D,I'm not fully convinced yet.,2026-02-02T06:23:45,28,6,1,3.6666666666666665,6.0,0,0,0,0.0,0,1,1,0,0,0.0,0,0,0.0,0,0.0,0,1,0,0
c20_25,25,c20,B,"I'm not sure but, we can compute retrieval share per speaker and compare it to participation share.",2026-02-02T06:24:39,99,18,1,4.444444444444445,18.0,0,0,0,0.0,0,1,1,0,0,0.0,0,0,0.0,1,0.05555555555555555,0,2,0,0
c20_26,26,c20,G,I suspect verbose speakers will be retrieved more often just because they contain more keywords.,2026-02-02T06:25:00,96,15,1,5.4,15.0,0,0,0,0.0,0,1,1,0,0,0.0,0,0,0.0,1,0.06666666666666667,0,1,0,0
c20_27,27,c20,C,I suspect verbose speakers will be retrieved more often just because they contain more keywords. That way we can separate system behavior from human perception effects.,2026-02-02T06:26:12,168,26,2,5.423076923076923,13.0,0,0,0,0.0,0,1,2,0,0,0.0,0,0,0.0,2,0.07692307692307693,0,2,0,0
c20_28,28,c20,C,"I agree. If retrieval is skewed, summaries may systematically misrepresent the group. We can validate it quickly with a small pilot before we scale it up.",2026-02-02T06:26:47,154,26,3,4.8076923076923075,8.666666666666666,0,0,0,0.0,0,1,3,0,0,0.0,0,0,0.0,2,0.07692307692307693,0,3,0,0
c20_29,29,c20,B,"I'm not sure but, we can keep it lightweight with a Google Form and short tasks.",2026-02-02T06:27:51,80,17,1,3.6470588235294117,17.0,0,0,0,0.0,0,1,3,0,0,0.0,0,0,0.0,1,0.058823529411764705,0,2,0,0
c20_30,30,c20,C,"We should collect demographics lightly, if allowed, but keep it minimal. If we write this down as a checklist, we can avoid back-and-forth later.",2026-02-02T06:29:11,145,26,2,4.423076923076923,13.0,0,0,0,0.0,0,1,2,0,0,0.0,0,1,0.038461538461538464,2,0.07692307692307693,0,3,1,0
c20_31,31,c20,F,"For sure, we should collect demographics lightly, if allowed, but keep it minimal. would you be able to.",2026-02-02T06:30:02,104,18,2,4.555555555555555,9.0,0,0,1,0.5,1,0,1,0,0,0.0,0,1,0.05555555555555555,2,0.1111111111111111,0,1,1,0
c20_32,32,c20,C,We can keep it lightweight with a Google Form and short tasks. This also gives us something concrete to show in the proposal and final report.,2026-02-02T06:30:44,142,26,2,4.423076923076923,13.0,0,0,0,0.0,0,1,4,0,0,0.0,0,0,0.0,1,0.038461538461538464,0,2,0,0
c20_33,33,c20,F,"Appreciate it, i agree. We should randomize which conversation they see to avoid learning effects.",2026-02-02T06:31:37,98,15,2,5.4,7.5,0,0,0,0.0,0,1,2,0,0,0.0,1,1,0.06666666666666667,1,0.06666666666666667,0,2,1,0
c20_34,34,c20,F,"Appreciate it, readers may think the most-retrieved speaker is the leader, even if they weren’t.",2026-02-02T06:33:26,96,17,1,4.529411764705882,17.0,0,0,0,0.0,0,1,1,0,0,0.0,1,0,0.0,1,0.058823529411764705,0,0,0,0
c20_35,35,c20,D,I'm not fully convinced yet.,2026-02-02T06:35:04,28,6,1,3.6666666666666665,6.0,0,0,0,0.0,0,1,1,0,0,0.0,0,0,0.0,0,0.0,0,1,0,0
c20_36,36,c20,G,"Honestly, we should compute style metrics: verbosity, hedging rate, assertiveness rate.",2026-02-02T06:36:36,87,11,1,6.545454545454546,11.0,0,0,0,0.0,0,1,1,0,0,0.0,0,1,0.09090909090909091,1,0.09090909090909091,0,1,1,0
c20_37,37,c20,D,We should track agreement across participants to see if the effect is consistent.,2026-02-02T06:38:10,81,13,1,5.230769230769231,13.0,0,0,0,0.0,0,1,1,0,0,0.0,0,1,0.07692307692307693,1,0.07692307692307693,0,1,1,1
c20_38,38,c20,B,"Kind of, i suspect verbose speakers will be retrieved more often just because they contain more keywords.",2026-02-02T06:38:50,105,17,1,5.117647058823529,17.0,0,0,0,0.0,0,1,1,0,1,0.058823529411764705,0,0,0.0,1,0.058823529411764705,0,1,-1,0
c20_39,39,c20,D,"For the user study, we can ask who seems most knowledgeable or influential.",2026-02-02T06:40:14,75,13,1,4.6923076923076925,13.0,0,0,0,0.0,0,1,1,0,1,0.07692307692307693,0,0,0.0,1,0.07692307692307693,0,1,-1,1
c20_40,40,c20,G,"Readers may think the most-retrieved speaker is the leader, even if they weren’t.",2026-02-02T06:40:42,81,15,1,4.333333333333333,15.0,0,0,0,0.0,0,1,1,0,0,0.0,0,0,0.0,1,0.06666666666666667,0,0,0,0
c20_41,41,c20,D,We can show participants a short system-generated summary and ask perception questions.,2026-02-02T06:42:14,87,13,1,5.6923076923076925,13.0,0,0,0,0.0,0,1,1,0,0,0.0,0,0,0.0,1,0.07692307692307693,0,1,0,1
c20_42,42,c20,C,"We should track agreement across participants to see if the effect is consistent. It might feel like extra work now, but it saves time during analysis.",2026-02-02T06:43:17,151,26,2,4.730769230769231,13.0,0,0,0,0.0,0,1,2,0,1,0.038461538461538464,0,1,0.038461538461538464,2,0.07692307692307693,0,1,0,1
c20_43,43,c20,G,"Definitely, if retrieval is skewed, summaries may systematically misrepresent the group.",2026-02-02T06:43:49,88,11,1,6.818181818181818,11.0,0,0,0,0.0,0,1,1,0,0,0.0,0,1,0.09090909090909091,1,0.09090909090909091,0,0,1,0
c20_44,44,c20,F,"Appreciate it, for sure, for the user study, we can ask who seems most knowledgeable or influential.",2026-02-02T06:44:38,100,17,1,4.705882352941177,17.0,0,0,0,0.0,0,1,1,0,1,0.058823529411764705,1,0,0.0,1,0.058823529411764705,0,1,-1,1
c20_45,45,c20,G,"Readers may think the most-retrieved speaker is the leader, even if they weren’t.",2026-02-02T06:45:25,81,15,1,4.333333333333333,15.0,0,0,0,0.0,0,1,1,0,0,0.0,0,0,0.0,1,0.06666666666666667,0,0,0,0
c20_46,46,c20,B,"Possibly, we should collect demographics lightly, if allowed, but keep it minimal.",2026-02-02T06:46:12,82,12,1,5.583333333333333,12.0,0,0,0,0.0,0,1,1,0,1,0.08333333333333333,0,1,0.08333333333333333,1,0.08333333333333333,0,1,0,1
c20_47,47,c20,F,"If you don't mind, we can compute retrieval share per speaker and compare it to participation share.",2026-02-02T06:46:43,100,18,1,4.5,18.0,0,0,0,0.0,0,1,1,0,0,0.0,0,0,0.0,1,0.05555555555555555,0,1,0,0
c20_48,48,c20,G,"I agree. For the user study, we can ask who seems most knowledgeable or influential.",2026-02-02T06:48:15,84,15,2,4.466666666666667,7.5,0,0,0,0.0,0,1,2,0,1,0.06666666666666667,0,0,0.0,1,0.06666666666666667,0,2,-1,0
c20_49,49,c20,G,We can keep it lightweight with a Google Form and short tasks.,2026-02-02T06:49:15,62,12,1,4.166666666666667,12.0,0,0,0,0.0,0,1,3,0,0,0.0,0,0,0.0,1,0.08333333333333333,0,1,0,0
c20_50,50,c20,G,"If retrieval is skewed, summaries may systematically misrepresent the group.",2026-02-02T06:50:53,76,10,1,6.5,10.0,0,0,0,0.0,0,1,1,0,0,0.0,0,0,0.0,1,0.1,0,0,0,0
c20_51,51,c20,G,I agree. We can compute retrieval share per speaker and compare it to participation share.,2026-02-02T06:52:33,90,15,2,4.933333333333334,7.5,0,0,0,0.0,0,1,2,0,0,0.0,0,0,0.0,1,0.06666666666666667,0,2,0,0
c20_52,52,c20,C,We should randomize which conversation they see to avoid learning effects. That way we can separate system behavior from human perception effects.,2026-02-02T06:54:02,146,22,2,5.590909090909091,11.0,0,0,0,0.0,0,1,2,0,0,0.0,0,1,0.045454545454545456,2,0.09090909090909091,0,2,1,1
c20_53,53,c20,B,"I think, hedging language might be retrieved less because it sounds less decisive.",2026-02-02T06:55:02,82,13,1,5.230769230769231,13.0,0,0,0,0.0,0,1,1,0,2,0.15384615384615385,0,0,0.0,1,0.07692307692307693,0,1,-2,0
c20_54,54,c20,B,"I think, we should compute style metrics: verbosity, hedging rate, assertiveness rate.",2026-02-02T06:56:52,86,12,1,5.833333333333333,12.0,0,0,0,0.0,0,1,1,0,1,0.08333333333333333,0,1,0.08333333333333333,1,0.08333333333333333,0,2,0,0
c20_55,55,c20,D,"Readers may think the most-retrieved speaker is the leader, even if they weren’t.",2026-02-02T06:57:39,81,15,1,4.333333333333333,15.0,0,0,0,0.0,0,1,1,0,0,0.0,0,0,0.0,1,0.06666666666666667,0,0,0,0
c20_56,56,c20,C,"I suspect verbose speakers will be retrieved more often just because they contain more keywords. If we write this down as a checklist, we can avoid back-and-forth later.",2026-02-02T06:59:29,169,30,2,4.566666666666666,15.0,0,0,0,0.0,0,1,2,0,0,0.0,0,0,0.0,2,0.06666666666666667,0,3,0,0
c21_1,1,c21,D,Team: let's discuss study design discussion and get aligned before we split tasks.,2026-02-02T07:00:00,82,14,1,4.785714285714286,14.0,0,0,0,0.0,0,1,1,0,0,0.0,0,0,0.0,0,0.0,1,1,0,1
c21_2,2,c21,C,"We should track agreement across participants to see if the effect is consistent. It might feel like extra work now, but it saves time during analysis.",2026-02-02T07:01:26,151,26,2,4.730769230769231,13.0,0,0,0,0.0,0,1,2,0,1,0.038461538461538464,0,1,0.038461538461538464,2,0.07692307692307693,0,1,0,0
c21_3,3,c21,D,"In my view, readers may think the most-retrieved speaker is the leader, even if they weren’t.",2026-02-02T07:03:06,93,18,1,4.055555555555555,18.0,0,0,0,0.0,0,1,1,0,0,0.0,0,0,0.0,1,0.05555555555555555,0,1,0,0
c21_4,4,c21,A,I recommend we can keep it lightweight with a Google Form and short tasks.,2026-02-02T07:04:49,74,14,1,4.285714285714286,14.0,0,0,0,0.0,0,1,3,0,0,0.0,0,1,0.07142857142857142,1,0.07142857142857142,0,2,1,1
c21_5,5,c21,F,"Thanks, honestly, readers may think the most-retrieved speaker is the leader, even if they weren’t.",2026-02-02T07:06:23,99,17,1,4.647058823529412,17.0,0,0,0,0.0,0,1,1,0,0,0.0,1,0,0.0,1,0.058823529411764705,0,0,0,0
c21_6,6,c21,E,"Before we move on: For the user study, we can ask who seems most knowledgeable or influential?",2026-02-02T07:07:20,94,17,1,4.411764705882353,17.0,1,0,1,1.0,1,0,2,0,1,0.058823529411764705,0,0,0.0,1,0.058823529411764705,1,2,-1,0
c21_7,7,c21,C,Hedging language might be retrieved less because it sounds less decisive. We can validate it quickly with a small pilot before we scale it up.,2026-02-02T07:08:58,142,25,2,4.64,12.5,0,0,0,0.0,0,1,2,0,1,0.04,0,0,0.0,2,0.08,0,2,-1,0
c21_8,8,c21,E,"Just to check: In my view, for the user study, we can ask who seems most knowledgeable or influential?",2026-02-02T07:09:36,102,19,1,4.2105263157894735,19.0,1,0,1,1.0,1,0,2,0,1,0.05263157894736842,0,0,0.0,1,0.05263157894736842,1,2,-1,0
c21_9,9,c21,D,"We should collect demographics lightly, if allowed, but keep it minimal.",2026-02-02T07:10:22,72,11,1,5.363636363636363,11.0,0,0,0,0.0,0,1,1,0,0,0.0,0,1,0.09090909090909091,1,0.09090909090909091,0,1,1,1
c21_10,10,c21,C,"I'm not fully convinced yet. We should randomize which conversation they see to avoid learning effects. If we write this down as a checklist, we can avoid back-and-forth later.",2026-02-02T07:10:46,176,32,3,4.40625,10.666666666666666,0,0,0,0.0,0,1,3,0,0,0.0,0,1,0.03125,2,0.0625,0,4,1,1
c21_11,11,c21,E,"Just to check: Readers may think the most-retrieved speaker is the leader, even if they weren’t?",2026-02-02T07:11:12,96,18,1,4.222222222222222,18.0,1,0,1,1.0,1,0,2,0,0,0.0,0,0,0.0,1,0.05555555555555555,1,0,0,0
c21_12,12,c21,F,"Thanks, we can compute retrieval share per speaker and compare it to participation share.",2026-02-02T07:12:01,89,14,1,5.285714285714286,14.0,0,0,0,0.0,0,1,1,0,0,0.0,1,0,0.0,1,0.07142857142857142,0,1,0,0
c21_13,13,c21,C,"I agree. We should randomize which conversation they see to avoid learning effects. It might feel like extra work now, but it saves time during analysis.",2026-02-02T07:13:46,153,26,3,4.769230769230769,8.666666666666666,0,0,0,0.0,0,1,3,0,1,0.038461538461538464,0,1,0.038461538461538464,2,0.07692307692307693,0,2,0,0
c21_14,14,c21,E,"Before we move on: For the user study, we can ask who seems most knowledgeable or influential?",2026-02-02T07:15:04,94,17,1,4.411764705882353,17.0,1,0,1,1.0,1,0,2,0,1,0.058823529411764705,0,0,0.0,1,0.058823529411764705,1,2,-1,0
c21_15,15,c21,C,We can compute retrieval share per speaker and compare it to participation share. We can validate it quickly with a small pilot before we scale it up.,2026-02-02T07:15:33,150,27,2,4.518518518518518,13.5,0,0,0,0.0,0,1,2,0,0,0.0,0,0,0.0,2,0.07407407407407407,0,3,0,0
c21_16,16,c21,C,"I agree. We can keep it lightweight with a Google Form and short tasks. It might feel like extra work now, but it saves time during analysis.",2026-02-02T07:16:21,141,27,3,4.111111111111111,9.0,0,0,0,0.0,0,1,5,0,1,0.037037037037037035,0,0,0.0,2,0.07407407407407407,0,2,-1,0
c21_17,17,c21,C,"I'm not fully convinced yet. We should track agreement across participants to see if the effect is consistent. If we write this down as a checklist, we can avoid back-and-forth later.",2026-02-02T07:17:09,183,34,3,4.294117647058823,11.333333333333334,0,0,0,0.0,0,1,3,0,0,0.0,0,1,0.029411764705882353,2,0.058823529411764705,0,4,1,1
c21_18,18,c21,D,"We should compute style metrics: verbosity, hedging rate, assertiveness rate.",2026-02-02T07:18:46,77,10,1,6.4,10.0,0,0,0,0.0,0,1,1,0,0,0.0,0,1,0.1,1,0.1,0,1,1,0
c21_19,19,c21,D,I suspect verbose speakers will be retrieved more often just because they contain more keywords.,2026-02-02T07:19:32,96,15,1,5.4,15.0,0,0,0,0.0,0,1,1,0,0,0.0,0,0,0.0,1,0.06666666666666667,0,1,0,0
c21_20,20,c21,A,I recommend we should track agreement across participants to see if the effect is consistent.,2026-02-02T07:21:10,93,15,1,5.2,15.0,0,0,0,0.0,0,1,1,0,0,0.0,0,2,0.13333333333333333,1,0.06666666666666667,0,2,2,1
c21_21,21,c21,C,"We can keep it lightweight with a Google Form and short tasks. If we write this down as a checklist, we can avoid back-and-forth later.",2026-02-02T07:22:24,135,27,2,3.925925925925926,13.5,0,0,0,0.0,0,1,4,0,0,0.0,0,0,0.0,2,0.07407407407407407,0,3,0,1
c21_22,22,c21,A,The best option is hedging language might be retrieved less because it sounds less decisive.,2026-02-02T07:22:50,92,15,1,5.133333333333334,15.0,0,0,0,0.0,0,1,1,0,1,0.06666666666666667,0,1,0.06666666666666667,1,0.06666666666666667,0,0,0,1
c21_23,23,c21,A,I recommend we can keep it lightweight with a Google Form and short tasks.,2026-02-02T07:23:17,74,14,1,4.285714285714286,14.0,0,0,0,0.0,0,1,3,0,0,0.0,0,1,0.07142857142857142,1,0.07142857142857142,0,2,1,1
c21_24,24,c21,D,I suspect verbose speakers will be retrieved more often just because they contain more keywords.,2026-02-02T07:24:08,96,15,1,5.4,15.0,0,0,0,0.0,0,1,1,0,0,0.0,0,0,0.0,1,0.06666666666666667,0,1,0,0
c21_25,25,c21,E,Before we move on: I suspect verbose speakers will be retrieved more often just because they contain more keywords?,2026-02-02T07:24:46,115,19,1,5.0,19.0,1,0,1,1.0,1,0,2,0,0,0.0,0,0,0.0,1,0.05263157894736842,1,2,0,0
c21_26,26,c21,C,We can show participants a short system-generated summary and ask perception questions. That way we can separate system behavior from human perception effects.,2026-02-02T07:26:06,159,24,2,5.583333333333333,12.0,0,0,0,0.0,0,1,2,0,0,0.0,0,0,0.0,2,0.08333333333333333,0,2,0,0
c21_27,27,c21,A,Let's we can compute retrieval share per speaker and compare it to participation share.,2026-02-02T07:26:40,87,15,1,4.8,15.0,0,0,0,0.0,0,1,1,0,0,0.0,0,0,0.0,1,0.06666666666666667,1,1,0,0
c21_28,28,c21,C,"I'm not fully convinced yet. If retrieval is skewed, summaries may systematically misrepresent the group. We can validate it quickly with a small pilot before we scale it up.",2026-02-02T07:28:08,174,30,3,4.7,10.0,0,0,0,0.0,0,1,3,0,0,0.0,0,0,0.0,2,0.06666666666666667,0,3,0,0
c21_29,29,c21,E,Quick question: We can show participants a short system-generated summary and ask perception questions?,2026-02-02T07:29:29,103,15,1,5.8,15.0,1,0,1,1.0,1,0,2,0,0,0.0,0,0,0.0,1,0.06666666666666667,1,1,0,0
c21_30,30,c21,C,"We should track agreement across participants to see if the effect is consistent. It might feel like extra work now, but it saves time during analysis.",2026-02-02T07:30:33,151,26,2,4.730769230769231,13.0,0,0,0,0.0,0,1,2,0,1,0.038461538461538464,0,1,0.038461538461538464,2,0.07692307692307693,0,1,0,0
c21_31,31,c21,E,"Small question: I agree. For the user study, we can ask who seems most knowledgeable or influential?",2026-02-02T07:32:21,100,17,2,4.705882352941177,8.5,1,0,1,0.5,1,0,3,0,1,0.058823529411764705,0,0,0.0,1,0.058823529411764705,1,2,-1,0
c21_32,32,c21,C,"For the user study, we can ask who seems most knowledgeable or influential. This also gives us something concrete to show in the proposal and final report.",2026-02-02T07:33:37,155,27,2,4.666666666666667,13.5,0,0,0,0.0,0,1,2,0,1,0.037037037037037035,0,0,0.0,1,0.037037037037037035,0,2,-1,1
c21_33,33,c21,E,Can we clarify: We should randomize which conversation they see to avoid learning effects?,2026-02-02T07:34:09,90,14,1,5.357142857142857,14.0,1,0,1,1.0,1,0,2,0,0,0.0,0,1,0.07142857142857142,2,0.14285714285714285,1,2,1,1
c21_34,34,c21,D,I agree.,2026-02-02T07:35:29,8,2,1,3.0,2.0,0,0,0,0.0,0,1,1,0,0,0.0,0,0,0.0,0,0.0,0,1,0,0
c21_35,35,c21,C,"I agree. If retrieval is skewed, summaries may systematically misrepresent the group. We can validate it quickly with a small pilot before we scale it up.",2026-02-02T07:35:52,154,26,3,4.8076923076923075,8.666666666666666,0,0,0,0.0,0,1,3,0,0,0.0,0,0,0.0,2,0.07692307692307693,0,3,0,0
c21_36,36,c21,C,"We should randomize which conversation they see to avoid learning effects. If we write this down as a checklist, we can avoid back-and-forth later.",2026-02-02T07:36:31,147,26,2,4.576923076923077,13.0,0,0,0,0.0,0,1,2,0,0,0.0,0,1,0.038461538461538464,2,0.07692307692307693,0,3,1,1
c21_37,37,c21,F,"We should compute style metrics: verbosity, hedging rate, assertiveness rate. appreciate it.",2026-02-02T07:37:07,92,12,2,6.333333333333333,6.0,0,0,0,0.0,0,1,1,0,0,0.0,1,1,0.08333333333333333,1,0.08333333333333333,0,1,1,0
c21_38,38,c21,C,"We should collect demographics lightly, if allowed, but keep it minimal. This also gives us something concrete to show in the proposal and final report.",2026-02-02T07:37:40,152,25,2,4.96,12.5,0,0,0,0.0,0,1,2,0,0,0.0,0,1,0.04,1,0.04,0,2,1,1
c21_39,39,c21,A,"Let's definitely, for the user study, we can ask who seems most knowledgeable or influential.",2026-02-02T07:38:17,93,16,1,4.6875,16.0,0,0,0,0.0,0,1,1,0,1,0.0625,0,1,0.0625,1,0.0625,1,1,0,0
c21_40,40,c21,A,"We need to honestly, i'm not fully convinced yet. Readers may think the most-retrieved speaker is the leader, even if they weren’t.",2026-02-02T07:39:21,131,25,2,4.12,12.5,0,0,0,0.0,0,1,2,0,0,0.0,0,0,0.0,1,0.04,0,2,0,0
c21_41,41,c21,E,Just to check: We can show participants a short system-generated summary and ask perception questions?,2026-02-02T07:39:47,102,16,1,5.3125,16.0,1,0,1,1.0,1,0,2,0,0,0.0,0,0,0.0,1,0.0625,1,1,0,0
c21_42,42,c21,F,"Would you be able to, readers may think the most-retrieved speaker is the leader, even if they weren’t.",2026-02-02T07:40:36,103,20,1,4.05,20.0,0,0,1,1.0,1,0,1,0,0,0.0,0,0,0.0,2,0.1,0,0,0,0
c21_43,43,c21,C,"Honestly, we should randomize which conversation they see to avoid learning effects. It might feel like extra work now, but it saves time during analysis.",2026-02-02T07:41:02,154,25,2,5.04,12.5,0,0,0,0.0,0,1,2,0,1,0.04,0,1,0.04,2,0.08,0,1,0,0
c21_44,44,c21,C,"We should compute style metrics: verbosity, hedging rate, assertiveness rate. If we write this down as a checklist, we can avoid back-and-forth later.",2026-02-02T07:41:50,150,25,2,4.8,12.5,0,0,0,0.0,0,1,2,0,0,0.0,0,1,0.04,2,0.08,0,3,1,0
c21_45,45,c21,E,"Quick question: For the user study, we can ask who seems most knowledgeable or influential?",2026-02-02T07:43:23,91,15,1,4.933333333333334,15.0,1,0,1,1.0,1,0,2,0,1,0.06666666666666667,0,0,0.0,1,0.06666666666666667,1,1,-1,0
c21_46,46,c21,E,Just to check: I suspect verbose speakers will be retrieved more often just because they contain more keywords?,2026-02-02T07:44:40,111,18,1,5.111111111111111,18.0,1,0,1,1.0,1,0,2,0,0,0.0,0,0,0.0,1,0.05555555555555555,1,1,0,0
c21_47,47,c21,C,"We should collect demographics lightly, if allowed, but keep it minimal. We can validate it quickly with a small pilot before we scale it up.",2026-02-02T07:45:48,141,25,2,4.52,12.5,0,0,0,0.0,0,1,2,0,0,0.0,0,1,0.04,2,0.08,0,3,1,1
c21_48,48,c21,F,We should track agreement across participants to see if the effect is consistent. thanks.,2026-02-02T07:46:23,89,14,2,5.285714285714286,7.0,0,0,0,0.0,0,1,1,0,0,0.0,1,1,0.07142857142857142,1,0.07142857142857142,0,1,1,1
c21_49,49,c21,C,"For the user study, we can ask who seems most knowledgeable or influential. That way we can separate system behavior from human perception effects.",2026-02-02T07:47:42,147,24,2,5.041666666666667,12.0,0,0,0,0.0,0,1,2,0,1,0.041666666666666664,0,0,0.0,2,0.08333333333333333,0,2,-1,1
c21_50,50,c21,A,I recommend we should track agreement across participants to see if the effect is consistent.,2026-02-02T07:48:57,93,15,1,5.2,15.0,0,0,0,0.0,0,1,1,0,0,0.0,0,2,0.13333333333333333,1,0.06666666666666667,0,2,2,1
c21_51,51,c21,A,"We need to i agree. For the user study, we can ask who seems most knowledgeable or influential.",2026-02-02T07:50:16,95,18,2,4.166666666666667,9.0,0,0,0,0.0,0,1,2,0,1,0.05555555555555555,0,0,0.0,1,0.05555555555555555,0,3,-1,1
c21_52,52,c21,A,"We should readers may think the most-retrieved speaker is the leader, even if they weren’t.",2026-02-02T07:51:28,91,17,1,4.294117647058823,17.0,0,0,0,0.0,0,1,1,0,0,0.0,0,1,0.058823529411764705,2,0.11764705882352941,0,1,1,0
c21_53,53,c21,F,"If retrieval is skewed, summaries may systematically misrepresent the group. could we.",2026-02-02T07:53:01,86,12,2,6.0,6.0,0,0,1,0.5,1,0,1,0,1,0.08333333333333333,0,0,0.0,2,0.16666666666666666,0,1,-1,0
c21_54,54,c21,D,I'm not fully convinced yet.,2026-02-02T07:53:40,28,6,1,3.6666666666666665,6.0,0,0,0,0.0,0,1,1,0,0,0.0,0,0,0.0,0,0.0,0,1,0,0
c21_55,55,c21,E,"Small question: I'm not fully convinced yet. We should compute style metrics: verbosity, hedging rate, assertiveness rate?",2026-02-02T07:54:38,122,18,2,5.5,9.0,1,0,1,0.5,1,0,3,0,0,0.0,0,1,0.05555555555555555,1,0.05555555555555555,1,2,1,0
c21_56,56,c21,E,"Just to check: Honestly, we can show participants a short system-generated summary and ask perception questions?",2026-02-02T07:55:26,112,17,1,5.470588235294118,17.0,1,0,1,1.0,1,0,2,0,0,0.0,0,0,0.0,1,0.058823529411764705,1,1,0,0
c21_57,57,c21,F,"Please, if retrieval is skewed, summaries may systematically misrepresent the group.",2026-02-02T07:56:36,84,11,1,6.454545454545454,11.0,0,0,0,0.0,0,1,1,0,0,0.0,1,0,0.0,1,0.09090909090909091,0,0,0,0
c21_58,58,c21,E,Quick question: We can keep it lightweight with a Google Form and short tasks?,2026-02-02T07:57:56,78,14,1,4.5,14.0,1,0,1,1.0,1,0,4,0,0,0.0,0,0,0.0,1,0.07142857142857142,1,1,0,0
c21_59,59,c21,F,I suspect verbose speakers will be retrieved more often just because they contain more keywords. please.,2026-02-02T07:58:53,104,16,2,5.4375,8.0,0,0,0,0.0,0,1,1,0,0,0.0,1,0,0.0,1,0.0625,0,1,0,0
c21_60,60,c21,C,"If retrieval is skewed, summaries may systematically misrepresent the group. It might feel like extra work now, but it saves time during analysis.",2026-02-02T08:00:31,146,23,2,5.217391304347826,11.5,0,0,0,0.0,0,1,2,0,1,0.043478260869565216,0,0,0.0,2,0.08695652173913043,0,0,-1,0
c21_61,61,c21,F,We can compute retrieval share per speaker and compare it to participation share. could we.,2026-02-02T08:01:38,91,15,2,5.0,7.5,0,0,1,0.5,1,0,1,0,1,0.06666666666666667,0,0,0.0,2,0.13333333333333333,0,2,-1,0
c21_62,62,c21,F,"Please, hedging language might be retrieved less because it sounds less decisive.",2026-02-02T08:03:19,81,12,1,5.666666666666667,12.0,0,0,0,0.0,0,1,1,0,1,0.08333333333333333,1,0,0.0,1,0.08333333333333333,0,0,-1,0
c21_63,63,c21,E,"Quick question: Definitely, we should collect demographics lightly, if allowed, but keep it minimal?",2026-02-02T08:03:59,100,14,1,5.857142857142857,14.0,1,0,1,1.0,1,0,2,0,0,0.0,0,2,0.14285714285714285,1,0.07142857142857142,1,1,2,1
c21_64,64,c21,A,"I recommend i agree. If retrieval is skewed, summaries may systematically misrepresent the group.",2026-02-02T08:04:44,97,14,2,5.785714285714286,7.0,0,0,0,0.0,0,1,2,0,0,0.0,0,1,0.07142857142857142,1,0.07142857142857142,0,2,1,0
c22_1,1,c22,E,Team: let's discuss study design discussion and get aligned before we split tasks.,2026-02-02T08:00:00,82,14,1,4.785714285714286,14.0,0,0,0,0.0,0,1,1,0,0,0.0,0,0,0.0,0,0.0,1,1,0,1
c22_2,2,c22,F,"Please, we should randomize which conversation they see to avoid learning effects.",2026-02-02T08:00:31,82,12,1,5.75,12.0,0,0,0,0.0,0,1,1,0,0,0.0,1,1,0.08333333333333333,1,0.08333333333333333,0,1,1,1
c22_3,3,c22,F,"For the user study, we can ask who seems most knowledgeable or influential. appreciate it.",2026-02-02T08:01:38,90,15,2,4.866666666666666,7.5,0,0,0,0.0,0,1,1,0,1,0.06666666666666667,1,0,0.0,1,0.06666666666666667,0,1,-1,0
c22_4,4,c22,E,Quick question: We can keep it lightweight with a Google Form and short tasks?,2026-02-02T08:02:29,78,14,1,4.5,14.0,1,0,1,1.0,1,0,4,0,0,0.0,0,0,0.0,1,0.07142857142857142,1,1,0,0
c22_5,5,c22,C,We should track agreement across participants to see if the effect is consistent. This also gives us something concrete to show in the proposal and final report.,2026-02-02T08:03:28,161,27,2,4.925925925925926,13.5,0,0,0,0.0,0,1,2,0,0,0.0,0,1,0.037037037037037035,1,0.037037037037037035,0,2,1,1
c22_6,6,c22,E,Small question: Hedging language might be retrieved less because it sounds less decisive?,2026-02-02T08:04:03,89,13,1,5.769230769230769,13.0,1,0,1,1.0,1,0,2,0,1,0.07692307692307693,0,0,0.0,1,0.07692307692307693,1,0,-1,0
c22_7,7,c22,D,"For the user study, we can ask who seems most knowledgeable or influential.",2026-02-02T08:05:20,75,13,1,4.6923076923076925,13.0,0,0,0,0.0,0,1,1,0,1,0.07692307692307693,0,0,0.0,1,0.07692307692307693,0,1,-1,1
c22_8,8,c22,E,Before we move on: We should randomize which conversation they see to avoid learning effects?,2026-02-02T08:06:06,93,15,1,5.133333333333334,15.0,1,0,1,1.0,1,0,2,0,0,0.0,0,1,0.06666666666666667,1,0.06666666666666667,1,2,1,0
c22_9,9,c22,G,"If retrieval is skewed, summaries may systematically misrepresent the group.",2026-02-02T08:07:25,76,10,1,6.5,10.0,0,0,0,0.0,0,1,1,0,0,0.0,0,0,0.0,1,0.1,0,0,0,0
c22_10,10,c22,E,"Before we move on: For the user study, we can ask who seems most knowledgeable or influential?",2026-02-02T08:08:58,94,17,1,4.411764705882353,17.0,1,0,1,1.0,1,0,2,0,1,0.058823529411764705,0,0,0.0,1,0.058823529411764705,1,2,-1,0
c22_11,11,c22,C,"We can compute retrieval share per speaker and compare it to participation share. If we write this down as a checklist, we can avoid back-and-forth later.",2026-02-02T08:10:01,154,28,2,4.428571428571429,14.0,0,0,0,0.0,0,1,2,0,0,0.0,0,0,0.0,2,0.07142857142857142,0,3,0,0
c22_12,12,c22,C,Hedging language might be retrieved less because it sounds less decisive. This also gives us something concrete to show in the proposal and final report.,2026-02-02T08:10:46,153,25,2,5.08,12.5,0,0,0,0.0,0,1,2,0,1,0.04,0,0,0.0,1,0.04,0,1,-1,0
c22_13,13,c22,E,"Quick question: For the user study, we can ask who seems most knowledgeable or influential?",2026-02-02T08:12:22,91,15,1,4.933333333333334,15.0,1,0,1,1.0,1,0,2,0,1,0.06666666666666667,0,0,0.0,1,0.06666666666666667,1,1,-1,0
c22_14,14,c22,G,We can show participants a short system-generated summary and ask perception questions.,2026-02-02T08:13:22,87,13,1,5.6923076923076925,13.0,0,0,0,0.0,0,1,1,0,0,0.0,0,0,0.0,1,0.07692307692307693,0,1,0,1
c22_15,15,c22,C,"We can show participants a short system-generated summary and ask perception questions. If we write this down as a checklist, we can avoid back-and-forth later.",2026-02-02T08:14:03,160,28,2,4.642857142857143,14.0,0,0,0,0.0,0,1,2,0,0,0.0,0,0,0.0,2,0.07142857142857142,0,3,0,1
c22_16,16,c22,C,We can show participants a short system-generated summary and ask perception questions. That way we can separate system behavior from human perception effects.,2026-02-02T08:14:39,159,24,2,5.583333333333333,12.0,0,0,0,0.0,0,1,2,0,0,0.0,0,0,0.0,2,0.08333333333333333,0,2,0,0
c22_17,17,c22,G,"If retrieval is skewed, summaries may systematically misrepresent the group.",2026-02-02T08:14:59,76,10,1,6.5,10.0,0,0,0,0.0,0,1,1,0,0,0.0,0,0,0.0,1,0.1,0,0,0,0
c22_18,18,c22,G,We can show participants a short system-generated summary and ask perception questions.,2026-02-02T08:15:26,87,13,1,5.6923076923076925,13.0,0,0,0,0.0,0,1,1,0,0,0.0,0,0,0.0,1,0.07692307692307693,0,1,0,1
c22_19,19,c22,E,"Just to check: We should compute style metrics: verbosity, hedging rate, assertiveness rate?",2026-02-02T08:16:58,92,13,1,5.769230769230769,13.0,1,0,1,1.0,1,0,2,0,0,0.0,0,1,0.07692307692307693,1,0.07692307692307693,1,1,1,0
c22_20,20,c22,G,"We should collect demographics lightly, if allowed, but keep it minimal.",2026-02-02T08:17:31,72,11,1,5.363636363636363,11.0,0,0,0,0.0,0,1,1,0,0,0.0,0,1,0.09090909090909091,1,0.09090909090909091,0,1,1,1
c22_21,21,c22,D,We can keep it lightweight with a Google Form and short tasks.,2026-02-02T08:19:12,62,12,1,4.166666666666667,12.0,0,0,0,0.0,0,1,3,0,0,0.0,0,0,0.0,1,0.08333333333333333,0,1,0,0
c22_22,22,c22,G,"If retrieval is skewed, summaries may systematically misrepresent the group.",2026-02-02T08:19:48,76,10,1,6.5,10.0,0,0,0,0.0,0,1,1,0,0,0.0,0,0,0.0,1,0.1,0,0,0,0
c22_23,23,c22,G,I agree. We can show participants a short system-generated summary and ask perception questions.,2026-02-02T08:21:34,96,15,2,5.333333333333333,7.5,0,0,0,0.0,0,1,2,0,0,0.0,0,0,0.0,1,0.06666666666666667,0,2,0,0
c22_24,24,c22,E,Small question: I agree. I suspect verbose speakers will be retrieved more often just because they contain more keywords?,2026-02-02T08:23:16,121,19,2,5.2631578947368425,9.5,1,0,1,0.5,1,0,3,0,0,0.0,0,0,0.0,1,0.05263157894736842,1,2,0,0
c22_25,25,c22,F,"Could we, we should randomize which conversation they see to avoid learning effects.",2026-02-02T08:23:43,84,13,1,5.384615384615385,13.0,0,0,1,1.0,1,0,1,0,1,0.07692307692307693,0,1,0.07692307692307693,2,0.15384615384615385,0,2,0,0
c22_26,26,c22,F,I agree. Hedging language might be retrieved less because it sounds less decisive. please.,2026-02-02T08:25:25,90,14,3,5.285714285714286,4.666666666666667,0,0,0,0.0,0,1,2,0,1,0.07142857142857142,1,0,0.0,1,0.07142857142857142,0,1,-1,0
c22_27,27,c22,C,I suspect verbose speakers will be retrieved more often just because they contain more keywords. This also gives us something concrete to show in the proposal and final report.,2026-02-02T08:26:24,176,29,2,5.0344827586206895,14.5,0,0,0,0.0,0,1,2,0,0,0.0,0,0,0.0,1,0.034482758620689655,0,2,0,0
c22_28,28,c22,C,"We should collect demographics lightly, if allowed, but keep it minimal. It might feel like extra work now, but it saves time during analysis.",2026-02-02T08:26:49,142,24,2,4.75,12.0,0,0,0,0.0,0,1,2,0,1,0.041666666666666664,0,1,0.041666666666666664,2,0.08333333333333333,0,1,0,1
c22_29,29,c22,G,"Definitely, we can show participants a short system-generated summary and ask perception questions.",2026-02-02T08:27:27,99,14,1,6.0,14.0,0,0,0,0.0,0,1,1,0,0,0.0,0,1,0.07142857142857142,1,0.07142857142857142,0,1,1,0
c22_30,30,c22,E,"Just to check: For sure, we can keep it lightweight with a Google Form and short tasks?",2026-02-02T08:28:59,87,17,1,4.0,17.0,1,0,1,1.0,1,0,4,0,0,0.0,0,0,0.0,1,0.058823529411764705,1,1,0,0
c22_31,31,c22,G,"If retrieval is skewed, summaries may systematically misrepresent the group.",2026-02-02T08:29:20,76,10,1,6.5,10.0,0,0,0,0.0,0,1,1,0,0,0.0,0,0,0.0,1,0.1,0,0,0,0
c22_32,32,c22,G,We can show participants a short system-generated summary and ask perception questions.,2026-02-02T08:31:09,87,13,1,5.6923076923076925,13.0,0,0,0,0.0,0,1,1,0,0,0.0,0,0,0.0,1,0.07692307692307693,0,1,0,1
c22_33,33,c22,E,Quick question: We can keep it lightweight with a Google Form and short tasks?,2026-02-02T08:32:33,78,14,1,4.5,14.0,1,0,1,1.0,1,0,4,0,0,0.0,0,0,0.0,1,0.07142857142857142,1,1,0,0
c22_34,34,c22,G,"We should compute style metrics: verbosity, hedging rate, assertiveness rate.",2026-02-02T08:34:05,77,10,1,6.4,10.0,0,0,0,0.0,0,1,1,0,0,0.0,0,1,0.1,1,0.1,0,1,1,0
c22_35,35,c22,C,We can compute retrieval share per speaker and compare it to participation share. That way we can separate system behavior from human perception effects.,2026-02-02T08:35:20,153,24,2,5.333333333333333,12.0,0,0,0,0.0,0,1,2,0,0,0.0,0,0,0.0,2,0.08333333333333333,0,2,0,0
c22_36,36,c22,E,"Small question: We should compute style metrics: verbosity, hedging rate, assertiveness rate?",2026-02-02T08:36:52,93,12,1,6.416666666666667,12.0,1,0,1,1.0,1,0,2,0,0,0.0,0,1,0.08333333333333333,1,0.08333333333333333,1,1,1,0
c22_37,37,c22,D,"For sure, for the user study, we can ask who seems most knowledgeable or influential.",2026-02-02T08:37:12,85,15,1,4.533333333333333,15.0,0,0,0,0.0,0,1,1,0,1,0.06666666666666667,0,0,0.0,1,0.06666666666666667,0,1,-1,0
c22_38,38,c22,C,Hedging language might be retrieved less because it sounds less decisive. That way we can separate system behavior from human perception effects.,2026-02-02T08:38:23,145,22,2,5.545454545454546,11.0,0,0,0,0.0,0,1,2,0,1,0.045454545454545456,0,0,0.0,2,0.09090909090909091,0,1,-1,0
c22_39,39,c22,D,Hedging language might be retrieved less because it sounds less decisive.,2026-02-02T08:39:02,73,11,1,5.636363636363637,11.0,0,0,0,0.0,0,1,1,0,1,0.09090909090909091,0,0,0.0,1,0.09090909090909091,0,0,-1,0
c22_40,40,c22,G,"I'm not fully convinced yet. For the user study, we can ask who seems most knowledgeable or influential.",2026-02-02T08:39:50,104,19,2,4.368421052631579,9.5,0,0,0,0.0,0,1,2,0,1,0.05263157894736842,0,0,0.0,1,0.05263157894736842,0,2,-1,1
c22_41,41,c22,G,"For the user study, we can ask who seems most knowledgeable or influential.",2026-02-02T08:41:23,75,13,1,4.6923076923076925,13.0,0,0,0,0.0,0,1,1,0,1,0.07692307692307693,0,0,0.0,1,0.07692307692307693,0,1,-1,1
c22_42,42,c22,D,Hedging language might be retrieved less because it sounds less decisive.,2026-02-02T08:42:02,73,11,1,5.636363636363637,11.0,0,0,0,0.0,0,1,1,0,1,0.09090909090909091,0,0,0.0,1,0.09090909090909091,0,0,-1,0
c22_43,43,c22,E,Just to check: I suspect verbose speakers will be retrieved more often just because they contain more keywords?,2026-02-02T08:42:52,111,18,1,5.111111111111111,18.0,1,0,1,1.0,1,0,2,0,0,0.0,0,0,0.0,1,0.05555555555555555,1,1,0,0
c22_44,44,c22,E,Can we clarify: We can compute retrieval share per speaker and compare it to participation share?,2026-02-02T08:44:29,97,16,1,5.0,16.0,1,0,1,1.0,1,0,2,0,0,0.0,0,0,0.0,2,0.125,1,2,0,0
c22_45,45,c22,E,"Can we clarify: We should compute style metrics: verbosity, hedging rate, assertiveness rate?",2026-02-02T08:45:35,93,13,1,5.846153846153846,13.0,1,0,1,1.0,1,0,2,0,0,0.0,0,1,0.07692307692307693,2,0.15384615384615385,1,2,1,0
c22_46,46,c22,E,"Just to check: If retrieval is skewed, summaries may systematically misrepresent the group?",2026-02-02T08:45:55,91,13,1,5.846153846153846,13.0,1,0,1,1.0,1,0,2,0,0,0.0,0,0,0.0,1,0.07692307692307693,1,0,0,0
c22_47,47,c22,F,"If you don't mind, for the user study, we can ask who seems most knowledgeable or influential.",2026-02-02T08:47:04,94,18,1,4.111111111111111,18.0,0,0,0,0.0,0,1,1,0,1,0.05555555555555555,0,0,0.0,1,0.05555555555555555,0,1,-1,0
c22_48,48,c22,D,We can keep it lightweight with a Google Form and short tasks.,2026-02-02T08:48:23,62,12,1,4.166666666666667,12.0,0,0,0,0.0,0,1,3,0,0,0.0,0,0,0.0,1,0.08333333333333333,0,1,0,0
c22_49,49,c22,C,"We should collect demographics lightly, if allowed, but keep it minimal. This also gives us something concrete to show in the proposal and final report.",2026-02-02T08:48:48,152,25,2,4.96,12.5,0,0,0,0.0,0,1,2,0,0,0.0,0,1,0.04,1,0.04,0,2,1,1
c22_50,50,c22,C,"We should randomize which conversation they see to avoid learning effects. It might feel like extra work now, but it saves time during analysis.",2026-02-02T08:49:24,144,24,2,4.916666666666667,12.0,0,0,0,0.0,0,1,2,0,1,0.041666666666666664,0,1,0.041666666666666664,2,0.08333333333333333,0,1,0,1
c22_51,51,c22,C,"Readers may think the most-retrieved speaker is the leader, even if they weren’t. We can validate it quickly with a small pilot before we scale it up.",2026-02-02T08:50:23,150,29,2,4.103448275862069,14.5,0,0,0,0.0,0,1,2,0,0,0.0,0,0,0.0,2,0.06896551724137931,0,2,0,0
c22_52,52,c22,C,"I'm not fully convinced yet. We can compute retrieval share per speaker and compare it to participation share. It might feel like extra work now, but it saves time during analysis.",2026-02-02T08:51:59,180,32,3,4.53125,10.666666666666666,0,0,0,0.0,0,1,3,0,1,0.03125,0,0,0.0,2,0.0625,0,2,-1,0
c22_53,53,c22,E,Just to check: We can compute retrieval share per speaker and compare it to participation share?,2026-02-02T08:52:23,96,16,1,4.9375,16.0,1,0,1,1.0,1,0,2,0,0,0.0,0,0,0.0,1,0.0625,1,1,0,0
c22_54,54,c22,F,"Please, for sure, if retrieval is skewed, summaries may systematically misrepresent the group.",2026-02-02T08:54:10,94,13,1,6.0,13.0,0,0,0,0.0,0,1,1,0,0,0.0,1,0,0.0,1,0.07692307692307693,0,0,0,0
c22_55,55,c22,C,"I'm not fully convinced yet. We should compute style metrics: verbosity, hedging rate, assertiveness rate. If we write this down as a checklist, we can avoid back-and-forth later.",2026-02-02T08:55:51,179,31,3,4.580645161290323,10.333333333333334,0,0,0,0.0,0,1,3,0,0,0.0,0,1,0.03225806451612903,2,0.06451612903225806,0,4,1,0
c22_56,56,c22,E,"Quick question: We should compute style metrics: verbosity, hedging rate, assertiveness rate?",2026-02-02T08:56:43,93,12,1,6.416666666666667,12.0,1,0,1,1.0,1,0,2,0,0,0.0,0,1,0.08333333333333333,1,0.08333333333333333,1,1,1,0
c22_57,57,c22,G,"We should compute style metrics: verbosity, hedging rate, assertiveness rate.",2026-02-02T08:58:18,77,10,1,6.4,10.0,0,0,0,0.0,0,1,1,0,0,0.0,0,1,0.1,1,0.1,0,1,1,0
c22_58,58,c22,G,"Definitely, i agree. I suspect verbose speakers will be retrieved more often just because they contain more keywords.",2026-02-02T08:59:13,117,18,2,5.388888888888889,9.0,0,0,0,0.0,0,1,2,0,0,0.0,0,1,0.05555555555555555,1,0.05555555555555555,0,2,1,0
c23_1,1,c23,B,Team: let's discuss study design discussion and get aligned before we split tasks.,2026-02-02T09:00:00,82,14,1,4.785714285714286,14.0,0,0,0,0.0,0,1,1,0,0,0.0,0,0,0.0,0,0.0,1,1,0,1
c23_2,2,c23,A,"Let's we should compute style metrics: verbosity, hedging rate, assertiveness rate.",2026-02-02T09:01:14,83,12,1,5.666666666666667,12.0,0,0,0,0.0,0,1,1,0,0,0.0,0,1,0.08333333333333333,1,0.08333333333333333,1,1,1,0
c23_3,3,c23,D,Hedging language might be retrieved less because it sounds less decisive.,2026-02-02T09:02:17,73,11,1,5.636363636363637,11.0,0,0,0,0.0,0,1,1,0,1,0.09090909090909091,0,0,0.0,1,0.09090909090909091,0,0,-1,0
c23_4,4,c23,D,"In my view, i suspect verbose speakers will be retrieved more often just because they contain more keywords.",2026-02-02T09:03:08,108,18,1,4.944444444444445,18.0,0,0,0,0.0,0,1,1,0,0,0.0,0,0,0.0,1,0.05555555555555555,0,2,0,0
c23_5,5,c23,A,We should we can keep it lightweight with a Google Form and short tasks.,2026-02-02T09:03:42,72,14,1,4.142857142857143,14.0,0,0,0,0.0,0,1,3,0,0,0.0,0,1,0.07142857142857142,2,0.14285714285714285,0,2,1,0
c23_6,6,c23,A,"We need to for sure, i'm not fully convinced yet. We should track agreement across participants to see if the effect is consistent.",2026-02-02T09:05:04,131,24,2,4.375,12.0,0,0,0,0.0,0,1,2,0,0,0.0,0,1,0.041666666666666664,1,0.041666666666666664,0,3,1,1
c23_7,7,c23,F,I agree. We can keep it lightweight with a Google Form and short tasks. could we.,2026-02-02T09:05:53,81,16,3,3.9375,5.333333333333333,0,0,1,0.3333333333333333,1,0,4,0,1,0.0625,0,0,0.0,2,0.125,0,3,-1,0
c23_8,8,c23,C,We should track agreement across participants to see if the effect is consistent. We can validate it quickly with a small pilot before we scale it up.,2026-02-02T09:07:16,150,27,2,4.518518518518518,13.5,0,0,0,0.0,0,1,2,0,0,0.0,0,1,0.037037037037037035,2,0.07407407407407407,0,3,1,1
c23_9,9,c23,C,I suspect verbose speakers will be retrieved more often just because they contain more keywords. We can validate it quickly with a small pilot before we scale it up.,2026-02-02T09:08:06,165,29,2,4.655172413793103,14.5,0,0,0,0.0,0,1,2,0,0,0.0,0,0,0.0,2,0.06896551724137931,0,3,0,0
c23_10,10,c23,F,"If you don't mind, if retrieval is skewed, summaries may systematically misrepresent the group.",2026-02-02T09:09:38,95,15,1,5.2,15.0,0,0,0,0.0,0,1,1,0,0,0.0,0,0,0.0,1,0.06666666666666667,0,0,0,0
c23_11,11,c23,B,"I think, i'm not fully convinced yet. We can compute retrieval share per speaker and compare it to participation share.",2026-02-02T09:10:04,119,21,2,4.571428571428571,10.5,0,0,0,0.0,0,1,2,0,1,0.047619047619047616,0,0,0.0,1,0.047619047619047616,0,3,-1,0
c23_12,12,c23,F,"Thanks, we should compute style metrics: verbosity, hedging rate, assertiveness rate.",2026-02-02T09:11:06,85,11,1,6.363636363636363,11.0,0,0,0,0.0,0,1,1,0,0,0.0,1,1,0.09090909090909091,1,0.09090909090909091,0,1,1,0
c23_13,13,c23,C,"I agree. We should compute style metrics: verbosity, hedging rate, assertiveness rate. It might feel like extra work now, but it saves time during analysis.",2026-02-02T09:11:38,156,25,3,5.0,8.333333333333334,0,0,0,0.0,0,1,3,0,1,0.04,0,1,0.04,2,0.08,0,2,0,0
c23_14,14,c23,C,"We can compute retrieval share per speaker and compare it to participation share. It might feel like extra work now, but it saves time during analysis.",2026-02-02T09:12:35,151,26,2,4.730769230769231,13.0,0,0,0,0.0,0,1,2,0,1,0.038461538461538464,0,0,0.0,2,0.07692307692307693,0,1,-1,0
c23_15,15,c23,C,"We should collect demographics lightly, if allowed, but keep it minimal. It might feel like extra work now, but it saves time during analysis.",2026-02-02T09:13:27,142,24,2,4.75,12.0,0,0,0,0.0,0,1,2,0,1,0.041666666666666664,0,1,0.041666666666666664,2,0.08333333333333333,0,1,0,1
c23_16,16,c23,B,"I feel like, we can keep it lightweight with a Google Form and short tasks.",2026-02-02T09:14:45,75,15,1,3.933333333333333,15.0,0,0,0,0.0,0,1,3,0,0,0.0,0,0,0.0,1,0.06666666666666667,0,2,0,0
c23_17,17,c23,B,"I feel like, we should track agreement across participants to see if the effect is consistent.",2026-02-02T09:15:41,94,16,1,4.8125,16.0,0,0,0,0.0,0,1,1,0,0,0.0,0,1,0.0625,1,0.0625,0,2,1,0
c23_18,18,c23,C,We should track agreement across participants to see if the effect is consistent. This also gives us something concrete to show in the proposal and final report.,2026-02-02T09:16:52,161,27,2,4.925925925925926,13.5,0,0,0,0.0,0,1,2,0,0,0.0,0,1,0.037037037037037035,1,0.037037037037037035,0,2,1,1
c23_19,19,c23,A,"We should if retrieval is skewed, summaries may systematically misrepresent the group.",2026-02-02T09:18:16,86,12,1,6.083333333333333,12.0,0,0,0,0.0,0,1,1,0,0,0.0,0,1,0.08333333333333333,2,0.16666666666666666,0,1,1,0
c23_20,20,c23,B,"Maybe, we can compute retrieval share per speaker and compare it to participation share.",2026-02-02T09:19:29,88,14,1,5.214285714285714,14.0,0,0,0,0.0,0,1,1,0,1,0.07142857142857142,0,0,0.0,1,0.07142857142857142,0,1,-1,0
c23_21,21,c23,F,"Please, we should track agreement across participants to see if the effect is consistent.",2026-02-02T09:20:26,89,14,1,5.285714285714286,14.0,0,0,0,0.0,0,1,1,0,0,0.0,1,1,0.07142857142857142,1,0.07142857142857142,0,1,1,1
c23_22,22,c23,A,We should i suspect verbose speakers will be retrieved more often just because they contain more keywords.,2026-02-02T09:21:48,106,17,1,5.235294117647059,17.0,0,0,0,0.0,0,1,1,0,0,0.0,0,1,0.058823529411764705,2,0.11764705882352941,0,2,1,0
c23_23,23,c23,B,"Maybe, if retrieval is skewed, summaries may systematically misrepresent the group.",2026-02-02T09:22:24,83,11,1,6.363636363636363,11.0,0,0,0,0.0,0,1,1,0,1,0.09090909090909091,0,0,0.0,1,0.09090909090909091,0,0,-1,0
c23_24,24,c23,B,"I'm not sure but, we can keep it lightweight with a Google Form and short tasks.",2026-02-02T09:23:23,80,17,1,3.6470588235294117,17.0,0,0,0,0.0,0,1,3,0,0,0.0,0,0,0.0,1,0.058823529411764705,0,2,0,0
c23_25,25,c23,C,"In my view, i'm not fully convinced yet. We can keep it lightweight with a Google Form and short tasks. If we write this down as a checklist, we can avoid back-and-forth later.",2026-02-02T09:25:04,176,36,3,3.7777777777777777,12.0,0,0,0,0.0,0,1,5,0,0,0.0,0,0,0.0,2,0.05555555555555555,0,5,0,0
c23_26,26,c23,B,"I feel like, hedging language might be retrieved less because it sounds less decisive.",2026-02-02T09:26:53,86,14,1,5.071428571428571,14.0,0,0,0,0.0,0,1,1,0,1,0.07142857142857142,0,0,0.0,1,0.07142857142857142,0,1,-1,0
c23_27,27,c23,C,"Readers may think the most-retrieved speaker is the leader, even if they weren’t. If we write this down as a checklist, we can avoid back-and-forth later.",2026-02-02T09:27:23,154,30,2,4.033333333333333,15.0,0,0,0,0.0,0,1,2,0,0,0.0,0,0,0.0,2,0.06666666666666667,0,2,0,0
c23_28,28,c23,F,"Would you be able to, we should compute style metrics: verbosity, hedging rate, assertiveness rate.",2026-02-02T09:28:13,99,15,1,5.333333333333333,15.0,0,0,1,1.0,1,0,1,0,0,0.0,0,1,0.06666666666666667,2,0.13333333333333333,0,1,1,0
c23_29,29,c23,A,Let's i suspect verbose speakers will be retrieved more often just because they contain more keywords.,2026-02-02T09:30:02,102,17,1,5.0,17.0,0,0,0,0.0,0,1,1,0,0,0.0,0,0,0.0,1,0.058823529411764705,1,1,0,0
c23_30,30,c23,F,"Honestly, we should compute style metrics: verbosity, hedging rate, assertiveness rate. appreciate it.",2026-02-02T09:30:42,102,13,2,6.461538461538462,6.5,0,0,0,0.0,0,1,1,0,0,0.0,1,1,0.07692307692307693,1,0.07692307692307693,0,1,1,0
c23_31,31,c23,A,"We should we should compute style metrics: verbosity, hedging rate, assertiveness rate.",2026-02-02T09:31:08,87,12,1,6.0,12.0,0,0,0,0.0,0,1,1,0,0,0.0,0,2,0.16666666666666666,2,0.16666666666666666,0,2,2,0
c23_32,32,c23,C,"I'm not fully convinced yet. For the user study, we can ask who seems most knowledgeable or influential. That way we can separate system behavior from human perception effects.",2026-02-02T09:32:49,176,30,3,4.766666666666667,10.0,0,0,0,0.0,0,1,3,0,1,0.03333333333333333,0,0,0.0,2,0.06666666666666667,0,3,-1,0
c23_33,33,c23,A,We need to i suspect verbose speakers will be retrieved more often just because they contain more keywords.,2026-02-02T09:34:31,107,18,1,4.944444444444445,18.0,0,0,0,0.0,0,1,1,0,0,0.0,0,0,0.0,1,0.05555555555555555,0,2,0,0
c23_34,34,c23,F,"Thanks, we should randomize which conversation they see to avoid learning effects.",2026-02-02T09:34:51,82,12,1,5.75,12.0,0,0,0,0.0,0,1,1,0,0,0.0,1,1,0.08333333333333333,1,0.08333333333333333,0,1,1,1
c23_35,35,c23,F,"Would you be able to, we should track agreement across participants to see if the effect is consistent.",2026-02-02T09:36:32,103,18,1,4.666666666666667,18.0,0,0,1,1.0,1,0,1,0,0,0.0,0,1,0.05555555555555555,2,0.1111111111111111,0,1,1,0
c23_36,36,c23,A,"We need to if retrieval is skewed, summaries may systematically misrepresent the group.",2026-02-02T09:37:46,87,13,1,5.615384615384615,13.0,0,0,0,0.0,0,1,1,0,0,0.0,0,0,0.0,1,0.07692307692307693,0,1,0,0
c23_37,37,c23,C,"Hedging language might be retrieved less because it sounds less decisive. It might feel like extra work now, but it saves time during analysis.",2026-02-02T09:38:15,143,24,2,4.875,12.0,0,0,0,0.0,0,1,2,0,2,0.08333333333333333,0,0,0.0,2,0.08333333333333333,0,0,-2,0
c23_38,38,c23,A,"The best option is readers may think the most-retrieved speaker is the leader, even if they weren’t.",2026-02-02T09:39:23,100,19,1,4.2105263157894735,19.0,0,0,0,0.0,0,1,1,0,0,0.0,0,1,0.05263157894736842,1,0.05263157894736842,0,0,1,0
c23_39,39,c23,B,"It seems like, hedging language might be retrieved less because it sounds less decisive.",2026-02-02T09:41:07,88,14,1,5.214285714285714,14.0,0,0,0,0.0,0,1,1,0,2,0.14285714285714285,0,0,0.0,1,0.07142857142857142,0,0,-2,0
c23_40,40,c23,F,"Thanks, i agree. We can keep it lightweight with a Google Form and short tasks.",2026-02-02T09:42:04,79,15,2,4.133333333333334,7.5,0,0,0,0.0,0,1,4,0,0,0.0,1,0,0.0,1,0.06666666666666667,0,2,0,0
c23_41,41,c23,A,I recommend i suspect verbose speakers will be retrieved more often just because they contain more keywords.,2026-02-02T09:42:24,108,17,1,5.352941176470588,17.0,0,0,0,0.0,0,1,1,0,0,0.0,0,1,0.058823529411764705,1,0.058823529411764705,0,2,1,0
c23_42,42,c23,C,"We can keep it lightweight with a Google Form and short tasks. If we write this down as a checklist, we can avoid back-and-forth later.",2026-02-02T09:44:09,135,27,2,3.925925925925926,13.5,0,0,0,0.0,0,1,4,0,0,0.0,0,0,0.0,2,0.07407407407407407,0,3,0,1
c23_43,43,c23,D,I agree.,2026-02-02T09:45:19,8,2,1,3.0,2.0,0,0,0,0.0,0,1,1,0,0,0.0,0,0,0.0,0,0.0,0,1,0,0
c23_44,44,c23,F,I suspect verbose speakers will be retrieved more often just because they contain more keywords. appreciate it.,2026-02-02T09:46:36,111,17,2,5.470588235294118,8.5,0,0,0,0.0,0,1,1,0,0,0.0,1,0,0.0,1,0.058823529411764705,0,1,0,0
c23_45,45,c23,B,"It seems like, we should collect demographics lightly, if allowed, but keep it minimal.",2026-02-02T09:47:07,87,14,1,5.0,14.0,0,0,0,0.0,0,1,1,0,1,0.07142857142857142,0,1,0.07142857142857142,1,0.07142857142857142,0,1,0,1
c23_46,46,c23,B,"Maybe, we can show participants a short system-generated summary and ask perception questions.",2026-02-02T09:48:02,94,14,1,5.642857142857143,14.0,0,0,0,0.0,0,1,1,0,1,0.07142857142857142,0,0,0.0,1,0.07142857142857142,0,1,-1,1
c23_47,47,c23,A,We should we can keep it lightweight with a Google Form and short tasks.,2026-02-02T09:49:47,72,14,1,4.142857142857143,14.0,0,0,0,0.0,0,1,3,0,0,0.0,0,1,0.07142857142857142,2,0.14285714285714285,0,2,1,0
c23_48,48,c23,F,"Thanks, hedging language might be retrieved less because it sounds less decisive.",2026-02-02T09:51:08,81,12,1,5.666666666666667,12.0,0,0,0,0.0,0,1,1,0,1,0.08333333333333333,1,0,0.0,1,0.08333333333333333,0,0,-1,0
c23_49,49,c23,A,"I recommend definitely, for the user study, we can ask who seems most knowledgeable or influential.",2026-02-02T09:52:17,99,16,1,5.0625,16.0,0,0,0,0.0,0,1,1,0,1,0.0625,0,2,0.125,1,0.0625,0,2,1,1
c23_50,50,c23,A,"We need to honestly, i agree. We should compute style metrics: verbosity, hedging rate, assertiveness rate.",2026-02-02T09:53:09,107,16,2,5.375,8.0,0,0,0,0.0,0,1,2,0,0,0.0,0,1,0.0625,1,0.0625,0,3,1,0
c23_51,51,c23,C,"I agree. Hedging language might be retrieved less because it sounds less decisive. It might feel like extra work now, but it saves time during analysis.",2026-02-02T09:54:44,152,26,3,4.730769230769231,8.666666666666666,0,0,0,0.0,0,1,3,0,2,0.07692307692307693,0,0,0.0,2,0.07692307692307693,0,1,-2,0
c23_52,52,c23,A,We should i agree. We should randomize which conversation they see to avoid learning effects.,2026-02-02T09:55:40,93,15,2,5.133333333333334,7.5,0,0,0,0.0,0,1,2,0,0,0.0,0,2,0.13333333333333333,2,0.13333333333333333,0,3,2,1
c23_53,53,c23,A,"Let's for sure, we should compute style metrics: verbosity, hedging rate, assertiveness rate.",2026-02-02T09:57:21,93,14,1,5.357142857142857,14.0,0,0,0,0.0,0,1,1,0,0,0.0,0,1,0.07142857142857142,1,0.07142857142857142,1,1,1,0
c23_54,54,c23,A,We should i suspect verbose speakers will be retrieved more often just because they contain more keywords.,2026-02-02T09:58:54,106,17,1,5.235294117647059,17.0,0,0,0,0.0,0,1,1,0,0,0.0,0,1,0.058823529411764705,2,0.11764705882352941,0,2,1,0
c23_55,55,c23,B,"It seems like, we should collect demographics lightly, if allowed, but keep it minimal.",2026-02-02T10:00:05,87,14,1,5.0,14.0,0,0,0,0.0,0,1,1,0,1,0.07142857142857142,0,1,0.07142857142857142,1,0.07142857142857142,0,1,0,1
c23_56,56,c23,F,"Would you be able to, i suspect verbose speakers will be retrieved more often just because they contain more keywords.",2026-02-02T10:01:33,118,20,1,4.85,20.0,0,0,1,1.0,1,0,1,0,0,0.0,0,0,0.0,2,0.1,0,1,0,0
c23_57,57,c23,A,Let's we should track agreement across participants to see if the effect is consistent.,2026-02-02T10:03:01,87,15,1,4.8,15.0,0,0,0,0.0,0,1,1,0,0,0.0,0,1,0.06666666666666667,1,0.06666666666666667,1,1,1,1
c23_58,58,c23,C,"We should randomize which conversation they see to avoid learning effects. It might feel like extra work now, but it saves time during analysis.",2026-02-02T10:03:47,144,24,2,4.916666666666667,12.0,0,0,0,0.0,0,1,2,0,1,0.041666666666666664,0,1,0.041666666666666664,2,0.08333333333333333,0,1,0,1
c23_59,59,c23,A,"The best option is if retrieval is skewed, summaries may systematically misrepresent the group.",2026-02-02T10:05:20,95,14,1,5.714285714285714,14.0,0,0,0,0.0,0,1,1,0,0,0.0,0,1,0.07142857142857142,1,0.07142857142857142,0,0,1,0
c23_60,60,c23,F,"If retrieval is skewed, summaries may systematically misrepresent the group. would you be able to.",2026-02-02T10:06:44,98,15,2,5.4,7.5,0,0,1,0.5,1,0,1,0,0,0.0,0,0,0.0,2,0.13333333333333333,0,0,0,0
c24_1,1,c24,E,Team: let's discuss choosing tools/stack and get aligned before we split tasks.,2026-02-02T10:00:00,79,14,1,4.571428571428571,14.0,0,0,0,0.0,0,1,1,0,0,0.0,0,0,0.0,0,0.0,1,1,0,1
c24_2,2,c24,C,We should build a baseline before adding any improvements. We can validate it quickly with a small pilot before we scale it up.,2026-02-02T10:01:17,127,23,2,4.478260869565218,11.5,0,0,0,0.0,0,1,2,0,0,0.0,0,1,0.043478260869565216,2,0.08695652173913043,0,3,1,0
c24_3,3,c24,E,Just to check: We should log every retrieval step so we can explain results?,2026-02-02T10:02:00,76,14,1,4.357142857142857,14.0,1,0,1,1.0,1,0,2,0,0,0.0,0,1,0.07142857142857142,2,0.14285714285714285,1,2,1,0
c24_4,4,c24,E,"Just to check: First we ingest chats, then index, then retrieve, then answer, then analyze logs?",2026-02-02T10:03:05,96,16,1,4.6875,16.0,1,0,1,1.0,1,0,2,0,0,0.0,0,0,0.0,0,0.0,1,1,0,0
c24_5,5,c24,F,"Thanks, we can use a simple vector store and a basic retrieval QA chain.",2026-02-02T10:03:40,72,14,1,4.071428571428571,14.0,0,0,0,0.0,0,1,3,0,0,0.0,1,0,0.0,1,0.07142857142857142,0,1,0,0
c24_6,6,c24,A,"I propose first we ingest chats, then index, then retrieve, then answer, then analyze logs.",2026-02-02T10:05:07,91,15,1,4.8,15.0,0,0,0,0.0,0,1,1,0,0,0.0,0,0,0.0,0,0.0,0,2,0,1
c24_7,7,c24,F,"Could we, a more complex system might look impressive but could be risky.",2026-02-02T10:05:41,73,13,1,4.538461538461538,13.0,0,0,1,1.0,1,0,1,0,3,0.23076923076923078,0,0,0.0,3,0.23076923076923078,0,1,-3,0
c24_8,8,c24,A,I recommend we should trade engineering time for better study design and write-up.,2026-02-02T10:06:37,82,14,1,4.857142857142857,14.0,0,0,0,0.0,0,1,1,0,0,0.0,0,2,0.14285714285714285,1,0.07142857142857142,0,2,2,0
c24_9,9,c24,E,Quick question: We should trade engineering time for better study design and write-up?,2026-02-02T10:08:03,86,14,1,5.071428571428571,14.0,1,0,1,1.0,1,0,2,0,0,0.0,0,1,0.07142857142857142,1,0.07142857142857142,1,1,1,0
c24_10,10,c24,F,"Appreciate it, we should log every retrieval step so we can explain results.",2026-02-02T10:09:07,76,13,1,4.769230769230769,13.0,0,0,0,0.0,0,1,1,0,0,0.0,1,1,0.07692307692307693,2,0.15384615384615385,0,2,1,0
c24_11,11,c24,F,A minimal system plus strong evaluation is probably the best strategy. would you be able to.,2026-02-02T10:09:30,92,16,2,4.6875,8.0,0,0,1,0.5,1,0,1,0,1,0.0625,0,0,0.0,1,0.0625,0,0,-1,1
c24_12,12,c24,B,"I think, a minimal system plus strong evaluation is probably the best strategy.",2026-02-02T10:10:50,79,13,1,5.0,13.0,0,0,0,0.0,0,1,1,0,2,0.15384615384615385,0,0,0.0,0,0.0,0,1,-2,1
c24_13,13,c24,C,"We should log every retrieval step so we can explain results. It might feel like extra work now, but it saves time during analysis.",2026-02-02T10:11:20,131,24,2,4.375,12.0,0,0,0,0.0,0,1,2,0,1,0.041666666666666664,0,1,0.041666666666666664,3,0.125,0,2,0,0
c24_14,14,c24,F,A minimal system plus strong evaluation is probably the best strategy. if you don't mind.,2026-02-02T10:12:05,89,16,2,4.5,8.0,0,0,0,0.0,0,1,1,0,1,0.0625,0,0,0.0,0,0.0,0,0,-1,1
c24_15,15,c24,E,Quick question: I agree. A more complex system might look impressive but could be risky?,2026-02-02T10:13:07,88,15,2,4.733333333333333,7.5,1,0,1,0.5,1,0,3,0,2,0.13333333333333333,0,0,0.0,2,0.13333333333333333,1,1,-2,0
c24_16,16,c24,E,Small question: We should trade engineering time for better study design and write-up?,2026-02-02T10:14:37,86,14,1,5.071428571428571,14.0,1,0,1,1.0,1,0,2,0,0,0.0,0,1,0.07142857142857142,1,0.07142857142857142,1,1,1,0
c24_17,17,c24,E,"Before we move on: I'm not fully convinced yet. If we keep it simple, we can run more experiments and comparisons?",2026-02-02T10:15:21,114,22,2,4.045454545454546,11.0,1,0,1,0.5,1,0,3,0,0,0.0,0,0,0.0,1,0.045454545454545456,1,4,0,0
c24_18,18,c24,C,"I agree. If we keep the stack simple, we can focus on the analysis. This also gives us something concrete to show in the proposal and final report.",2026-02-02T10:16:46,147,28,3,4.142857142857143,9.333333333333334,0,0,0,0.0,0,1,3,0,0,0.0,0,0,0.0,1,0.03571428571428571,0,4,0,1
c24_19,19,c24,C,"If we keep the stack simple, we can focus on the analysis. If we write this down as a checklist, we can avoid back-and-forth later.",2026-02-02T10:18:23,131,27,2,3.740740740740741,13.5,0,0,0,0.0,0,1,2,0,0,0.0,0,0,0.0,2,0.07407407407407407,0,4,0,1
c24_20,20,c24,B,"I'm not sure but, i'm not fully convinced yet. We should trade engineering time for better study design and write-up.",2026-02-02T10:19:20,117,23,2,4.0,11.5,0,0,0,0.0,0,1,2,0,0,0.0,0,1,0.043478260869565216,1,0.043478260869565216,0,3,1,0
c24_21,21,c24,F,"If we keep it simple, we can run more experiments and comparisons. would you be able to.",2026-02-02T10:19:59,88,17,2,4.0588235294117645,8.5,0,0,1,0.5,1,0,1,0,0,0.0,0,0,0.0,2,0.11764705882352941,0,2,0,0
c24_22,22,c24,F,"If you don't mind, we can use a simple vector store and a basic retrieval QA chain.",2026-02-02T10:20:47,83,18,1,3.5555555555555554,18.0,0,0,0,0.0,0,1,3,0,0,0.0,0,0,0.0,1,0.05555555555555555,0,1,0,0
c24_23,23,c24,E,Quick question: We could compare two setups to see if results are robust?,2026-02-02T10:21:44,73,13,1,4.538461538461538,13.0,1,0,1,1.0,1,0,2,0,1,0.07692307692307693,0,0,0.0,1,0.07692307692307693,1,1,-1,0
c24_24,24,c24,E,"Before we move on: If we keep the stack simple, we can focus on the analysis?",2026-02-02T10:22:06,77,16,1,3.6875,16.0,1,0,1,1.0,1,0,2,0,0,0.0,0,0,0.0,1,0.0625,1,3,0,1
c24_25,25,c24,F,"Thanks, i'm not fully convinced yet. A more complex system might look impressive but could be risky.",2026-02-02T10:23:31,100,18,2,4.444444444444445,9.0,0,0,0,0.0,0,1,2,0,2,0.1111111111111111,1,0,0.0,2,0.1111111111111111,0,1,-2,0
c24_26,26,c24,E,Can we clarify: Let’s make the pipeline reproducible with fixed seeds and configs?,2026-02-02T10:24:53,82,14,1,4.785714285714286,14.0,1,0,1,1.0,1,0,2,0,0,0.0,0,0,0.0,1,0.07142857142857142,1,1,0,0
c24_27,27,c24,B,"Possibly, if we keep it simple, we can run more experiments and comparisons.",2026-02-02T10:26:43,76,13,1,4.6923076923076925,13.0,0,0,0,0.0,0,1,1,0,1,0.07692307692307693,0,0,0.0,1,0.07692307692307693,0,2,-1,0
c24_28,28,c24,F,"Honestly, i agree. We could compare two setups to see if results are robust. thanks.",2026-02-02T10:27:44,84,15,3,4.4,5.0,0,0,0,0.0,0,1,2,0,1,0.06666666666666667,1,0,0.0,1,0.06666666666666667,0,2,-1,0
c24_29,29,c24,E,"Quick question: To be clear, we should log every retrieval step so we can explain results?",2026-02-02T10:28:39,90,16,1,4.5,16.0,1,0,1,1.0,1,0,2,0,0,0.0,0,1,0.0625,2,0.125,2,2,1,0
c24_30,30,c24,F,"Appreciate it, a minimal system plus strong evaluation is probably the best strategy.",2026-02-02T10:29:01,85,13,1,5.461538461538462,13.0,0,0,0,0.0,0,1,1,0,1,0.07692307692307693,1,0,0.0,0,0.0,0,0,-1,1
c24_31,31,c24,F,I agree. We should trade engineering time for better study design and write-up. thanks.,2026-02-02T10:30:21,87,15,3,4.666666666666667,5.0,0,0,0,0.0,0,1,2,0,0,0.0,1,1,0.06666666666666667,1,0.06666666666666667,0,2,1,0
c24_32,32,c24,F,"Would you be able to, we should trade engineering time for better study design and write-up.",2026-02-02T10:32:10,92,17,1,4.352941176470588,17.0,0,0,1,1.0,1,0,1,0,0,0.0,0,1,0.058823529411764705,2,0.11764705882352941,0,1,1,0
c24_33,33,c24,C,I'm not fully convinced yet. We can use a simple vector store and a basic retrieval QA chain. We can validate it quickly with a small pilot before we scale it up.,2026-02-02T10:33:43,162,33,3,3.8484848484848486,11.0,0,0,0,0.0,0,1,5,0,0,0.0,0,0,0.0,2,0.06060606060606061,0,4,0,0
c24_34,34,c24,C,"Let’s make the pipeline reproducible with fixed seeds and configs. If we write this down as a checklist, we can avoid back-and-forth later.",2026-02-02T10:34:27,139,26,2,4.269230769230769,13.0,0,0,0,0.0,0,1,2,0,0,0.0,0,0,0.0,1,0.038461538461538464,0,2,0,0
c24_35,35,c24,C,We should build a baseline before adding any improvements. That way we can separate system behavior from human perception effects.,2026-02-02T10:35:27,130,20,2,5.45,10.0,0,0,0,0.0,0,1,2,0,0,0.0,0,1,0.05,2,0.1,0,2,1,1
c24_36,36,c24,B,"Possibly, we should trade engineering time for better study design and write-up.",2026-02-02T10:36:49,80,13,1,5.076923076923077,13.0,0,0,0,0.0,0,1,1,0,1,0.07692307692307693,0,1,0.07692307692307693,1,0.07692307692307693,0,1,0,0
c24_37,37,c24,E,Small question: Let’s make the pipeline reproducible with fixed seeds and configs?,2026-02-02T10:37:32,82,13,1,5.230769230769231,13.0,1,0,1,1.0,1,0,2,0,0,0.0,0,0,0.0,0,0.0,1,0,0,0
c24_38,38,c24,C,Let’s make the pipeline reproducible with fixed seeds and configs. That way we can separate system behavior from human perception effects.,2026-02-02T10:37:54,138,22,2,5.2272727272727275,11.0,0,0,0,0.0,0,1,2,0,0,0.0,0,0,0.0,1,0.045454545454545456,0,1,0,1
c24_39,39,c24,B,"I think, we should trade engineering time for better study design and write-up.",2026-02-02T10:39:30,79,14,1,4.571428571428571,14.0,0,0,0,0.0,0,1,1,0,1,0.07142857142857142,0,1,0.07142857142857142,1,0.07142857142857142,0,2,0,0
c24_40,40,c24,A,We need to a minimal system plus strong evaluation is probably the best strategy.,2026-02-02T10:40:55,81,14,1,4.785714285714286,14.0,0,0,0,0.0,0,1,1,0,1,0.07142857142857142,0,0,0.0,0,0.0,0,1,-1,1
c24_41,41,c24,C,"We should build a baseline before adding any improvements. It might feel like extra work now, but it saves time during analysis.",2026-02-02T10:41:50,128,22,2,4.7272727272727275,11.0,0,0,0,0.0,0,1,2,0,1,0.045454545454545456,0,1,0.045454545454545456,2,0.09090909090909091,0,1,0,1
c24_42,42,c24,A,"We should if we keep it simple, we can run more experiments and comparisons.",2026-02-02T10:42:59,76,14,1,4.357142857142857,14.0,0,0,0,0.0,0,1,1,0,0,0.0,0,1,0.07142857142857142,2,0.14285714285714285,0,3,1,0
c24_43,43,c24,E,Quick question: I agree. We should trade engineering time for better study design and write-up?,2026-02-02T10:43:48,95,16,2,4.8125,8.0,1,0,1,0.5,1,0,3,0,0,0.0,0,1,0.0625,1,0.0625,1,2,1,0
c24_44,44,c24,B,"I feel like, honestly, a more complex system might look impressive but could be risky.",2026-02-02T10:44:58,86,15,1,4.6,15.0,0,0,0,0.0,0,1,1,0,2,0.13333333333333333,0,0,0.0,2,0.13333333333333333,0,1,-2,0
c24_45,45,c24,C,"We should choose tools that are stable and easy to reproduce. If we write this down as a checklist, we can avoid back-and-forth later.",2026-02-02T10:45:22,134,26,2,4.076923076923077,13.0,0,0,0,0.0,0,1,2,0,0,0.0,0,1,0.038461538461538464,2,0.07692307692307693,0,3,1,0
c24_46,46,c24,C,"We should trade engineering time for better study design and write-up. It might feel like extra work now, but it saves time during analysis.",2026-02-02T10:47:10,140,25,2,4.52,12.5,0,0,0,0.0,0,1,2,0,1,0.04,0,1,0.04,2,0.08,0,1,0,0
c24_47,47,c24,B,"It seems like, if we keep it simple, we can run more experiments and comparisons.",2026-02-02T10:48:52,81,15,1,4.266666666666667,15.0,0,0,0,0.0,0,1,1,0,1,0.06666666666666667,0,0,0.0,1,0.06666666666666667,0,2,-1,0
c24_48,48,c24,B,"Maybe, first we ingest chats, then index, then retrieve, then answer, then analyze logs.",2026-02-02T10:50:09,88,14,1,4.928571428571429,14.0,0,0,0,0.0,0,1,1,0,1,0.07142857142857142,0,0,0.0,0,0.0,0,1,-1,0
c24_49,49,c24,A,We need to i'm not fully convinced yet. We should build a baseline before adding any improvements.,2026-02-02T10:50:36,98,18,2,4.388888888888889,9.0,0,0,0,0.0,0,1,2,0,0,0.0,0,1,0.05555555555555555,1,0.05555555555555555,0,3,1,1
c24_50,50,c24,F,"If we keep the stack simple, we can focus on the analysis. if you don't mind.",2026-02-02T10:52:15,77,17,2,3.411764705882353,8.5,0,0,0,0.0,0,1,1,0,0,0.0,0,0,0.0,1,0.058823529411764705,0,2,0,1
c24_51,51,c24,A,"We should if we keep the stack simple, we can focus on the analysis.",2026-02-02T10:52:37,68,14,1,3.7857142857142856,14.0,0,0,0,0.0,0,1,1,0,0,0.0,0,1,0.07142857142857142,2,0.14285714285714285,0,3,1,1
c24_52,52,c24,C,A more complex system might look impressive but could be risky. We can validate it quickly with a small pilot before we scale it up.,2026-02-02T10:54:20,132,25,2,4.24,12.5,0,0,0,0.0,0,1,2,0,2,0.08,0,0,0.0,3,0.12,0,2,-2,0
c24_53,53,c24,E,Can we clarify: We can use a simple vector store and a basic retrieval QA chain?,2026-02-02T10:55:30,80,16,1,3.9375,16.0,1,0,1,1.0,1,0,4,0,0,0.0,0,0,0.0,2,0.125,1,2,0,0
c24_54,54,c24,B,"Possibly, we should build a baseline before adding any improvements.",2026-02-02T10:57:11,68,10,1,5.7,10.0,0,0,0,0.0,0,1,1,0,1,0.1,0,1,0.1,1,0.1,0,1,0,1
c24_55,55,c24,E,"Small question: I'm not fully convinced yet. First we ingest chats, then index, then retrieve, then answer, then analyze logs?",2026-02-02T10:58:22,126,21,2,4.714285714285714,10.5,1,0,1,0.5,1,0,3,0,0,0.0,0,0,0.0,0,0.0,1,2,0,1
c24_56,56,c24,E,"Quick question: To be clear, we should log every retrieval step so we can explain results?",2026-02-02T11:00:02,90,16,1,4.5,16.0,1,0,1,1.0,1,0,2,0,0,0.0,0,1,0.0625,2,0.125,2,2,1,0
c24_57,57,c24,C,"First we ingest chats, then index, then retrieve, then answer, then analyze logs. That way we can separate system behavior from human perception effects.",2026-02-02T11:01:32,153,24,2,5.166666666666667,12.0,0,0,0,0.0,0,1,2,0,0,0.0,0,0,0.0,1,0.041666666666666664,0,2,0,1
c24_58,58,c24,F,"Could we, let’s make the pipeline reproducible with fixed seeds and configs.",2026-02-02T11:02:30,76,13,1,4.769230769230769,13.0,0,0,1,1.0,1,0,1,0,1,0.07692307692307693,0,0,0.0,1,0.07692307692307693,0,1,-1,0
c24_59,59,c24,A,I propose we should trade engineering time for better study design and write-up.,2026-02-02T11:03:13,80,14,1,4.714285714285714,14.0,0,0,0,0.0,0,1,1,0,0,0.0,0,1,0.07142857142857142,1,0.07142857142857142,0,2,1,0
c24_60,60,c24,F,"Would you be able to, i agree. We should log every retrieval step so we can explain results.",2026-02-02T11:04:19,92,18,2,4.0,9.0,0,0,1,0.5,1,0,2,0,0,0.0,0,1,0.05555555555555555,3,0.16666666666666666,0,3,1,0
c24_61,61,c24,C,"First we ingest chats, then index, then retrieve, then answer, then analyze logs. This also gives us something concrete to show in the proposal and final report.",2026-02-02T11:05:05,161,27,2,4.777777777777778,13.5,0,0,0,0.0,0,1,2,0,0,0.0,0,0,0.0,0,0.0,0,2,0,1
c24_62,62,c24,F,"Could we, we should choose tools that are stable and easy to reproduce.",2026-02-02T11:06:46,71,13,1,4.384615384615385,13.0,0,0,1,1.0,1,0,1,0,1,0.07692307692307693,0,1,0.07692307692307693,2,0.15384615384615385,0,2,0,0
c24_63,63,c24,E,Just to check: We should trade engineering time for better study design and write-up?,2026-02-02T11:07:33,85,15,1,4.6,15.0,1,0,1,1.0,1,0,2,0,0,0.0,0,1,0.06666666666666667,1,0.06666666666666667,1,1,1,0
c24_64,64,c24,B,"I think, we should trade engineering time for better study design and write-up.",2026-02-02T11:09:13,79,14,1,4.571428571428571,14.0,0,0,0,0.0,0,1,1,0,1,0.07142857142857142,0,1,0.07142857142857142,1,0.07142857142857142,0,2,0,0
c25_1,1,c25,E,Team: let's discuss class project planning and get aligned before we split tasks.,2026-02-02T11:00:00,81,14,1,4.714285714285714,14.0,0,0,0,0.0,0,1,1,0,0,0.0,0,0,0.0,0,0.0,1,1,0,0
c25_2,2,c25,C,"If we finish the prototype early, we’ll have time to run the user study. This also gives us something concrete to show in the proposal and final report.",2026-02-02T11:01:03,152,29,2,4.172413793103448,14.5,0,0,0,0.0,0,1,2,0,0,0.0,0,0,0.0,0,0.0,0,3,0,0
c25_3,3,c25,F,We should decide what success looks like by the end of the semester. thanks.,2026-02-02T11:01:48,76,14,2,4.357142857142857,7.0,0,0,0,0.0,0,1,1,0,0,0.0,1,1,0.07142857142857142,1,0.07142857142857142,0,1,1,0
c25_4,4,c25,C,We need multi-speaker conversations where each person has a distinct style. That way we can separate system behavior from human perception effects.,2026-02-02T11:03:14,147,23,2,5.3478260869565215,11.5,0,0,0,0.0,0,1,2,0,0,0.0,0,0,0.0,1,0.043478260869565216,0,2,0,1
c25_5,5,c25,E,Can we clarify: Let’s decide how many conversations and messages we need for signal?,2026-02-02T11:04:33,84,15,1,4.533333333333333,15.0,1,0,1,1.0,1,0,2,0,0,0.0,0,0,0.0,1,0.06666666666666667,1,2,0,0
c25_6,6,c25,C,"Let’s set weekly milestones: data, prototype, analysis, study, writing. That way we can separate system behavior from human perception effects.",2026-02-02T11:05:30,143,21,2,5.523809523809524,10.5,0,0,0,0.0,0,1,2,0,0,0.0,0,0,0.0,1,0.047619047619047616,0,1,0,1
c25_7,7,c25,C,We should store everything in a clean CSV with speaker IDs and timestamps. This also gives us something concrete to show in the proposal and final report.,2026-02-02T11:05:56,154,27,2,4.666666666666667,13.5,0,0,0,0.0,0,1,7,0,0,0.0,0,1,0.037037037037037035,1,0.037037037037037035,0,2,1,0
c25_8,8,c25,E,"Can we clarify: To be clear, we need multi-speaker conversations where each person has a distinct style?",2026-02-02T11:06:39,104,18,1,4.666666666666667,18.0,1,0,1,1.0,1,0,2,0,0,0.0,0,0,0.0,1,0.05555555555555555,2,2,0,1
c25_9,9,c25,E,Quick question: We should assign owners for each part so work doesn’t overlap?,2026-02-02T11:08:02,78,14,1,4.5,14.0,1,0,1,1.0,1,0,2,0,0,0.0,0,1,0.07142857142857142,1,0.07142857142857142,1,1,1,0
c25_10,10,c25,C,"If we overbuild, we’ll have less time for evaluation and writing. If we write this down as a checklist, we can avoid back-and-forth later.",2026-02-02T11:08:44,138,27,2,4.0,13.5,0,0,0,0.0,0,1,2,0,0,0.0,0,0,0.0,1,0.037037037037037035,0,4,0,1
c25_11,11,c25,F,"If you don't mind, we need multi-speaker conversations where each person has a distinct style.",2026-02-02T11:09:54,94,17,1,4.470588235294118,17.0,0,0,0,0.0,0,1,1,0,0,0.0,0,0,0.0,0,0.0,0,1,0,1
c25_12,12,c25,G,"I agree. Let’s set weekly milestones: data, prototype, analysis, study, writing.",2026-02-02T11:11:37,80,12,2,5.166666666666667,6.0,0,0,0,0.0,0,1,2,0,0,0.0,0,0,0.0,0,0.0,0,1,0,0
c25_13,13,c25,F,We can simulate group chats so we control ground truth and avoid privacy issues. if you don't mind.,2026-02-02T11:12:28,99,19,2,4.157894736842105,9.5,0,0,0,0.0,0,1,1,0,0,0.0,0,0,0.0,1,0.05263157894736842,0,2,0,0
c25_14,14,c25,G,I'm not fully convinced yet. Let’s decide how many conversations and messages we need for signal.,2026-02-02T11:13:58,97,18,2,4.333333333333333,9.0,0,0,0,0.0,0,1,2,0,0,0.0,0,0,0.0,0,0.0,0,2,0,0
c25_15,15,c25,C,We need to keep the project focused so we can finish in time. We can validate it quickly with a small pilot before we scale it up.,2026-02-02T11:15:33,130,27,2,3.7777777777777777,13.5,0,0,0,0.0,0,1,2,0,0,0.0,0,0,0.0,2,0.07407407407407407,0,4,0,0
c25_16,16,c25,D,We can simulate group chats so we control ground truth and avoid privacy issues.,2026-02-02T11:16:48,80,14,1,4.714285714285714,14.0,0,0,0,0.0,0,1,1,0,0,0.0,0,0,0.0,1,0.07142857142857142,0,2,0,0
c25_17,17,c25,E,"Small question: In my view, we can simulate group chats so we control ground truth and avoid privacy issues?",2026-02-02T11:17:36,108,19,1,4.578947368421052,19.0,1,0,1,1.0,1,0,2,0,0,0.0,0,0,0.0,1,0.05263157894736842,1,3,0,0
c25_18,18,c25,F,"If you don't mind, i'm not fully convinced yet. We need to keep the project focused so we can finish in time.",2026-02-02T11:18:36,109,24,2,3.4583333333333335,12.0,0,0,0,0.0,0,1,2,0,0,0.0,0,0,0.0,1,0.041666666666666664,0,3,0,0
c25_19,19,c25,C,"If we overbuild, we’ll have less time for evaluation and writing. We can validate it quickly with a small pilot before we scale it up.",2026-02-02T11:20:07,134,26,2,4.076923076923077,13.0,0,0,0,0.0,0,1,2,0,0,0.0,0,0,0.0,1,0.038461538461538464,0,4,0,1
c25_20,20,c25,C,We should assign owners for each part so work doesn’t overlap. We can validate it quickly with a small pilot before we scale it up.,2026-02-02T11:21:51,131,26,2,4.0,13.0,0,0,0,0.0,0,1,2,0,0,0.0,0,1,0.038461538461538464,2,0.07692307692307693,0,3,1,0
c25_21,21,c25,C,We should assign owners for each part so work doesn’t overlap. That way we can separate system behavior from human perception effects.,2026-02-02T11:23:28,134,23,2,4.782608695652174,11.5,0,0,0,0.0,0,1,2,0,0,0.0,0,1,0.043478260869565216,2,0.08695652173913043,0,2,1,0
c25_22,22,c25,E,Before we move on: I'm not fully convinced yet. Let’s decide how many conversations and messages we need for signal?,2026-02-02T11:24:00,116,22,2,4.181818181818182,11.0,1,0,1,0.5,1,0,3,0,0,0.0,0,0,0.0,0,0.0,1,3,0,0
c25_23,23,c25,E,"Small question: In my view, i agree. We can simulate group chats so we control ground truth and avoid privacy issues?",2026-02-02T11:24:59,117,21,2,4.428571428571429,10.5,1,0,1,0.5,1,0,3,0,0,0.0,0,0,0.0,1,0.047619047619047616,1,4,0,0
c25_24,24,c25,F,We should decide what success looks like by the end of the semester. would you be able to.,2026-02-02T11:26:27,90,18,2,3.9444444444444446,9.0,0,0,1,0.5,1,0,1,0,0,0.0,0,1,0.05555555555555555,2,0.1111111111111111,0,1,1,0
c25_25,25,c25,D,We should decide what success looks like by the end of the semester.,2026-02-02T11:26:49,68,13,1,4.230769230769231,13.0,0,0,0,0.0,0,1,1,0,0,0.0,0,1,0.07692307692307693,1,0.07692307692307693,0,1,1,1
c25_26,26,c25,F,"Would you be able to, we should decide what success looks like by the end of the semester.",2026-02-02T11:27:56,90,18,1,3.9444444444444446,18.0,0,0,1,1.0,1,0,1,0,0,0.0,0,1,0.05555555555555555,2,0.1111111111111111,0,1,1,0
c25_27,27,c25,D,"If we finish the prototype early, we’ll have time to run the user study.",2026-02-02T11:28:52,72,15,1,3.7333333333333334,15.0,0,0,0,0.0,0,1,1,0,0,0.0,0,0,0.0,0,0.0,0,2,0,0
c25_28,28,c25,C,We should decide what success looks like by the end of the semester. We can validate it quickly with a small pilot before we scale it up.,2026-02-02T11:29:59,137,27,2,4.037037037037037,13.5,0,0,0,0.0,0,1,2,0,0,0.0,0,1,0.037037037037037035,2,0.07407407407407407,0,3,1,1
c25_29,29,c25,F,"Would you be able to, let’s set weekly milestones: data, prototype, analysis, study, writing.",2026-02-02T11:31:10,93,15,1,4.8,15.0,0,0,1,1.0,1,0,1,0,0,0.0,0,0,0.0,1,0.06666666666666667,0,0,0,0
c25_30,30,c25,D,Let’s decide how many conversations and messages we need for signal.,2026-02-02T11:31:52,68,12,1,4.666666666666667,12.0,0,0,0,0.0,0,1,1,0,0,0.0,0,0,0.0,0,0.0,0,1,0,0
c25_31,31,c25,F,We need to keep the project focused so we can finish in time. thanks.,2026-02-02T11:32:59,69,14,2,3.857142857142857,7.0,0,0,0,0.0,0,1,1,0,0,0.0,1,0,0.0,1,0.07142857142857142,0,2,0,0
c25_32,32,c25,E,Can we clarify: I'm not fully convinced yet. Let’s pick one main question and avoid building extra features?,2026-02-02T11:34:33,108,20,2,4.3,10.0,1,0,2,1.0,1,0,3,0,0,0.0,0,0,0.0,1,0.05,1,2,0,1
c25_33,33,c25,G,I'm not fully convinced yet. Let’s decide how many conversations and messages we need for signal.,2026-02-02T11:35:46,97,18,2,4.333333333333333,9.0,0,0,0,0.0,0,1,2,0,0,0.0,0,0,0.0,0,0.0,0,2,0,0
c25_34,34,c25,C,We should decide what success looks like by the end of the semester. We can validate it quickly with a small pilot before we scale it up.,2026-02-02T11:36:27,137,27,2,4.037037037037037,13.5,0,0,0,0.0,0,1,2,0,0,0.0,0,1,0.037037037037037035,2,0.07407407407407407,0,3,1,1
c25_35,35,c25,D,"For sure, if we overbuild, we’ll have less time for evaluation and writing.",2026-02-02T11:37:21,75,14,1,4.214285714285714,14.0,0,0,0,0.0,0,1,1,0,0,0.0,0,0,0.0,0,0.0,0,2,0,0
c25_36,36,c25,C,We should decide what success looks like by the end of the semester. We can validate it quickly with a small pilot before we scale it up.,2026-02-02T11:38:29,137,27,2,4.037037037037037,13.5,0,0,0,0.0,0,1,2,0,0,0.0,0,1,0.037037037037037035,2,0.07407407407407407,0,3,1,1
c25_37,37,c25,E,"Quick question: If we overbuild, we’ll have less time for evaluation and writing?",2026-02-02T11:40:13,81,14,1,4.642857142857143,14.0,1,0,1,1.0,1,0,2,0,0,0.0,0,0,0.0,0,0.0,1,2,0,1
c25_38,38,c25,C,We need to keep the project focused so we can finish in time. That way we can separate system behavior from human perception effects.,2026-02-02T11:41:53,133,24,2,4.5,12.0,0,0,0,0.0,0,1,2,0,0,0.0,0,0,0.0,2,0.08333333333333333,0,3,0,0
c25_39,39,c25,D,We need time near the end for polishing figures and slides.,2026-02-02T11:42:32,59,11,1,4.363636363636363,11.0,0,0,0,0.0,0,1,1,0,0,0.0,0,0,0.0,0,0.0,0,1,0,0
c25_40,40,c25,C,We can simulate group chats so we control ground truth and avoid privacy issues. This also gives us something concrete to show in the proposal and final report.,2026-02-02T11:43:52,160,28,2,4.678571428571429,14.0,0,0,0,0.0,0,1,2,0,0,0.0,0,0,0.0,1,0.03571428571428571,0,3,0,1
c25_41,41,c25,G,Let’s decide how many conversations and messages we need for signal.,2026-02-02T11:44:58,68,12,1,4.666666666666667,12.0,0,0,0,0.0,0,1,1,0,0,0.0,0,0,0.0,0,0.0,0,1,0,0
c25_42,42,c25,E,Small question: We should decide what success looks like by the end of the semester?,2026-02-02T11:45:21,84,15,1,4.533333333333333,15.0,1,0,1,1.0,1,0,2,0,0,0.0,0,1,0.06666666666666667,1,0.06666666666666667,1,1,1,1
c25_43,43,c25,E,"Small question: In my view, we can simulate group chats so we control ground truth and avoid privacy issues?",2026-02-02T11:46:06,108,19,1,4.578947368421052,19.0,1,0,1,1.0,1,0,2,0,0,0.0,0,0,0.0,1,0.05263157894736842,1,3,0,0
c25_44,44,c25,C,"We need multi-speaker conversations where each person has a distinct style. If we write this down as a checklist, we can avoid back-and-forth later.",2026-02-02T11:47:29,148,27,2,4.407407407407407,13.5,0,0,0,0.0,0,1,2,0,0,0.0,0,0,0.0,1,0.037037037037037035,0,3,0,1
c25_45,45,c25,C,"If we overbuild, we’ll have less time for evaluation and writing. We can validate it quickly with a small pilot before we scale it up.",2026-02-02T11:47:51,134,26,2,4.076923076923077,13.0,0,0,0,0.0,0,1,2,0,0,0.0,0,0,0.0,1,0.038461538461538464,0,4,0,1
c25_46,46,c25,F,"If you don't mind, we need to keep the project focused so we can finish in time.",2026-02-02T11:49:00,80,18,1,3.388888888888889,18.0,0,0,0,0.0,0,1,1,0,0,0.0,0,0,0.0,1,0.05555555555555555,0,2,0,0
c25_47,47,c25,D,"Honestly, we should decide what success looks like by the end of the semester.",2026-02-02T11:49:53,78,14,1,4.5,14.0,0,0,0,0.0,0,1,1,0,0,0.0,0,1,0.07142857142857142,1,0.07142857142857142,0,1,1,1
c25_48,48,c25,E,"Can we clarify: In my view, i agree. If we finish the prototype early, we’ll have time to run the user study?",2026-02-02T11:51:11,109,23,2,3.5652173913043477,11.5,1,0,2,1.0,1,0,3,0,0,0.0,0,0,0.0,1,0.043478260869565216,1,5,0,0
c25_49,49,c25,F,"If we finish the prototype early, we’ll have time to run the user study. would you be able to.",2026-02-02T11:52:36,94,20,2,3.6,10.0,0,0,1,0.5,1,0,1,0,0,0.0,0,0,0.0,1,0.05,0,2,0,0
c25_50,50,c25,E,"Small question: If we overbuild, we’ll have less time for evaluation and writing?",2026-02-02T11:53:25,81,14,1,4.642857142857143,14.0,1,0,1,1.0,1,0,2,0,0,0.0,0,0,0.0,0,0.0,1,2,0,1
c25_51,51,c25,G,"Let’s set weekly milestones: data, prototype, analysis, study, writing.",2026-02-02T11:54:26,71,10,1,5.6,10.0,0,0,0,0.0,0,1,1,0,0,0.0,0,0,0.0,0,0.0,0,0,0,0
c25_52,52,c25,G,I'm not fully convinced yet. We should store everything in a clean CSV with speaker IDs and timestamps.,2026-02-02T11:55:12,103,19,2,4.368421052631579,9.5,0,0,0,0.0,0,1,7,0,0,0.0,0,1,0.05263157894736842,1,0.05263157894736842,0,2,1,0
c25_53,53,c25,E,"Can we clarify: I agree. If we finish the prototype early, we’ll have time to run the user study?",2026-02-02T11:55:59,97,20,2,3.7,10.0,1,0,2,1.0,1,0,3,0,0,0.0,0,0,0.0,1,0.05,1,4,0,0
c25_54,54,c25,E,"Just to check: Honestly, i agree. We should store everything in a clean CSV with speaker IDs and timestamps?",2026-02-02T11:56:33,108,19,2,4.526315789473684,9.5,1,0,1,0.5,1,0,8,0,0,0.0,0,1,0.05263157894736842,1,0.05263157894736842,1,2,1,0
c25_55,55,c25,E,Just to check: I'm not fully convinced yet. Let’s pick one main question and avoid building extra features?,2026-02-02T11:56:58,107,20,2,4.25,10.0,1,0,1,0.5,1,0,3,0,0,0.0,0,0,0.0,0,0.0,1,1,0,1
c25_56,56,c25,C,I'm not fully convinced yet. We need to keep the project focused so we can finish in time. We can validate it quickly with a small pilot before we scale it up.,2026-02-02T11:57:49,159,33,3,3.757575757575758,11.0,0,0,0,0.0,0,1,3,0,0,0.0,0,0,0.0,2,0.06060606060606061,0,5,0,0
c25_57,57,c25,C,"Let’s set weekly milestones: data, prototype, analysis, study, writing. We can validate it quickly with a small pilot before we scale it up.",2026-02-02T11:59:27,140,24,2,4.583333333333333,12.0,0,0,0,0.0,0,1,2,0,0,0.0,0,0,0.0,1,0.041666666666666664,0,2,0,1
c25_58,58,c25,F,"Could we, let’s set weekly milestones: data, prototype, analysis, study, writing.",2026-02-02T12:00:20,81,12,1,5.25,12.0,0,0,1,1.0,1,0,1,0,1,0.08333333333333333,0,0,0.0,1,0.08333333333333333,0,1,-1,1
c25_59,59,c25,D,We need to keep the project focused so we can finish in time.,2026-02-02T12:00:46,61,13,1,3.6923076923076925,13.0,0,0,0,0.0,0,1,1,0,0,0.0,0,0,0.0,1,0.07692307692307693,0,2,0,0
c25_60,60,c25,F,"Thanks, we can simulate group chats so we control ground truth and avoid privacy issues.",2026-02-02T12:02:35,88,15,1,4.8,15.0,0,0,0,0.0,0,1,1,0,0,0.0,1,0,0.0,1,0.06666666666666667,0,2,0,0
c25_61,61,c25,C,"We should decide what success looks like by the end of the semester. It might feel like extra work now, but it saves time during analysis.",2026-02-02T12:03:42,138,26,2,4.230769230769231,13.0,0,0,0,0.0,0,1,2,0,1,0.038461538461538464,0,1,0.038461538461538464,2,0.07692307692307693,0,1,0,1
c25_62,62,c25,E,"Small question: I agree. If we finish the prototype early, we’ll have time to run the user study?",2026-02-02T12:05:10,97,19,2,3.9473684210526314,9.5,1,0,1,0.5,1,0,3,0,0,0.0,0,0,0.0,0,0.0,1,3,0,0
c25_63,63,c25,D,"Honestly, we can simulate group chats so we control ground truth and avoid privacy issues.",2026-02-02T12:06:12,90,15,1,4.933333333333334,15.0,0,0,0,0.0,0,1,1,0,0,0.0,0,0,0.0,1,0.06666666666666667,0,2,0,0
c25_64,64,c25,C,We should store everything in a clean CSV with speaker IDs and timestamps. We can validate it quickly with a small pilot before we scale it up.,2026-02-02T12:07:57,143,27,2,4.2592592592592595,13.5,0,0,0,0.0,0,1,7,0,0,0.0,0,1,0.037037037037037035,2,0.07407407407407407,0,3,1,0
c25_65,65,c25,E,Can we clarify: We should assign owners for each part so work doesn’t overlap?,2026-02-02T12:09:30,78,15,1,4.133333333333334,15.0,1,0,1,1.0,1,0,2,0,0,0.0,0,1,0.06666666666666667,2,0.13333333333333333,1,2,1,0
c25_66,66,c25,F,"Please, if we finish the prototype early, we’ll have time to run the user study.",2026-02-02T12:10:28,80,16,1,3.875,16.0,0,0,0,0.0,0,1,1,0,0,0.0,1,0,0.0,0,0.0,0,2,0,0
c25_67,67,c25,G,"I agree. If we finish the prototype early, we’ll have time to run the user study.",2026-02-02T12:11:16,81,17,2,3.6470588235294117,8.5,0,0,0,0.0,0,1,2,0,0,0.0,0,0,0.0,0,0.0,0,3,0,0
