conv_id,msg_id,speaker_id,timestamp,text
c1,1,G,2026-02-01T11:00:00,Team: let's discuss choosing tools/stack and get aligned before we split tasks.
c1,2,B,2026-02-01T11:00:46,"I think, i agree. We should build a baseline before adding any improvements."
c1,3,E,2026-02-01T11:01:31,Quick question: A minimal system plus strong evaluation is probably the best strategy?
c1,4,C,2026-02-01T11:02:30,"If we keep it simple, we can run more experiments and comparisons. That way we can separate system behavior from human perception effects."
c1,5,B,2026-02-01T11:03:54,"Kind of, i'm not fully convinced yet. We should choose tools that are stable and easy to reproduce."
c1,6,B,2026-02-01T11:04:20,"I think, first we ingest chats, then index, then retrieve, then answer, then analyze logs."
c1,7,B,2026-02-01T11:05:47,"I'm not sure but, i agree. If we keep the stack simple, we can focus on the analysis."
c1,8,B,2026-02-01T11:07:24,"I think, a minimal system plus strong evaluation is probably the best strategy."
c1,9,E,2026-02-01T11:08:26,Quick question: I'm not fully convinced yet. We should trade engineering time for better study design and write-up?
c1,10,G,2026-02-01T11:09:45,"To be clear, first we ingest chats, then index, then retrieve, then answer, then analyze logs."
c1,11,G,2026-02-01T11:10:07,A minimal system plus strong evaluation is probably the best strategy.
c1,12,B,2026-02-01T11:11:42,"I think, we could compare two setups to see if results are robust."
c1,13,B,2026-02-01T11:12:08,"Maybe, we should trade engineering time for better study design and write-up."
c1,14,B,2026-02-01T11:12:48,"Maybe, if we keep the stack simple, we can focus on the analysis."
c1,15,E,2026-02-01T11:14:17,Just to check: A minimal system plus strong evaluation is probably the best strategy?
c1,16,G,2026-02-01T11:14:43,We should build a baseline before adding any improvements.
c1,17,C,2026-02-01T11:16:23,We should log every retrieval step so we can explain results. We can validate it quickly with a small pilot before we scale it up.
c1,18,E,2026-02-01T11:17:59,"Before we move on: I agree. If we keep it simple, we can run more experiments and comparisons?"
c1,19,B,2026-02-01T11:18:40,"I feel like, a minimal system plus strong evaluation is probably the best strategy."
c1,20,D,2026-02-01T11:19:27,We should build a baseline before adding any improvements.
c1,21,C,2026-02-01T11:21:17,"We should choose tools that are stable and easy to reproduce. It might feel like extra work now, but it saves time during analysis."
c1,22,C,2026-02-01T11:22:37,I'm not fully convinced yet. Let’s make the pipeline reproducible with fixed seeds and configs. We can validate it quickly with a small pilot before we scale it up.
c1,23,E,2026-02-01T11:23:39,"Just to check: To be clear, first we ingest chats, then index, then retrieve, then answer, then analyze logs?"
c1,24,E,2026-02-01T11:25:17,Quick question: We can use a simple vector store and a basic retrieval QA chain?
c1,25,B,2026-02-01T11:26:28,"Kind of, i'm not fully convinced yet. First we ingest chats, then index, then retrieve, then answer, then analyze logs."
c1,26,C,2026-02-01T11:27:22,"I'm not fully convinced yet. If we keep it simple, we can run more experiments and comparisons. We can validate it quickly with a small pilot before we scale it up."
c1,27,G,2026-02-01T11:27:52,"If we keep the stack simple, we can focus on the analysis."
c1,28,B,2026-02-01T11:28:43,"I'm not sure but, i agree. We should build a baseline before adding any improvements."
c1,29,D,2026-02-01T11:29:56,We should choose tools that are stable and easy to reproduce.
c1,30,B,2026-02-01T11:30:35,"It seems like, we should choose tools that are stable and easy to reproduce."
c1,31,G,2026-02-01T11:31:14,We could compare two setups to see if results are robust.
c1,32,B,2026-02-01T11:32:10,"I feel like, first we ingest chats, then index, then retrieve, then answer, then analyze logs."
c1,33,C,2026-02-01T11:33:00,We should build a baseline before adding any improvements. This also gives us something concrete to show in the proposal and final report.
c1,34,D,2026-02-01T11:34:23,I agree.
c1,35,B,2026-02-01T11:34:54,"I feel like, honestly, we should log every retrieval step so we can explain results."
c1,36,D,2026-02-01T11:36:13,"If we keep the stack simple, we can focus on the analysis."
c1,37,E,2026-02-01T11:37:28,Small question: We should trade engineering time for better study design and write-up?
c1,38,D,2026-02-01T11:38:36,"If we keep the stack simple, we can focus on the analysis."
c1,39,G,2026-02-01T11:40:08,We should build a baseline before adding any improvements.
c1,40,B,2026-02-01T11:41:25,"I'm not sure but, we should choose tools that are stable and easy to reproduce."
c1,41,D,2026-02-01T11:42:10,I agree.
c1,42,B,2026-02-01T11:42:46,"Possibly, i'm not fully convinced yet. We should build a baseline before adding any improvements."
c1,43,D,2026-02-01T11:43:56,We should build a baseline before adding any improvements.
c1,44,B,2026-02-01T11:44:43,"Possibly, first we ingest chats, then index, then retrieve, then answer, then analyze logs."
c1,45,B,2026-02-01T11:45:15,"I think, i agree. We should choose tools that are stable and easy to reproduce."
c1,46,D,2026-02-01T11:45:55,I'm not fully convinced yet.
c1,47,D,2026-02-01T11:47:37,"Definitely, we should build a baseline before adding any improvements."
c1,48,C,2026-02-01T11:48:33,We can use a simple vector store and a basic retrieval QA chain. This also gives us something concrete to show in the proposal and final report.
c1,49,E,2026-02-01T11:49:57,Small question: Let’s make the pipeline reproducible with fixed seeds and configs?
c1,50,B,2026-02-01T11:51:03,"Maybe, we can use a simple vector store and a basic retrieval QA chain."
c1,51,C,2026-02-01T11:52:41,We can use a simple vector store and a basic retrieval QA chain. That way we can separate system behavior from human perception effects.
c1,52,G,2026-02-01T11:53:19,"I agree. If we keep it simple, we can run more experiments and comparisons."
c1,53,E,2026-02-01T11:54:13,Just to check: A more complex system might look impressive but could be risky?
c1,54,G,2026-02-01T11:55:11,A more complex system might look impressive but could be risky.
c1,55,B,2026-02-01T11:55:44,"Maybe, to be clear, we should trade engineering time for better study design and write-up."
c1,56,G,2026-02-01T11:57:12,"First we ingest chats, then index, then retrieve, then answer, then analyze logs."
c1,57,G,2026-02-01T11:57:41,A more complex system might look impressive but could be risky.
c1,58,E,2026-02-01T11:59:27,Quick question: We should build a baseline before adding any improvements?
c1,59,C,2026-02-01T12:00:49,"Let’s make the pipeline reproducible with fixed seeds and configs. It might feel like extra work now, but it saves time during analysis."
c1,60,G,2026-02-01T12:01:25,"If we keep the stack simple, we can focus on the analysis."
c2,1,E,2026-02-01T12:00:00,Team: let's discuss study design discussion and get aligned before we split tasks.
c2,2,E,2026-02-01T12:00:45,"Quick question: For the user study, we can ask who seems most knowledgeable or influential?"
c2,3,B,2026-02-01T12:02:13,"It seems like, we can compute retrieval share per speaker and compare it to participation share."
c2,4,F,2026-02-01T12:03:14,"Thanks, we should randomize which conversation they see to avoid learning effects."
c2,5,B,2026-02-01T12:04:08,"Possibly, i agree. I suspect verbose speakers will be retrieved more often just because they contain more keywords."
c2,6,E,2026-02-01T12:05:32,Small question: I suspect verbose speakers will be retrieved more often just because they contain more keywords?
c2,7,A,2026-02-01T12:06:04,"I recommend we should compute style metrics: verbosity, hedging rate, assertiveness rate."
c2,8,B,2026-02-01T12:06:43,"Maybe, readers may think the most-retrieved speaker is the leader, even if they weren’t."
c2,9,E,2026-02-01T12:07:25,Just to check: Hedging language might be retrieved less because it sounds less decisive?
c2,10,B,2026-02-01T12:08:26,"Kind of, i agree. We should collect demographics lightly, if allowed, but keep it minimal."
c2,11,F,2026-02-01T12:09:06,"I agree. We should compute style metrics: verbosity, hedging rate, assertiveness rate. thanks."
c2,12,D,2026-02-01T12:10:11,"We should compute style metrics: verbosity, hedging rate, assertiveness rate."
c2,13,E,2026-02-01T12:11:50,Before we move on: We should track agreement across participants to see if the effect is consistent?
c2,14,E,2026-02-01T12:12:17,"Quick question: We should compute style metrics: verbosity, hedging rate, assertiveness rate?"
c2,15,F,2026-02-01T12:12:56,"Appreciate it, for the user study, we can ask who seems most knowledgeable or influential."
c2,16,A,2026-02-01T12:14:18,"Let's readers may think the most-retrieved speaker is the leader, even if they weren’t."
c2,17,B,2026-02-01T12:14:59,"I'm not sure but, in my view, readers may think the most-retrieved speaker is the leader, even if they weren’t."
c2,18,E,2026-02-01T12:16:01,Quick question: I agree. I suspect verbose speakers will be retrieved more often just because they contain more keywords?
c2,19,A,2026-02-01T12:16:31,"Let's i'm not fully convinced yet. We should compute style metrics: verbosity, hedging rate, assertiveness rate."
c2,20,F,2026-02-01T12:17:54,"Thanks, readers may think the most-retrieved speaker is the leader, even if they weren’t."
c2,21,A,2026-02-01T12:19:31,Let's i suspect verbose speakers will be retrieved more often just because they contain more keywords.
c2,22,B,2026-02-01T12:20:58,"Kind of, hedging language might be retrieved less because it sounds less decisive."
c2,23,E,2026-02-01T12:22:15,"Just to check: Readers may think the most-retrieved speaker is the leader, even if they weren’t?"
c2,24,A,2026-02-01T12:23:32,I recommend we can show participants a short system-generated summary and ask perception questions.
c2,25,E,2026-02-01T12:23:53,Just to check: We can show participants a short system-generated summary and ask perception questions?
c2,26,B,2026-02-01T12:24:46,"I feel like, definitely, i'm not fully convinced yet. We can keep it lightweight with a Google Form and short tasks."
c2,27,F,2026-02-01T12:26:00,"Readers may think the most-retrieved speaker is the leader, even if they weren’t. could we."
c2,28,F,2026-02-01T12:27:42,"Honestly, readers may think the most-retrieved speaker is the leader, even if they weren’t. appreciate it."
c2,29,D,2026-02-01T12:28:03,We should randomize which conversation they see to avoid learning effects.
c2,30,F,2026-02-01T12:29:03,I agree. We can keep it lightweight with a Google Form and short tasks. appreciate it.
c2,31,D,2026-02-01T12:30:34,I'm not fully convinced yet.
c2,32,F,2026-02-01T12:32:19,"Could we, we can keep it lightweight with a Google Form and short tasks."
c2,33,B,2026-02-01T12:33:06,"It seems like, i suspect verbose speakers will be retrieved more often just because they contain more keywords."
c2,34,F,2026-02-01T12:34:49,"I agree. We should compute style metrics: verbosity, hedging rate, assertiveness rate. appreciate it."
c2,35,F,2026-02-01T12:36:15,I agree. I suspect verbose speakers will be retrieved more often just because they contain more keywords. could we.
c2,36,D,2026-02-01T12:38:04,"To be clear, for the user study, we can ask who seems most knowledgeable or influential."
c2,37,E,2026-02-01T12:38:27,"Before we move on: Readers may think the most-retrieved speaker is the leader, even if they weren’t?"
c2,38,E,2026-02-01T12:40:03,Can we clarify: We can show participants a short system-generated summary and ask perception questions?
c2,39,F,2026-02-01T12:40:56,"To be clear, hedging language might be retrieved less because it sounds less decisive. would you be able to."
c2,40,A,2026-02-01T12:42:26,"Let's readers may think the most-retrieved speaker is the leader, even if they weren’t."
c2,41,A,2026-02-01T12:43:16,"I recommend readers may think the most-retrieved speaker is the leader, even if they weren’t."
c2,42,A,2026-02-01T12:44:04,"I recommend we should compute style metrics: verbosity, hedging rate, assertiveness rate."
c2,43,A,2026-02-01T12:45:23,"The best option is we should collect demographics lightly, if allowed, but keep it minimal."
c2,44,B,2026-02-01T12:46:16,"Possibly, readers may think the most-retrieved speaker is the leader, even if they weren’t."
c2,45,A,2026-02-01T12:46:42,"I recommend we should compute style metrics: verbosity, hedging rate, assertiveness rate."
c2,46,F,2026-02-01T12:48:29,"We should compute style metrics: verbosity, hedging rate, assertiveness rate. appreciate it."
c2,47,B,2026-02-01T12:49:42,"Possibly, we can show participants a short system-generated summary and ask perception questions."
c2,48,A,2026-02-01T12:50:46,"We should i agree. For the user study, we can ask who seems most knowledgeable or influential."
c2,49,E,2026-02-01T12:51:13,Small question: I suspect verbose speakers will be retrieved more often just because they contain more keywords?
c2,50,E,2026-02-01T12:53:02,"Before we move on: To be clear, we can keep it lightweight with a Google Form and short tasks?"
c2,51,E,2026-02-01T12:54:44,Before we move on: We can keep it lightweight with a Google Form and short tasks?
c2,52,A,2026-02-01T12:55:11,"We should definitely, i agree. We should randomize which conversation they see to avoid learning effects."
c2,53,E,2026-02-01T12:56:51,Before we move on: We should randomize which conversation they see to avoid learning effects?
c2,54,F,2026-02-01T12:57:14,Hedging language might be retrieved less because it sounds less decisive. could we.
c2,55,D,2026-02-01T12:57:41,Hedging language might be retrieved less because it sounds less decisive.
c2,56,B,2026-02-01T12:59:25,"Possibly, we should randomize which conversation they see to avoid learning effects."
c2,57,E,2026-02-01T13:00:36,Just to check: We can show participants a short system-generated summary and ask perception questions?
c2,58,E,2026-02-01T13:01:33,"Can we clarify: To be clear, we should compute style metrics: verbosity, hedging rate, assertiveness rate?"
c2,59,F,2026-02-01T13:02:16,"I'm not fully convinced yet. For the user study, we can ask who seems most knowledgeable or influential. appreciate it."
c2,60,F,2026-02-01T13:02:40,"Please, if retrieval is skewed, summaries may systematically misrepresent the group."
c2,61,B,2026-02-01T13:03:04,"Possibly, we can keep it lightweight with a Google Form and short tasks."
c2,62,E,2026-02-01T13:04:16,Quick question: I'm not fully convinced yet. We should track agreement across participants to see if the effect is consistent?
c2,63,B,2026-02-01T13:05:12,"Possibly, in my view, hedging language might be retrieved less because it sounds less decisive."
c2,64,D,2026-02-01T13:05:58,"We should collect demographics lightly, if allowed, but keep it minimal."
c2,65,B,2026-02-01T13:07:40,"It seems like, we can show participants a short system-generated summary and ask perception questions."
c2,66,E,2026-02-01T13:08:38,Just to check: Hedging language might be retrieved less because it sounds less decisive?
c2,67,F,2026-02-01T13:09:08,"Would you be able to, for the user study, we can ask who seems most knowledgeable or influential."
c2,68,B,2026-02-01T13:09:53,"Possibly, we should track agreement across participants to see if the effect is consistent."
c2,69,F,2026-02-01T13:10:13,"Readers may think the most-retrieved speaker is the leader, even if they weren’t. appreciate it."
c3,1,G,2026-02-01T13:00:00,Team: let's discuss class project planning and get aligned before we split tasks.
c3,2,F,2026-02-01T13:01:04,"Could we, we should store everything in a clean CSV with speaker IDs and timestamps."
c3,3,G,2026-02-01T13:02:37,Let’s define a small set of standard questions to ask the system.
c3,4,G,2026-02-01T13:03:04,We can simulate group chats so we control ground truth and avoid privacy issues.
c3,5,F,2026-02-01T13:04:36,"Appreciate it, i'm not fully convinced yet. We need time near the end for polishing figures and slides."
c3,6,A,2026-02-01T13:05:14,I recommend we should store everything in a clean CSV with speaker IDs and timestamps.
c3,7,F,2026-02-01T13:07:01,"Appreciate it, let’s decide how many conversations and messages we need for signal."
c3,8,C,2026-02-01T13:07:45,Let’s define a small set of standard questions to ask the system. This also gives us something concrete to show in the proposal and final report.
c3,9,G,2026-02-01T13:09:10,I agree. We should assign owners for each part so work doesn’t overlap.
c3,10,B,2026-02-01T13:10:45,"Possibly, we need multi-speaker conversations where each person has a distinct style."
c3,11,C,2026-02-01T13:12:06,"I agree. Let’s set weekly milestones: data, prototype, analysis, study, writing. If we write this down as a checklist, we can avoid back-and-forth later."
c3,12,G,2026-02-01T13:13:13,We need multi-speaker conversations where each person has a distinct style.
c3,13,G,2026-02-01T13:14:51,Let’s define a small set of standard questions to ask the system.
c3,14,G,2026-02-01T13:15:50,"Honestly, let’s decide how many conversations and messages we need for signal."
c3,15,G,2026-02-01T13:17:16,"Let’s set weekly milestones: data, prototype, analysis, study, writing."
c3,16,B,2026-02-01T13:17:36,"I feel like, we also need a human study to see if summaries change perception."
c3,17,G,2026-02-01T13:18:41,We also need a human study to see if summaries change perception.
c3,18,A,2026-02-01T13:19:22,I recommend we should measure who gets retrieved compared to who actually contributed.
c3,19,G,2026-02-01T13:20:16,We need time near the end for polishing figures and slides.
c3,20,F,2026-02-01T13:21:02,We also need a human study to see if summaries change perception. please.
c3,21,F,2026-02-01T13:22:28,"Would you be able to, we should include robustness checks by changing retrieval settings."
c3,22,F,2026-02-01T13:24:15,"Thanks, we need multi-speaker conversations where each person has a distinct style."
c3,23,A,2026-02-01T13:24:38,We should we need multi-speaker conversations where each person has a distinct style.
c3,24,G,2026-02-01T13:25:58,I'm not fully convinced yet. We should include robustness checks by changing retrieval settings.
c3,25,C,2026-02-01T13:26:48,"We should assign owners for each part so work doesn’t overlap. It might feel like extra work now, but it saves time during analysis."
c3,26,A,2026-02-01T13:28:01,We should i agree. We need time near the end for polishing figures and slides.
c3,27,A,2026-02-01T13:28:30,"We need to i agree. If we finish the prototype early, we’ll have time to run the user study."
c3,28,F,2026-02-01T13:28:51,Let’s decide how many conversations and messages we need for signal. please.
c3,29,G,2026-02-01T13:30:20,"If we finish the prototype early, we’ll have time to run the user study."
c3,30,G,2026-02-01T13:31:04,"In my view, i'm not fully convinced yet. Let’s decide how many conversations and messages we need for signal."
c3,31,B,2026-02-01T13:32:51,"I think, we should measure who gets retrieved compared to who actually contributed."
c3,32,C,2026-02-01T13:34:32,"In my view, we should include robustness checks by changing retrieval settings. It might feel like extra work now, but it saves time during analysis."
c3,33,A,2026-02-01T13:35:18,We should i agree. We can simulate group chats so we control ground truth and avoid privacy issues.
c3,34,B,2026-02-01T13:37:00,"I feel like, i'm not fully convinced yet. We need multi-speaker conversations where each person has a distinct style."
c3,35,C,2026-02-01T13:37:29,"We should store everything in a clean CSV with speaker IDs and timestamps. It might feel like extra work now, but it saves time during analysis."
c3,36,B,2026-02-01T13:37:50,"I think, we should include robustness checks by changing retrieval settings."
c3,37,B,2026-02-01T13:39:09,"It seems like, we also need a human study to see if summaries change perception."
c3,38,A,2026-02-01T13:39:39,We need to we need time near the end for polishing figures and slides.
c3,39,B,2026-02-01T13:40:51,"I think, we should include robustness checks by changing retrieval settings."
c3,40,G,2026-02-01T13:41:56,We need time near the end for polishing figures and slides.
c3,41,C,2026-02-01T13:42:50,"I agree. We also need a human study to see if summaries change perception. It might feel like extra work now, but it saves time during analysis."
c3,42,G,2026-02-01T13:44:09,We can simulate group chats so we control ground truth and avoid privacy issues.
c3,43,A,2026-02-01T13:45:28,We should we can simulate group chats so we control ground truth and avoid privacy issues.
c3,44,F,2026-02-01T13:47:02,"Would you be able to, let’s decide how many conversations and messages we need for signal."
c3,45,A,2026-02-01T13:48:15,The best option is we also need a human study to see if summaries change perception.
c3,46,C,2026-02-01T13:48:54,"We can simulate group chats so we control ground truth and avoid privacy issues. It might feel like extra work now, but it saves time during analysis."
c3,47,B,2026-02-01T13:50:37,"I feel like, we need multi-speaker conversations where each person has a distinct style."
c3,48,A,2026-02-01T13:52:22,The best option is let’s decide how many conversations and messages we need for signal.
c3,49,C,2026-02-01T13:53:01,We should store everything in a clean CSV with speaker IDs and timestamps. That way we can separate system behavior from human perception effects.
c3,50,C,2026-02-01T13:53:31,We should measure who gets retrieved compared to who actually contributed. This also gives us something concrete to show in the proposal and final report.
c3,51,B,2026-02-01T13:54:47,"Kind of, we should measure who gets retrieved compared to who actually contributed."
c3,52,C,2026-02-01T13:56:36,Let’s decide how many conversations and messages we need for signal. This also gives us something concrete to show in the proposal and final report.
c3,53,B,2026-02-01T13:57:43,"I think, let’s decide how many conversations and messages we need for signal."
c3,54,B,2026-02-01T13:58:43,"It seems like, we also need a human study to see if summaries change perception."
c3,55,A,2026-02-01T14:00:27,"Let's honestly, we can simulate group chats so we control ground truth and avoid privacy issues."
c3,56,A,2026-02-01T14:02:06,I propose we should include robustness checks by changing retrieval settings.
c3,57,A,2026-02-01T14:03:32,"We should if we finish the prototype early, we’ll have time to run the user study."
c3,58,A,2026-02-01T14:04:01,"The best option is let’s set weekly milestones: data, prototype, analysis, study, writing."
c3,59,A,2026-02-01T14:04:48,"Let's for sure, we should assign owners for each part so work doesn’t overlap."
c3,60,G,2026-02-01T14:06:10,We should assign owners for each part so work doesn’t overlap.
c3,61,C,2026-02-01T14:06:32,"Let’s define a small set of standard questions to ask the system. It might feel like extra work now, but it saves time during analysis."
c3,62,B,2026-02-01T14:08:09,"It seems like, we need time near the end for polishing figures and slides."
c3,63,F,2026-02-01T14:08:33,"Appreciate it, we should measure who gets retrieved compared to who actually contributed."
c3,64,F,2026-02-01T14:09:55,I agree. We should include robustness checks by changing retrieval settings. could we.
c3,65,G,2026-02-01T14:10:25,"To be clear, we should store everything in a clean CSV with speaker IDs and timestamps."
c3,66,B,2026-02-01T14:10:56,"It seems like, i'm not fully convinced yet. We should store everything in a clean CSV with speaker IDs and timestamps."
c3,67,C,2026-02-01T14:12:42,"Definitely, i agree. We should assign owners for each part so work doesn’t overlap. This also gives us something concrete to show in the proposal and final report."
c3,68,F,2026-02-01T14:13:59,I agree. We should measure who gets retrieved compared to who actually contributed. thanks.
c3,69,F,2026-02-01T14:14:55,"Thanks, we should measure who gets retrieved compared to who actually contributed."
c3,70,G,2026-02-01T14:16:22,"To be clear, we need multi-speaker conversations where each person has a distinct style."
c3,71,C,2026-02-01T14:17:36,We need multi-speaker conversations where each person has a distinct style. This also gives us something concrete to show in the proposal and final report.
c3,72,G,2026-02-01T14:18:10,We also need a human study to see if summaries change perception.
c3,73,C,2026-02-01T14:18:49,We can simulate group chats so we control ground truth and avoid privacy issues. This also gives us something concrete to show in the proposal and final report.
c3,74,C,2026-02-01T14:20:03,I agree. Let’s decide how many conversations and messages we need for signal. We can validate it quickly with a small pilot before we scale it up.
c3,75,B,2026-02-01T14:21:20,"I think, i agree. We also need a human study to see if summaries change perception."
c4,1,E,2026-02-01T14:00:00,Team: let's discuss team meeting recap and get aligned before we split tasks.
c4,2,E,2026-02-01T14:00:38,Can we clarify: Let’s restate what we agreed on before we end the meeting?
c4,3,A,2026-02-01T14:01:22,"We need to action items: finalize data format, build indexing, and draft pitch."
c4,4,A,2026-02-01T14:02:42,Let's let’s restate what we agreed on before we end the meeting.
c4,5,A,2026-02-01T14:04:31,I propose i agree. Can someone summarize today’s discussion in a few bullets?
c4,6,G,2026-02-01T14:05:39,Let’s restate what we agreed on before we end the meeting.
c4,7,A,2026-02-01T14:06:17,I propose can someone summarize today’s discussion in a few bullets?
c4,8,G,2026-02-01T14:07:18,I agree. How do we define 'important' contributions in a fair way?
c4,9,G,2026-02-01T14:07:46,"I agree. We should capture the reasoning behind the decision, not just the outcome."
c4,10,B,2026-02-01T14:08:12,"Possibly, let’s assign owners and deadlines for each task."
c4,11,A,2026-02-01T14:09:41,I propose i'm not fully convinced yet. The main decision is which project idea we commit to.
c4,12,F,2026-02-01T14:10:33,"Would you be able to, we still need to decide the retrieval strategy and top-k value."
c4,13,E,2026-02-01T14:11:44,Before we move on: How many participants do we need for a reasonable user study??
c4,14,E,2026-02-01T14:12:58,"Small question: Honestly, how many participants do we need for a reasonable user study??"
c4,15,B,2026-02-01T14:13:57,"I think, the main decision is which project idea we commit to."
c4,16,F,2026-02-01T14:14:30,Should we analyze message-level retrieval or chunk messages into windows? appreciate it.
c4,17,F,2026-02-01T14:16:14,Should we analyze message-level retrieval or chunk messages into windows? could we.
c4,18,F,2026-02-01T14:16:59,I agree. Should we analyze message-level retrieval or chunk messages into windows? thanks.
c4,19,E,2026-02-01T14:18:47,Before we move on: I agree. We still need to decide the retrieval strategy and top-k value?
c4,20,E,2026-02-01T14:19:21,Can we clarify: I agree. The main decision is which project idea we commit to?
c4,21,G,2026-02-01T14:20:54,"We should capture the reasoning behind the decision, not just the outcome."
c4,22,G,2026-02-01T14:22:34,"We should capture the reasoning behind the decision, not just the outcome."
c4,23,G,2026-02-01T14:23:06,I agree. Let’s assign owners and deadlines for each task.
c4,24,G,2026-02-01T14:24:33,Let’s assign owners and deadlines for each task.
c4,25,B,2026-02-01T14:26:16,"Possibly, i agree. We should write down the final scope so everyone is aligned."
c4,26,F,2026-02-01T14:27:44,"Please, the main decision is which project idea we commit to."
c4,27,E,2026-02-01T14:29:21,Quick question: Can someone summarize today’s discussion in a few bullets??
c4,28,F,2026-02-01T14:29:54,Let’s assign owners and deadlines for each task. appreciate it.
c4,29,B,2026-02-01T14:30:42,"I feel like, the main decision is which project idea we commit to."
c4,30,E,2026-02-01T14:31:38,"Just to check: Honestly, how many participants do we need for a reasonable user study??"
c4,31,A,2026-02-01T14:32:24,We should should we analyze message-level retrieval or chunk messages into windows?
c4,32,A,2026-02-01T14:33:50,"The best option is action items: finalize data format, build indexing, and draft pitch."
c4,33,B,2026-02-01T14:34:54,"I'm not sure but, we still need to decide the retrieval strategy and top-k value."
c4,34,B,2026-02-01T14:36:36,"I'm not sure but, in my view, should we analyze message-level retrieval or chunk messages into windows?"
c4,35,A,2026-02-01T14:38:05,We need to the main decision is which project idea we commit to.
c4,36,E,2026-02-01T14:39:46,Just to check: We should create a shared doc with open questions and next steps?
c4,37,B,2026-02-01T14:41:06,"I'm not sure but, we should write down the final scope so everyone is aligned."
c4,38,B,2026-02-01T14:42:08,"I feel like, how many participants do we need for a reasonable user study?"
c4,39,E,2026-02-01T14:43:46,"Just to check: Definitely, we should capture the reasoning behind the decision, not just the outcome?"
c4,40,A,2026-02-01T14:45:29,The best option is i'm not fully convinced yet. Let’s assign owners and deadlines for each task.
c4,41,B,2026-02-01T14:46:13,"Possibly, can someone summarize today’s discussion in a few bullets?"
c4,42,A,2026-02-01T14:47:06,The best option is can someone summarize today’s discussion in a few bullets?
c4,43,G,2026-02-01T14:48:05,Can someone summarize today’s discussion in a few bullets?
c4,44,G,2026-02-01T14:49:08,How do we define 'important' contributions in a fair way?
c4,45,G,2026-02-01T14:50:33,Let’s assign owners and deadlines for each task.
c4,46,F,2026-02-01T14:51:40,"Thanks, let’s assign owners and deadlines for each task."
c4,47,F,2026-02-01T14:53:13,"Please, how many participants do we need for a reasonable user study?"
c4,48,E,2026-02-01T14:54:17,"Just to check: For sure, i'm not fully convinced yet. We should create a shared doc with open questions and next steps?"
c4,49,B,2026-02-01T14:55:54,"It seems like, the main decision is which project idea we commit to."
c4,50,G,2026-02-01T14:56:26,How do we define 'important' contributions in a fair way?
c4,51,E,2026-02-01T14:57:32,Before we move on: Let’s restate what we agreed on before we end the meeting?
c4,52,G,2026-02-01T14:58:16,Let’s restate what we agreed on before we end the meeting.
c4,53,F,2026-02-01T14:59:51,"Appreciate it, we should capture the reasoning behind the decision, not just the outcome."
c4,54,F,2026-02-01T15:01:38,"Appreciate it, i agree. We should capture the reasoning behind the decision, not just the outcome."
c4,55,E,2026-02-01T15:03:18,Can we clarify: We should write down the final scope so everyone is aligned?
c4,56,E,2026-02-01T15:05:05,"Just to check: In my view, the main decision is which project idea we commit to?"
c4,57,A,2026-02-01T15:06:29,I recommend how do we define 'important' contributions in a fair way?
c4,58,B,2026-02-01T15:07:38,"It seems like, let’s restate what we agreed on before we end the meeting."
c4,59,B,2026-02-01T15:08:36,"I'm not sure but, we should capture the reasoning behind the decision, not just the outcome."
c4,60,A,2026-02-01T15:09:31,"I recommend action items: finalize data format, build indexing, and draft pitch."
c4,61,B,2026-02-01T15:11:05,"I think, definitely, let’s assign owners and deadlines for each task."
c4,62,A,2026-02-01T15:12:06,"We should action items: finalize data format, build indexing, and draft pitch."
c5,1,F,2026-02-01T15:00:00,Team: let's discuss choosing tools/stack and get aligned before we split tasks.
c5,2,F,2026-02-01T15:01:21,"Please, if we keep it simple, we can run more experiments and comparisons."
c5,3,A,2026-02-01T15:02:09,"We should i agree. If we keep the stack simple, we can focus on the analysis."
c5,4,E,2026-02-01T15:03:32,Quick question: We should build a baseline before adding any improvements?
c5,5,B,2026-02-01T15:04:36,"Kind of, we should log every retrieval step so we can explain results."
c5,6,E,2026-02-01T15:05:20,Before we move on: Let’s make the pipeline reproducible with fixed seeds and configs?
c5,7,F,2026-02-01T15:06:25,A minimal system plus strong evaluation is probably the best strategy. if you don't mind.
c5,8,B,2026-02-01T15:07:02,"Kind of, we could compare two setups to see if results are robust."
c5,9,F,2026-02-01T15:07:41,"Would you be able to, i agree. A more complex system might look impressive but could be risky."
c5,10,A,2026-02-01T15:09:17,"We should i agree. First we ingest chats, then index, then retrieve, then answer, then analyze logs."
c5,11,B,2026-02-01T15:10:30,"Kind of, let’s make the pipeline reproducible with fixed seeds and configs."
c5,12,G,2026-02-01T15:11:48,I'm not fully convinced yet. Let’s make the pipeline reproducible with fixed seeds and configs.
c5,13,F,2026-02-01T15:13:00,I'm not fully convinced yet. Let’s make the pipeline reproducible with fixed seeds and configs. please.
c5,14,A,2026-02-01T15:13:57,"I recommend if we keep the stack simple, we can focus on the analysis."
c5,15,E,2026-02-01T15:15:39,Quick question: We should log every retrieval step so we can explain results?
c5,16,E,2026-02-01T15:17:18,Small question: We should choose tools that are stable and easy to reproduce?
c5,17,A,2026-02-01T15:18:41,The best option is we should choose tools that are stable and easy to reproduce.
c5,18,A,2026-02-01T15:20:00,"The best option is first we ingest chats, then index, then retrieve, then answer, then analyze logs."
c5,19,A,2026-02-01T15:20:46,I recommend we can use a simple vector store and a basic retrieval QA chain.
c5,20,B,2026-02-01T15:22:10,"Kind of, we should build a baseline before adding any improvements."
c5,21,A,2026-02-01T15:22:35,"I propose first we ingest chats, then index, then retrieve, then answer, then analyze logs."
c5,22,A,2026-02-01T15:23:46,We need to we should trade engineering time for better study design and write-up.
c5,23,A,2026-02-01T15:25:00,"The best option is if we keep the stack simple, we can focus on the analysis."
c5,24,B,2026-02-01T15:26:16,"Maybe, let’s make the pipeline reproducible with fixed seeds and configs."
c5,25,A,2026-02-01T15:26:51,We should we should trade engineering time for better study design and write-up.
c5,26,B,2026-02-01T15:28:04,"Maybe, i agree. We could compare two setups to see if results are robust."
c5,27,E,2026-02-01T15:29:51,"Small question: To be clear, first we ingest chats, then index, then retrieve, then answer, then analyze logs?"
c5,28,G,2026-02-01T15:30:20,A more complex system might look impressive but could be risky.
c5,29,F,2026-02-01T15:31:55,"Definitely, i agree. Let’s make the pipeline reproducible with fixed seeds and configs. could we."
c5,30,G,2026-02-01T15:33:45,We should log every retrieval step so we can explain results.
c5,31,G,2026-02-01T15:34:28,We should log every retrieval step so we can explain results.
c5,32,E,2026-02-01T15:35:32,Quick question: We should trade engineering time for better study design and write-up?
c5,33,B,2026-02-01T15:36:21,"Maybe, we can use a simple vector store and a basic retrieval QA chain."
c5,34,B,2026-02-01T15:36:47,"I think, honestly, first we ingest chats, then index, then retrieve, then answer, then analyze logs."
c5,35,A,2026-02-01T15:37:48,"The best option is if we keep it simple, we can run more experiments and comparisons."
c5,36,E,2026-02-01T15:38:51,Can we clarify: Let’s make the pipeline reproducible with fixed seeds and configs?
c5,37,G,2026-02-01T15:40:28,I agree. We should choose tools that are stable and easy to reproduce.
c5,38,E,2026-02-01T15:41:50,Can we clarify: A more complex system might look impressive but could be risky?
c5,39,B,2026-02-01T15:43:11,"Kind of, if we keep the stack simple, we can focus on the analysis."
c5,40,G,2026-02-01T15:44:04,We should choose tools that are stable and easy to reproduce.
c5,41,E,2026-02-01T15:45:02,Can we clarify: I agree. We can use a simple vector store and a basic retrieval QA chain?
c5,42,F,2026-02-01T15:45:34,"Please, we can use a simple vector store and a basic retrieval QA chain."
c5,43,G,2026-02-01T15:47:00,A minimal system plus strong evaluation is probably the best strategy.
c5,44,F,2026-02-01T15:48:07,A minimal system plus strong evaluation is probably the best strategy. could we.
c5,45,B,2026-02-01T15:48:49,"Maybe, i'm not fully convinced yet. A minimal system plus strong evaluation is probably the best strategy."
c5,46,G,2026-02-01T15:50:27,Let’s make the pipeline reproducible with fixed seeds and configs.
c5,47,A,2026-02-01T15:51:15,We need to we should build a baseline before adding any improvements.
c5,48,A,2026-02-01T15:52:51,Let's a more complex system might look impressive but could be risky.
c5,49,A,2026-02-01T15:54:07,"We should honestly, let’s make the pipeline reproducible with fixed seeds and configs."
c5,50,E,2026-02-01T15:55:55,"Can we clarify: If we keep the stack simple, we can focus on the analysis?"
c5,51,B,2026-02-01T15:56:35,"I'm not sure but, let’s make the pipeline reproducible with fixed seeds and configs."
c5,52,F,2026-02-01T15:57:47,"If you don't mind, a more complex system might look impressive but could be risky."
c5,53,F,2026-02-01T15:58:28,"If you don't mind, a minimal system plus strong evaluation is probably the best strategy."
c5,54,B,2026-02-01T15:59:46,"It seems like, we can use a simple vector store and a basic retrieval QA chain."
c5,55,G,2026-02-01T16:01:34,I agree. We should choose tools that are stable and easy to reproduce.
c5,56,B,2026-02-01T16:02:21,"I feel like, for sure, a more complex system might look impressive but could be risky."
c5,57,F,2026-02-01T16:04:07,"Appreciate it, we could compare two setups to see if results are robust."
c6,1,E,2026-02-01T16:00:00,Team: let's discuss class project planning and get aligned before we split tasks.
c6,2,F,2026-02-01T16:01:05,"If you don't mind, we should measure who gets retrieved compared to who actually contributed."
c6,3,F,2026-02-01T16:01:34,"Appreciate it, we should include robustness checks by changing retrieval settings."
c6,4,B,2026-02-01T16:02:44,"Maybe, i'm not fully convinced yet. Let’s define a small set of standard questions to ask the system."
c6,5,E,2026-02-01T16:03:37,Can we clarify: I'm not fully convinced yet. Let’s pick one main question and avoid building extra features?
c6,6,B,2026-02-01T16:05:15,"I feel like, i'm not fully convinced yet. We should assign owners for each part so work doesn’t overlap."
c6,7,B,2026-02-01T16:06:46,"It seems like, if we finish the prototype early, we’ll have time to run the user study."
c6,8,B,2026-02-01T16:07:07,"Possibly, if we finish the prototype early, we’ll have time to run the user study."
c6,9,B,2026-02-01T16:08:40,"I'm not sure but, we also need a human study to see if summaries change perception."
c6,10,B,2026-02-01T16:10:25,"I think, we should assign owners for each part so work doesn’t overlap."
c6,11,E,2026-02-01T16:12:13,Before we move on: We should include robustness checks by changing retrieval settings?
c6,12,C,2026-02-01T16:13:09,"For sure, we should measure who gets retrieved compared to who actually contributed. We can validate it quickly with a small pilot before we scale it up."
c6,13,E,2026-02-01T16:14:48,"Just to check: If we finish the prototype early, we’ll have time to run the user study?"
c6,14,C,2026-02-01T16:16:24,"Let’s set weekly milestones: data, prototype, analysis, study, writing. If we write this down as a checklist, we can avoid back-and-forth later."
c6,15,F,2026-02-01T16:17:04,"To be clear, i'm not fully convinced yet. We need time near the end for polishing figures and slides. thanks."
c6,16,C,2026-02-01T16:18:10,Let’s define a small set of standard questions to ask the system. That way we can separate system behavior from human perception effects.
c6,17,C,2026-02-01T16:19:39,I'm not fully convinced yet. Let’s pick one main question and avoid building extra features. We can validate it quickly with a small pilot before we scale it up.
c6,18,F,2026-02-01T16:20:38,I agree. Let’s define a small set of standard questions to ask the system. appreciate it.
c6,19,C,2026-02-01T16:22:14,"Let’s define a small set of standard questions to ask the system. If we write this down as a checklist, we can avoid back-and-forth later."
c6,20,E,2026-02-01T16:22:45,"Before we move on: If we overbuild, we’ll have less time for evaluation and writing?"
c6,21,C,2026-02-01T16:23:07,We also need a human study to see if summaries change perception. This also gives us something concrete to show in the proposal and final report.
c6,22,E,2026-02-01T16:23:43,Small question: I agree. We should include robustness checks by changing retrieval settings?
c6,23,B,2026-02-01T16:24:14,"Maybe, if we finish the prototype early, we’ll have time to run the user study."
c6,24,E,2026-02-01T16:25:18,Quick question: Let’s pick one main question and avoid building extra features?
c6,25,F,2026-02-01T16:25:55,"Would you be able to, we also need a human study to see if summaries change perception."
c6,26,C,2026-02-01T16:27:11,"We need to keep the project focused so we can finish in time. If we write this down as a checklist, we can avoid back-and-forth later."
c6,27,B,2026-02-01T16:28:35,"Maybe, we need time near the end for polishing figures and slides."
c6,28,B,2026-02-01T16:29:00,"Maybe, let’s set weekly milestones: data, prototype, analysis, study, writing."
c6,29,F,2026-02-01T16:29:45,"If we finish the prototype early, we’ll have time to run the user study. if you don't mind."
c6,30,C,2026-02-01T16:30:18,We should assign owners for each part so work doesn’t overlap. This also gives us something concrete to show in the proposal and final report.
c6,31,C,2026-02-01T16:31:56,"We need to keep the project focused so we can finish in time. It might feel like extra work now, but it saves time during analysis."
c6,32,C,2026-02-01T16:33:13,"If we finish the prototype early, we’ll have time to run the user study. We can validate it quickly with a small pilot before we scale it up."
c6,33,E,2026-02-01T16:34:29,Just to check: I'm not fully convinced yet. We should include robustness checks by changing retrieval settings?
c6,34,F,2026-02-01T16:36:16,We need to keep the project focused so we can finish in time. thanks.
c6,35,D,2026-02-01T16:37:11,Let’s define a small set of standard questions to ask the system.
c6,36,E,2026-02-01T16:38:24,"Just to check: Let’s set weekly milestones: data, prototype, analysis, study, writing?"
c6,37,B,2026-02-01T16:38:50,"Kind of, we should assign owners for each part so work doesn’t overlap."
c6,38,C,2026-02-01T16:39:54,Let’s pick one main question and avoid building extra features. This also gives us something concrete to show in the proposal and final report.
c6,39,C,2026-02-01T16:41:15,"I agree. We should assign owners for each part so work doesn’t overlap. If we write this down as a checklist, we can avoid back-and-forth later."
c6,40,B,2026-02-01T16:42:06,"Possibly, we also need a human study to see if summaries change perception."
c6,41,C,2026-02-01T16:43:25,We also need a human study to see if summaries change perception. We can validate it quickly with a small pilot before we scale it up.
c6,42,E,2026-02-01T16:44:59,Can we clarify: We need time near the end for polishing figures and slides?
c6,43,F,2026-02-01T16:46:49,Let’s pick one main question and avoid building extra features. could we.
c6,44,B,2026-02-01T16:48:15,"Maybe, we need time near the end for polishing figures and slides."
c6,45,C,2026-02-01T16:49:38,"Let’s define a small set of standard questions to ask the system. If we write this down as a checklist, we can avoid back-and-forth later."
c6,46,B,2026-02-01T16:51:02,"Kind of, i agree. Let’s define a small set of standard questions to ask the system."
c6,47,C,2026-02-01T16:52:30,"I agree. We should include robustness checks by changing retrieval settings. If we write this down as a checklist, we can avoid back-and-forth later."
c6,48,C,2026-02-01T16:53:02,We need time near the end for polishing figures and slides. This also gives us something concrete to show in the proposal and final report.
c6,49,B,2026-02-01T16:54:44,"It seems like, we need time near the end for polishing figures and slides."
c6,50,D,2026-02-01T16:55:07,We also need a human study to see if summaries change perception.
c6,51,C,2026-02-01T16:55:47,"We should include robustness checks by changing retrieval settings. If we write this down as a checklist, we can avoid back-and-forth later."
c6,52,B,2026-02-01T16:56:13,"Possibly, we should measure who gets retrieved compared to who actually contributed."
c6,53,C,2026-02-01T16:56:53,"If we finish the prototype early, we’ll have time to run the user study. We can validate it quickly with a small pilot before we scale it up."
c6,54,C,2026-02-01T16:58:28,We should include robustness checks by changing retrieval settings. That way we can separate system behavior from human perception effects.
c6,55,F,2026-02-01T16:59:32,"If you don't mind, honestly, we need to keep the project focused so we can finish in time."
c6,56,F,2026-02-01T17:00:17,"Please, i agree. We should include robustness checks by changing retrieval settings."
c6,57,C,2026-02-01T17:01:36,"Honestly, i agree. Let’s define a small set of standard questions to ask the system. We can validate it quickly with a small pilot before we scale it up."
c6,58,C,2026-02-01T17:02:55,Let’s define a small set of standard questions to ask the system. That way we can separate system behavior from human perception effects.
c6,59,B,2026-02-01T17:04:30,"Possibly, let’s define a small set of standard questions to ask the system."
c6,60,F,2026-02-01T17:05:29,"Could we, i agree. We need time near the end for polishing figures and slides."
c6,61,D,2026-02-01T17:06:41,I agree.
c6,62,E,2026-02-01T17:07:56,"Quick question: To be clear, we need time near the end for polishing figures and slides?"
c6,63,B,2026-02-01T17:08:46,"Kind of, we should include robustness checks by changing retrieval settings."
c6,64,B,2026-02-01T17:09:16,"I feel like, let’s define a small set of standard questions to ask the system."
c6,65,D,2026-02-01T17:09:41,We should assign owners for each part so work doesn’t overlap.
c6,66,D,2026-02-01T17:11:30,We should include robustness checks by changing retrieval settings.
c6,67,F,2026-02-01T17:12:18,We also need a human study to see if summaries change perception. could we.
c6,68,F,2026-02-01T17:13:42,"Could we, we need time near the end for polishing figures and slides."
c6,69,C,2026-02-01T17:15:02,We need to keep the project focused so we can finish in time. That way we can separate system behavior from human perception effects.
c7,1,B,2026-02-01T17:00:00,Team: let's discuss study design discussion and get aligned before we split tasks.
c7,2,D,2026-02-01T17:01:22,"We should compute style metrics: verbosity, hedging rate, assertiveness rate."
c7,3,C,2026-02-01T17:02:12,"I'm not fully convinced yet. Readers may think the most-retrieved speaker is the leader, even if they weren’t. This also gives us something concrete to show in the proposal and final report."
c7,4,E,2026-02-01T17:03:22,"Can we clarify: I'm not fully convinced yet. We should collect demographics lightly, if allowed, but keep it minimal?"
c7,5,B,2026-02-01T17:04:59,"I feel like, if retrieval is skewed, summaries may systematically misrepresent the group."
c7,6,C,2026-02-01T17:05:38,"We should compute style metrics: verbosity, hedging rate, assertiveness rate. It might feel like extra work now, but it saves time during analysis."
c7,7,B,2026-02-01T17:06:04,"Kind of, i suspect verbose speakers will be retrieved more often just because they contain more keywords."
c7,8,F,2026-02-01T17:06:30,Hedging language might be retrieved less because it sounds less decisive. thanks.
c7,9,B,2026-02-01T17:08:08,"I feel like, for the user study, we can ask who seems most knowledgeable or influential."
c7,10,F,2026-02-01T17:09:52,"Appreciate it, i'm not fully convinced yet. For the user study, we can ask who seems most knowledgeable or influential."
c7,11,E,2026-02-01T17:11:29,"Small question: If retrieval is skewed, summaries may systematically misrepresent the group?"
c7,12,B,2026-02-01T17:13:13,"I think, readers may think the most-retrieved speaker is the leader, even if they weren’t."
c7,13,F,2026-02-01T17:14:52,"I agree. If retrieval is skewed, summaries may systematically misrepresent the group. thanks."
c7,14,E,2026-02-01T17:15:35,"Just to check: For the user study, we can ask who seems most knowledgeable or influential?"
c7,15,C,2026-02-01T17:16:58,"We should collect demographics lightly, if allowed, but keep it minimal. It might feel like extra work now, but it saves time during analysis."
c7,16,F,2026-02-01T17:18:42,"Would you be able to, we can keep it lightweight with a Google Form and short tasks."
c7,17,E,2026-02-01T17:19:58,"Before we move on: For the user study, we can ask who seems most knowledgeable or influential?"
c7,18,E,2026-02-01T17:20:23,Before we move on: We should track agreement across participants to see if the effect is consistent?
c7,19,D,2026-02-01T17:20:51,"We should compute style metrics: verbosity, hedging rate, assertiveness rate."
c7,20,D,2026-02-01T17:22:35,I'm not fully convinced yet.
c7,21,B,2026-02-01T17:23:21,"I feel like, i agree. If retrieval is skewed, summaries may systematically misrepresent the group."
c7,22,F,2026-02-01T17:24:07,We can show participants a short system-generated summary and ask perception questions. would you be able to.
c7,23,D,2026-02-01T17:25:03,We can show participants a short system-generated summary and ask perception questions.
c7,24,B,2026-02-01T17:25:52,"I'm not sure but, i suspect verbose speakers will be retrieved more often just because they contain more keywords."
c7,25,E,2026-02-01T17:26:31,"Small question: We should collect demographics lightly, if allowed, but keep it minimal?"
c7,26,B,2026-02-01T17:27:54,"I think, we should randomize which conversation they see to avoid learning effects."
c7,27,F,2026-02-01T17:29:34,"Would you be able to, i'm not fully convinced yet. We can keep it lightweight with a Google Form and short tasks."
c7,28,F,2026-02-01T17:30:10,"For sure, readers may think the most-retrieved speaker is the leader, even if they weren’t. would you be able to."
c7,29,E,2026-02-01T17:31:44,"Small question: For the user study, we can ask who seems most knowledgeable or influential?"
c7,30,E,2026-02-01T17:33:22,"Quick question: In my view, we should track agreement across participants to see if the effect is consistent?"
c7,31,E,2026-02-01T17:34:51,Before we move on: Hedging language might be retrieved less because it sounds less decisive?
c7,32,F,2026-02-01T17:35:58,"Readers may think the most-retrieved speaker is the leader, even if they weren’t. thanks."
c7,33,B,2026-02-01T17:37:03,"Kind of, we should randomize which conversation they see to avoid learning effects."
c7,34,F,2026-02-01T17:37:38,"Would you be able to, i agree. I suspect verbose speakers will be retrieved more often just because they contain more keywords."
c7,35,E,2026-02-01T17:38:46,"Can we clarify: I agree. We should collect demographics lightly, if allowed, but keep it minimal?"
c7,36,F,2026-02-01T17:40:26,"Could we, for sure, we should randomize which conversation they see to avoid learning effects."
c7,37,B,2026-02-01T17:42:13,"It seems like, i'm not fully convinced yet. We should collect demographics lightly, if allowed, but keep it minimal."
c7,38,B,2026-02-01T17:43:27,"Kind of, hedging language might be retrieved less because it sounds less decisive."
c7,39,C,2026-02-01T17:44:55,"For the user study, we can ask who seems most knowledgeable or influential. This also gives us something concrete to show in the proposal and final report."
c7,40,B,2026-02-01T17:45:31,"Maybe, we can compute retrieval share per speaker and compare it to participation share."
c7,41,F,2026-02-01T17:47:20,"Would you be able to, for sure, we should compute style metrics: verbosity, hedging rate, assertiveness rate."
c7,42,F,2026-02-01T17:48:57,"Would you be able to, hedging language might be retrieved less because it sounds less decisive."
c7,43,F,2026-02-01T17:50:39,"Please, we can compute retrieval share per speaker and compare it to participation share."
c7,44,C,2026-02-01T17:51:49,I agree. I suspect verbose speakers will be retrieved more often just because they contain more keywords. We can validate it quickly with a small pilot before we scale it up.
c7,45,B,2026-02-01T17:52:37,"Possibly, honestly, i agree. Hedging language might be retrieved less because it sounds less decisive."
c7,46,E,2026-02-01T17:53:12,"Quick question: Honestly, if retrieval is skewed, summaries may systematically misrepresent the group?"
c7,47,B,2026-02-01T17:55:02,"Kind of, readers may think the most-retrieved speaker is the leader, even if they weren’t."
c7,48,E,2026-02-01T17:56:31,"Can we clarify: For sure, we should collect demographics lightly, if allowed, but keep it minimal?"
c7,49,B,2026-02-01T17:58:07,"It seems like, i agree. I suspect verbose speakers will be retrieved more often just because they contain more keywords."
c7,50,E,2026-02-01T17:59:12,Can we clarify: We should track agreement across participants to see if the effect is consistent?
c7,51,B,2026-02-01T17:59:39,"Possibly, we can keep it lightweight with a Google Form and short tasks."
c7,52,D,2026-02-01T18:00:30,"Honestly, we should collect demographics lightly, if allowed, but keep it minimal."
c7,53,B,2026-02-01T18:01:16,"I think, we should collect demographics lightly, if allowed, but keep it minimal."
c7,54,B,2026-02-01T18:02:09,"Possibly, if retrieval is skewed, summaries may systematically misrepresent the group."
c7,55,F,2026-02-01T18:03:29,"For sure, i agree. We should collect demographics lightly, if allowed, but keep it minimal. could we."
c7,56,B,2026-02-01T18:04:42,"Kind of, i agree. We can compute retrieval share per speaker and compare it to participation share."
c7,57,B,2026-02-01T18:05:18,"I'm not sure but, hedging language might be retrieved less because it sounds less decisive."
c7,58,C,2026-02-01T18:05:59,Hedging language might be retrieved less because it sounds less decisive. We can validate it quickly with a small pilot before we scale it up.
c7,59,C,2026-02-01T18:06:20,"Hedging language might be retrieved less because it sounds less decisive. If we write this down as a checklist, we can avoid back-and-forth later."
c7,60,D,2026-02-01T18:07:42,"If retrieval is skewed, summaries may systematically misrepresent the group."
c7,61,F,2026-02-01T18:08:13,We should track agreement across participants to see if the effect is consistent. could we.
c7,62,F,2026-02-01T18:09:46,"Would you be able to, we should compute style metrics: verbosity, hedging rate, assertiveness rate."
c7,63,B,2026-02-01T18:11:00,"Possibly, readers may think the most-retrieved speaker is the leader, even if they weren’t."
c7,64,D,2026-02-01T18:11:55,"We should compute style metrics: verbosity, hedging rate, assertiveness rate."
c7,65,E,2026-02-01T18:13:13,"Small question: I'm not fully convinced yet. We should collect demographics lightly, if allowed, but keep it minimal?"
c7,66,C,2026-02-01T18:14:42,"I agree. For the user study, we can ask who seems most knowledgeable or influential. If we write this down as a checklist, we can avoid back-and-forth later."
c7,67,B,2026-02-01T18:15:10,"I feel like, i'm not fully convinced yet. Readers may think the most-retrieved speaker is the leader, even if they weren’t."
c7,68,C,2026-02-01T18:16:51,"I'm not fully convinced yet. We can show participants a short system-generated summary and ask perception questions. If we write this down as a checklist, we can avoid back-and-forth later."
c7,69,C,2026-02-01T18:17:27,"I agree. We should collect demographics lightly, if allowed, but keep it minimal. It might feel like extra work now, but it saves time during analysis."
c7,70,B,2026-02-01T18:18:27,"I feel like, in my view, for the user study, we can ask who seems most knowledgeable or influential."
c7,71,F,2026-02-01T18:19:25,"Please, i'm not fully convinced yet. For the user study, we can ask who seems most knowledgeable or influential."
c8,1,F,2026-02-01T18:00:00,Team: let's discuss team meeting recap and get aligned before we split tasks.
c8,2,B,2026-02-01T18:01:24,"It seems like, the main decision is which project idea we commit to."
c8,3,A,2026-02-01T18:02:53,"We should action items: finalize data format, build indexing, and draft pitch."
c8,4,F,2026-02-01T18:03:52,"Could we, honestly, i agree. We should create a shared doc with open questions and next steps."
c8,5,A,2026-02-01T18:04:57,I propose let’s assign owners and deadlines for each task.
c8,6,G,2026-02-01T18:05:27,Should we analyze message-level retrieval or chunk messages into windows?
c8,7,G,2026-02-01T18:07:11,We still need to decide the retrieval strategy and top-k value.
c8,8,C,2026-02-01T18:07:51,Let’s assign owners and deadlines for each task. This also gives us something concrete to show in the proposal and final report.
c8,9,F,2026-02-01T18:09:03,I'm not fully convinced yet. Can someone summarize today’s discussion in a few bullets? could we.
c8,10,A,2026-02-01T18:09:31,Let's i agree. Can someone summarize today’s discussion in a few bullets?
c8,11,G,2026-02-01T18:11:12,How do we define 'important' contributions in a fair way?
c8,12,C,2026-02-01T18:12:46,Should we analyze message-level retrieval or chunk messages into windows? This also gives us something concrete to show in the proposal and final report.
c8,13,A,2026-02-01T18:14:07,I recommend should we analyze message-level retrieval or chunk messages into windows?
c8,14,B,2026-02-01T18:14:44,"I feel like, the main decision is which project idea we commit to."
c8,15,A,2026-02-01T18:15:42,I propose should we analyze message-level retrieval or chunk messages into windows?
c8,16,F,2026-02-01T18:17:22,"Thanks, how many participants do we need for a reasonable user study?"
c8,17,B,2026-02-01T18:18:21,"Kind of, action items: finalize data format, build indexing, and draft pitch."
c8,18,B,2026-02-01T18:19:04,"Maybe, let’s restate what we agreed on before we end the meeting."
c8,19,B,2026-02-01T18:19:28,"I'm not sure but, definitely, how do we define 'important' contributions in a fair way?"
c8,20,F,2026-02-01T18:20:17,"Action items: finalize data format, build indexing, and draft pitch. could we."
c8,21,B,2026-02-01T18:20:59,"It seems like, let’s restate what we agreed on before we end the meeting."
c8,22,B,2026-02-01T18:21:52,"I feel like, we should capture the reasoning behind the decision, not just the outcome."
c8,23,F,2026-02-01T18:23:25,I agree. Let’s restate what we agreed on before we end the meeting. would you be able to.
c8,24,F,2026-02-01T18:24:06,"Thanks, can someone summarize today’s discussion in a few bullets?"
c8,25,C,2026-02-01T18:24:31,"We should capture the reasoning behind the decision, not just the outcome. That way we can separate system behavior from human perception effects."
c8,26,G,2026-02-01T18:26:06,The main decision is which project idea we commit to.
c8,27,C,2026-02-01T18:27:37,"Action items: finalize data format, build indexing, and draft pitch. We can validate it quickly with a small pilot before we scale it up."
c8,28,F,2026-02-01T18:28:09,"Honestly, how do we define 'important' contributions in a fair way? appreciate it."
c8,29,B,2026-02-01T18:29:22,"Kind of, the main decision is which project idea we commit to."
c8,30,F,2026-02-01T18:29:53,"Could we, can someone summarize today’s discussion in a few bullets?"
c8,31,B,2026-02-01T18:30:15,"I think, we still need to decide the retrieval strategy and top-k value."
c8,32,G,2026-02-01T18:31:15,"Honestly, how many participants do we need for a reasonable user study?"
c8,33,F,2026-02-01T18:32:59,"We should capture the reasoning behind the decision, not just the outcome. please."
c8,34,B,2026-02-01T18:33:35,"Kind of, should we analyze message-level retrieval or chunk messages into windows?"
c8,35,B,2026-02-01T18:34:05,"I'm not sure but, i'm not fully convinced yet. The main decision is which project idea we commit to."
c8,36,A,2026-02-01T18:35:44,The best option is how many participants do we need for a reasonable user study?
c8,37,C,2026-02-01T18:37:30,We should write down the final scope so everyone is aligned. We can validate it quickly with a small pilot before we scale it up.
c8,38,C,2026-02-01T18:39:03,"Honestly, i agree. The main decision is which project idea we commit to. We can validate it quickly with a small pilot before we scale it up."
c8,39,B,2026-02-01T18:39:42,"I feel like, action items: finalize data format, build indexing, and draft pitch."
c8,40,F,2026-02-01T18:40:08,I agree. Can someone summarize today’s discussion in a few bullets? if you don't mind.
c8,41,A,2026-02-01T18:41:57,The best option is we still need to decide the retrieval strategy and top-k value.
c8,42,F,2026-02-01T18:43:16,We should create a shared doc with open questions and next steps. please.
c8,43,C,2026-02-01T18:44:10,"I agree. Let’s assign owners and deadlines for each task. If we write this down as a checklist, we can avoid back-and-forth later."
c8,44,A,2026-02-01T18:45:33,"We should action items: finalize data format, build indexing, and draft pitch."
c8,45,A,2026-02-01T18:47:20,We should how many participants do we need for a reasonable user study?
c8,46,A,2026-02-01T18:47:45,"Let's honestly, we still need to decide the retrieval strategy and top-k value."
c8,47,F,2026-02-01T18:48:23,Should we analyze message-level retrieval or chunk messages into windows? would you be able to.
c8,48,C,2026-02-01T18:49:38,Let’s assign owners and deadlines for each task. We can validate it quickly with a small pilot before we scale it up.
c8,49,G,2026-02-01T18:50:05,We should create a shared doc with open questions and next steps.
c8,50,F,2026-02-01T18:50:26,"Could we, i agree. Let’s assign owners and deadlines for each task."
c8,51,F,2026-02-01T18:51:01,"Would you be able to, for sure, we should capture the reasoning behind the decision, not just the outcome."
c8,52,G,2026-02-01T18:52:09,I agree. The main decision is which project idea we commit to.
c8,53,C,2026-02-01T18:52:36,"I agree. We should capture the reasoning behind the decision, not just the outcome. It might feel like extra work now, but it saves time during analysis."
c8,54,C,2026-02-01T18:53:48,Should we analyze message-level retrieval or chunk messages into windows? We can validate it quickly with a small pilot before we scale it up.
c8,55,C,2026-02-01T18:54:42,The main decision is which project idea we commit to. That way we can separate system behavior from human perception effects.
c8,56,F,2026-02-01T18:56:08,Can someone summarize today’s discussion in a few bullets? could we.
c8,57,G,2026-02-01T18:57:12,I agree. The main decision is which project idea we commit to.
c8,58,A,2026-02-01T18:58:17,I propose let’s assign owners and deadlines for each task.
c8,59,F,2026-02-01T18:58:39,Can someone summarize today’s discussion in a few bullets? please.
c8,60,C,2026-02-01T19:00:16,How many participants do we need for a reasonable user study? This also gives us something concrete to show in the proposal and final report.
c8,61,C,2026-02-01T19:02:02,"I'm not fully convinced yet. Should we analyze message-level retrieval or chunk messages into windows? It might feel like extra work now, but it saves time during analysis."
c8,62,G,2026-02-01T19:03:12,We should create a shared doc with open questions and next steps.
c8,63,B,2026-02-01T19:03:33,"I think, can someone summarize today’s discussion in a few bullets?"
c8,64,F,2026-02-01T19:04:50,"Would you be able to, how do we define 'important' contributions in a fair way?"
c8,65,B,2026-02-01T19:05:14,"Possibly, we should write down the final scope so everyone is aligned."
c8,66,C,2026-02-01T19:06:02,How do we define 'important' contributions in a fair way? We can validate it quickly with a small pilot before we scale it up.
c8,67,C,2026-02-01T19:06:29,I'm not fully convinced yet. We should write down the final scope so everyone is aligned. That way we can separate system behavior from human perception effects.
c8,68,B,2026-02-01T19:07:53,"It seems like, we should create a shared doc with open questions and next steps."
c9,1,B,2026-02-01T19:00:00,Team: let's discuss choosing tools/stack and get aligned before we split tasks.
c9,2,A,2026-02-01T19:01:15,I propose we could compare two setups to see if results are robust.
c9,3,F,2026-02-01T19:01:52,"Appreciate it, we should choose tools that are stable and easy to reproduce."
c9,4,B,2026-02-01T19:02:21,"I'm not sure but, i'm not fully convinced yet. If we keep the stack simple, we can focus on the analysis."
c9,5,A,2026-02-01T19:03:11,We should we can use a simple vector store and a basic retrieval QA chain.
c9,6,F,2026-02-01T19:03:34,"Could we, first we ingest chats, then index, then retrieve, then answer, then analyze logs."
c9,7,F,2026-02-01T19:04:31,"Please, we should choose tools that are stable and easy to reproduce."
c9,8,C,2026-02-01T19:05:23,"If we keep it simple, we can run more experiments and comparisons. That way we can separate system behavior from human perception effects."
c9,9,B,2026-02-01T19:06:07,"I feel like, we should log every retrieval step so we can explain results."
c9,10,B,2026-02-01T19:07:48,"I think, i agree. We could compare two setups to see if results are robust."
c9,11,D,2026-02-01T19:09:05,We can use a simple vector store and a basic retrieval QA chain.
c9,12,B,2026-02-01T19:10:40,"Possibly, we should choose tools that are stable and easy to reproduce."
c9,13,F,2026-02-01T19:11:47,"In my view, let’s make the pipeline reproducible with fixed seeds and configs. appreciate it."
c9,14,C,2026-02-01T19:12:37,Let’s make the pipeline reproducible with fixed seeds and configs. That way we can separate system behavior from human perception effects.
c9,15,B,2026-02-01T19:13:57,"Kind of, we should choose tools that are stable and easy to reproduce."
c9,16,A,2026-02-01T19:14:36,I recommend a minimal system plus strong evaluation is probably the best strategy.
c9,17,C,2026-02-01T19:16:21,"A more complex system might look impressive but could be risky. If we write this down as a checklist, we can avoid back-and-forth later."
c9,18,B,2026-02-01T19:18:05,"Possibly, we could compare two setups to see if results are robust."
c9,19,D,2026-02-01T19:18:26,I agree.
c9,20,C,2026-02-01T19:19:53,We should build a baseline before adding any improvements. This also gives us something concrete to show in the proposal and final report.
c9,21,F,2026-02-01T19:21:09,"Definitely, if we keep the stack simple, we can focus on the analysis. if you don't mind."
c9,22,F,2026-02-01T19:22:06,"Appreciate it, we should log every retrieval step so we can explain results."
c9,23,C,2026-02-01T19:23:49,"First we ingest chats, then index, then retrieve, then answer, then analyze logs. If we write this down as a checklist, we can avoid back-and-forth later."
c9,24,A,2026-02-01T19:24:55,We need to i agree. A minimal system plus strong evaluation is probably the best strategy.
c9,25,A,2026-02-01T19:25:32,"We need to honestly, first we ingest chats, then index, then retrieve, then answer, then analyze logs."
c9,26,C,2026-02-01T19:26:25,"I agree. First we ingest chats, then index, then retrieve, then answer, then analyze logs. We can validate it quickly with a small pilot before we scale it up."
c9,27,B,2026-02-01T19:27:12,"Kind of, i'm not fully convinced yet. A minimal system plus strong evaluation is probably the best strategy."
c9,28,B,2026-02-01T19:27:47,"It seems like, we could compare two setups to see if results are robust."
c9,29,C,2026-02-01T19:28:31,"Definitely, i'm not fully convinced yet. We should log every retrieval step so we can explain results. That way we can separate system behavior from human perception effects."
c9,30,B,2026-02-01T19:30:05,"It seems like, in my view, we should build a baseline before adding any improvements."
c9,31,A,2026-02-01T19:31:08,"The best option is first we ingest chats, then index, then retrieve, then answer, then analyze logs."
c9,32,A,2026-02-01T19:32:18,We need to let’s make the pipeline reproducible with fixed seeds and configs.
c9,33,D,2026-02-01T19:33:00,"If we keep the stack simple, we can focus on the analysis."
c9,34,F,2026-02-01T19:34:02,We should choose tools that are stable and easy to reproduce. thanks.
c9,35,D,2026-02-01T19:34:23,We should trade engineering time for better study design and write-up.
c9,36,A,2026-02-01T19:34:49,"Let's if we keep the stack simple, we can focus on the analysis."
c9,37,F,2026-02-01T19:36:02,I agree. We should build a baseline before adding any improvements. please.
c9,38,C,2026-02-01T19:37:23,I'm not fully convinced yet. We can use a simple vector store and a basic retrieval QA chain. That way we can separate system behavior from human perception effects.
c9,39,C,2026-02-01T19:39:04,"We should choose tools that are stable and easy to reproduce. If we write this down as a checklist, we can avoid back-and-forth later."
c9,40,B,2026-02-01T19:39:44,"It seems like, we could compare two setups to see if results are robust."
c9,41,A,2026-02-01T19:41:22,"We should for sure, we could compare two setups to see if results are robust."
c9,42,F,2026-02-01T19:42:59,"Appreciate it, i agree. We should trade engineering time for better study design and write-up."
c9,43,C,2026-02-01T19:43:53,"To be clear, a minimal system plus strong evaluation is probably the best strategy. This also gives us something concrete to show in the proposal and final report."
c9,44,D,2026-02-01T19:45:27,We should log every retrieval step so we can explain results.
c9,45,F,2026-02-01T19:46:16,"If you don't mind, if we keep the stack simple, we can focus on the analysis."
c9,46,A,2026-02-01T19:46:50,The best option is we should log every retrieval step so we can explain results.
c9,47,F,2026-02-01T19:47:25,"I'm not fully convinced yet. If we keep the stack simple, we can focus on the analysis. if you don't mind."
c9,48,F,2026-02-01T19:49:00,"Appreciate it, we could compare two setups to see if results are robust."
c9,49,B,2026-02-01T19:50:50,"Kind of, a minimal system plus strong evaluation is probably the best strategy."
c9,50,B,2026-02-01T19:52:02,"Possibly, we can use a simple vector store and a basic retrieval QA chain."
c9,51,C,2026-02-01T19:53:11,"We should choose tools that are stable and easy to reproduce. It might feel like extra work now, but it saves time during analysis."
c9,52,A,2026-02-01T19:54:02,"Let's if we keep it simple, we can run more experiments and comparisons."
c9,53,F,2026-02-01T19:55:08,A minimal system plus strong evaluation is probably the best strategy. would you be able to.
c9,54,C,2026-02-01T19:55:37,"I agree. If we keep the stack simple, we can focus on the analysis. If we write this down as a checklist, we can avoid back-and-forth later."
c9,55,F,2026-02-01T19:56:49,"Would you be able to, honestly, we could compare two setups to see if results are robust."
c9,56,C,2026-02-01T19:58:09,Let’s make the pipeline reproducible with fixed seeds and configs. That way we can separate system behavior from human perception effects.
c9,57,F,2026-02-01T19:59:48,"Could we, i agree. First we ingest chats, then index, then retrieve, then answer, then analyze logs."
c9,58,F,2026-02-01T20:01:23,"Could we, we could compare two setups to see if results are robust."
c9,59,D,2026-02-01T20:02:26,"For sure, we should log every retrieval step so we can explain results."
c9,60,B,2026-02-01T20:03:02,"I'm not sure but, we should log every retrieval step so we can explain results."
c10,1,F,2026-02-01T20:00:00,Team: let's discuss class project planning and get aligned before we split tasks.
c10,2,F,2026-02-01T20:01:29,"Could we, we need time near the end for polishing figures and slides."
c10,3,B,2026-02-01T20:01:52,"Kind of, let’s decide how many conversations and messages we need for signal."
c10,4,F,2026-02-01T20:03:40,We need time near the end for polishing figures and slides. would you be able to.
c10,5,B,2026-02-01T20:04:18,"Possibly, if we finish the prototype early, we’ll have time to run the user study."
c10,6,B,2026-02-01T20:05:32,"Possibly, i'm not fully convinced yet. We should store everything in a clean CSV with speaker IDs and timestamps."
c10,7,E,2026-02-01T20:06:53,Before we move on: We need to keep the project focused so we can finish in time?
c10,8,D,2026-02-01T20:07:49,We should assign owners for each part so work doesn’t overlap.
c10,9,B,2026-02-01T20:09:22,"It seems like, if we overbuild, we’ll have less time for evaluation and writing."
c10,10,G,2026-02-01T20:10:29,We need to keep the project focused so we can finish in time.
c10,11,D,2026-02-01T20:11:51,I agree.
c10,12,F,2026-02-01T20:13:27,"Thanks, for sure, if we overbuild, we’ll have less time for evaluation and writing."
c10,13,D,2026-02-01T20:14:28,We can simulate group chats so we control ground truth and avoid privacy issues.
c10,14,G,2026-02-01T20:15:01,We should measure who gets retrieved compared to who actually contributed.
c10,15,F,2026-02-01T20:15:44,"In my view, we need to keep the project focused so we can finish in time. could we."
c10,16,F,2026-02-01T20:17:04,We should decide what success looks like by the end of the semester. would you be able to.
c10,17,B,2026-02-01T20:17:36,"It seems like, we should store everything in a clean CSV with speaker IDs and timestamps."
c10,18,B,2026-02-01T20:18:51,"Kind of, let’s set weekly milestones: data, prototype, analysis, study, writing."
c10,19,B,2026-02-01T20:20:23,"I feel like, we need time near the end for polishing figures and slides."
c10,20,D,2026-02-01T20:21:35,I'm not fully convinced yet.
c10,21,D,2026-02-01T20:23:10,Let’s define a small set of standard questions to ask the system.
c10,22,D,2026-02-01T20:23:40,We should include robustness checks by changing retrieval settings.
c10,23,E,2026-02-01T20:25:06,Just to check: Let’s pick one main question and avoid building extra features?
c10,24,F,2026-02-01T20:25:48,Let’s define a small set of standard questions to ask the system. please.
c10,25,F,2026-02-01T20:27:27,We also need a human study to see if summaries change perception. appreciate it.
c10,26,G,2026-02-01T20:28:08,"If we overbuild, we’ll have less time for evaluation and writing."
c10,27,F,2026-02-01T20:29:47,"Honestly, i'm not fully convinced yet. We should measure who gets retrieved compared to who actually contributed. could we."
c10,28,E,2026-02-01T20:30:59,Small question: Let’s decide how many conversations and messages we need for signal?
c10,29,F,2026-02-01T20:32:15,"Appreciate it, if we overbuild, we’ll have less time for evaluation and writing."
c10,30,E,2026-02-01T20:33:12,Just to check: Let’s define a small set of standard questions to ask the system?
c10,31,B,2026-02-01T20:34:29,"I'm not sure but, we should store everything in a clean CSV with speaker IDs and timestamps."
c10,32,F,2026-02-01T20:35:32,"Thanks, i agree. We also need a human study to see if summaries change perception."
c10,33,F,2026-02-01T20:36:34,Let’s pick one main question and avoid building extra features. if you don't mind.
c10,34,E,2026-02-01T20:37:55,Small question: We need time near the end for polishing figures and slides?
c10,35,D,2026-02-01T20:38:28,We should assign owners for each part so work doesn’t overlap.
c10,36,F,2026-02-01T20:38:56,"Could we, we should assign owners for each part so work doesn’t overlap."
c10,37,B,2026-02-01T20:40:32,"Maybe, let’s pick one main question and avoid building extra features."
c10,38,F,2026-02-01T20:41:37,"Could we, let’s set weekly milestones: data, prototype, analysis, study, writing."
c10,39,F,2026-02-01T20:43:02,We should assign owners for each part so work doesn’t overlap. appreciate it.
c10,40,D,2026-02-01T20:44:11,We also need a human study to see if summaries change perception.
c10,41,B,2026-02-01T20:45:24,"I'm not sure but, i agree. If we finish the prototype early, we’ll have time to run the user study."
c10,42,G,2026-02-01T20:46:17,We need to keep the project focused so we can finish in time.
c10,43,F,2026-02-01T20:47:53,I agree. We also need a human study to see if summaries change perception. appreciate it.
c10,44,G,2026-02-01T20:49:20,I agree. We need to keep the project focused so we can finish in time.
c10,45,G,2026-02-01T20:51:04,"If we finish the prototype early, we’ll have time to run the user study."
c10,46,B,2026-02-01T20:52:20,"Maybe, definitely, we should measure who gets retrieved compared to who actually contributed."
c10,47,G,2026-02-01T20:52:45,We should measure who gets retrieved compared to who actually contributed.
c10,48,D,2026-02-01T20:53:52,I agree.
c10,49,G,2026-02-01T20:55:05,We also need a human study to see if summaries change perception.
c10,50,D,2026-02-01T20:55:33,We need multi-speaker conversations where each person has a distinct style.
c10,51,D,2026-02-01T20:56:49,We should measure who gets retrieved compared to who actually contributed.
c10,52,B,2026-02-01T20:58:39,"Kind of, we should decide what success looks like by the end of the semester."
c10,53,B,2026-02-01T20:59:31,"I think, if we overbuild, we’ll have less time for evaluation and writing."
c10,54,B,2026-02-01T21:01:19,"Possibly, let’s set weekly milestones: data, prototype, analysis, study, writing."
c10,55,E,2026-02-01T21:02:41,"Quick question: For sure, we need multi-speaker conversations where each person has a distinct style?"
c10,56,E,2026-02-01T21:04:18,Just to check: We also need a human study to see if summaries change perception?
c10,57,F,2026-02-01T21:04:52,"Could we, we can simulate group chats so we control ground truth and avoid privacy issues."
c10,58,E,2026-02-01T21:05:19,Quick question: We also need a human study to see if summaries change perception?
c10,59,G,2026-02-01T21:06:48,We need time near the end for polishing figures and slides.
c10,60,G,2026-02-01T21:07:44,"Let’s set weekly milestones: data, prototype, analysis, study, writing."
c10,61,G,2026-02-01T21:08:33,"I'm not fully convinced yet. Let’s set weekly milestones: data, prototype, analysis, study, writing."
c10,62,G,2026-02-01T21:10:20,I agree. We can simulate group chats so we control ground truth and avoid privacy issues.
c10,63,G,2026-02-01T21:11:22,"If we overbuild, we’ll have less time for evaluation and writing."
c10,64,E,2026-02-01T21:11:56,"Just to check: Definitely, we should assign owners for each part so work doesn’t overlap?"
c10,65,D,2026-02-01T21:13:33,We also need a human study to see if summaries change perception.
c10,66,D,2026-02-01T21:14:05,We should decide what success looks like by the end of the semester.
c10,67,G,2026-02-01T21:14:41,"If we overbuild, we’ll have less time for evaluation and writing."
c10,68,G,2026-02-01T21:15:26,I agree. We should store everything in a clean CSV with speaker IDs and timestamps.
c10,69,G,2026-02-01T21:15:55,Let’s define a small set of standard questions to ask the system.
c10,70,B,2026-02-01T21:17:42,"I'm not sure but, if we finish the prototype early, we’ll have time to run the user study."
c11,1,A,2026-02-01T21:00:00,Team: let's discuss class project planning and get aligned before we split tasks.
c11,2,F,2026-02-01T21:00:57,"If we finish the prototype early, we’ll have time to run the user study. please."
c11,3,A,2026-02-01T21:02:31,"We need to let’s set weekly milestones: data, prototype, analysis, study, writing."
c11,4,F,2026-02-01T21:04:09,"If you don't mind, definitely, i agree. We need to keep the project focused so we can finish in time."
c11,5,B,2026-02-01T21:05:53,"Kind of, we need multi-speaker conversations where each person has a distinct style."
c11,6,C,2026-02-01T21:07:04,Let’s pick one main question and avoid building extra features. This also gives us something concrete to show in the proposal and final report.
c11,7,C,2026-02-01T21:08:47,"Let’s set weekly milestones: data, prototype, analysis, study, writing. That way we can separate system behavior from human perception effects."
c11,8,A,2026-02-01T21:10:02,We should we should store everything in a clean CSV with speaker IDs and timestamps.
c11,9,C,2026-02-01T21:11:22,We should decide what success looks like by the end of the semester. This also gives us something concrete to show in the proposal and final report.
c11,10,F,2026-02-01T21:13:06,"Would you be able to, we need time near the end for polishing figures and slides."
c11,11,C,2026-02-01T21:14:45,I agree. We should store everything in a clean CSV with speaker IDs and timestamps. This also gives us something concrete to show in the proposal and final report.
c11,12,F,2026-02-01T21:15:17,"Definitely, we can simulate group chats so we control ground truth and avoid privacy issues. if you don't mind."
c11,13,F,2026-02-01T21:16:11,We can simulate group chats so we control ground truth and avoid privacy issues. could we.
c11,14,A,2026-02-01T21:17:19,I propose let’s pick one main question and avoid building extra features.
c11,15,B,2026-02-01T21:17:40,"Maybe, let’s pick one main question and avoid building extra features."
c11,16,A,2026-02-01T21:19:14,"The best option is if we finish the prototype early, we’ll have time to run the user study."
c11,17,C,2026-02-01T21:19:44,"If we overbuild, we’ll have less time for evaluation and writing. This also gives us something concrete to show in the proposal and final report."
c11,18,C,2026-02-01T21:20:43,Let’s pick one main question and avoid building extra features. This also gives us something concrete to show in the proposal and final report.
c11,19,A,2026-02-01T21:22:15,"I propose i agree. If we overbuild, we’ll have less time for evaluation and writing."
c11,20,F,2026-02-01T21:23:48,"If we overbuild, we’ll have less time for evaluation and writing. thanks."
c11,21,E,2026-02-01T21:25:12,Can we clarify: We should decide what success looks like by the end of the semester?
c11,22,E,2026-02-01T21:26:51,"Small question: Let’s set weekly milestones: data, prototype, analysis, study, writing?"
c11,23,F,2026-02-01T21:27:37,"Let’s set weekly milestones: data, prototype, analysis, study, writing. please."
c11,24,F,2026-02-01T21:28:49,Let’s pick one main question and avoid building extra features. appreciate it.
c11,25,A,2026-02-01T21:30:23,"We need to to be clear, i'm not fully convinced yet. We need to keep the project focused so we can finish in time."
c11,26,F,2026-02-01T21:32:13,We need multi-speaker conversations where each person has a distinct style. thanks.
c11,27,B,2026-02-01T21:33:39,"I feel like, we should store everything in a clean CSV with speaker IDs and timestamps."
c11,28,F,2026-02-01T21:34:33,I agree. We can simulate group chats so we control ground truth and avoid privacy issues. please.
c11,29,F,2026-02-01T21:35:14,"Thanks, let’s set weekly milestones: data, prototype, analysis, study, writing."
c11,30,C,2026-02-01T21:35:49,I'm not fully convinced yet. We need time near the end for polishing figures and slides. That way we can separate system behavior from human perception effects.
c11,31,A,2026-02-01T21:37:12,We need to i agree. We can simulate group chats so we control ground truth and avoid privacy issues.
c11,32,C,2026-02-01T21:37:34,"We need time near the end for polishing figures and slides. If we write this down as a checklist, we can avoid back-and-forth later."
c11,33,F,2026-02-01T21:38:28,Let’s pick one main question and avoid building extra features. thanks.
c11,34,C,2026-02-01T21:39:01,"We should store everything in a clean CSV with speaker IDs and timestamps. It might feel like extra work now, but it saves time during analysis."
c11,35,E,2026-02-01T21:39:41,Quick question: We can simulate group chats so we control ground truth and avoid privacy issues?
c11,36,C,2026-02-01T21:40:29,We need multi-speaker conversations where each person has a distinct style. That way we can separate system behavior from human perception effects.
c11,37,A,2026-02-01T21:41:43,Let's we should store everything in a clean CSV with speaker IDs and timestamps.
c11,38,C,2026-02-01T21:42:46,We should decide what success looks like by the end of the semester. That way we can separate system behavior from human perception effects.
c11,39,A,2026-02-01T21:43:43,"I recommend if we overbuild, we’ll have less time for evaluation and writing."
c11,40,C,2026-02-01T21:44:52,"If we overbuild, we’ll have less time for evaluation and writing. That way we can separate system behavior from human perception effects."
c11,41,B,2026-02-01T21:46:16,"Possibly, we can simulate group chats so we control ground truth and avoid privacy issues."
c11,42,E,2026-02-01T21:47:40,Quick question: We need time near the end for polishing figures and slides?
c11,43,A,2026-02-01T21:49:00,"I recommend let’s set weekly milestones: data, prototype, analysis, study, writing."
c11,44,F,2026-02-01T21:50:33,"Would you be able to, i'm not fully convinced yet. Let’s decide how many conversations and messages we need for signal."
c11,45,E,2026-02-01T21:52:17,Can we clarify: Let’s decide how many conversations and messages we need for signal?
c11,46,B,2026-02-01T21:53:39,"I'm not sure but, we need to keep the project focused so we can finish in time."
c11,47,E,2026-02-01T21:54:50,Small question: We can simulate group chats so we control ground truth and avoid privacy issues?
c11,48,E,2026-02-01T21:56:37,"Before we move on: If we finish the prototype early, we’ll have time to run the user study?"
c11,49,C,2026-02-01T21:57:04,Let’s pick one main question and avoid building extra features. This also gives us something concrete to show in the proposal and final report.
c11,50,E,2026-02-01T21:58:30,"Can we clarify: If we overbuild, we’ll have less time for evaluation and writing?"
c11,51,A,2026-02-01T22:00:12,We need to we should store everything in a clean CSV with speaker IDs and timestamps.
c11,52,E,2026-02-01T22:01:30,Before we move on: I'm not fully convinced yet. We need time near the end for polishing figures and slides?
c11,53,F,2026-02-01T22:02:51,"If you don't mind, we should store everything in a clean CSV with speaker IDs and timestamps."
c11,54,C,2026-02-01T22:04:06,I'm not fully convinced yet. We need time near the end for polishing figures and slides. That way we can separate system behavior from human perception effects.
c11,55,F,2026-02-01T22:05:39,We should decide what success looks like by the end of the semester. would you be able to.
c11,56,B,2026-02-01T22:06:21,"Possibly, we need time near the end for polishing figures and slides."
c11,57,E,2026-02-01T22:08:08,Just to check: We need multi-speaker conversations where each person has a distinct style?
c11,58,F,2026-02-01T22:08:38,We need multi-speaker conversations where each person has a distinct style. thanks.
c11,59,A,2026-02-01T22:10:26,"We should i agree. If we finish the prototype early, we’ll have time to run the user study."
c11,60,E,2026-02-01T22:12:01,Just to check: We should store everything in a clean CSV with speaker IDs and timestamps?
c11,61,E,2026-02-01T22:12:36,Quick question: I'm not fully convinced yet. We need to keep the project focused so we can finish in time?
c11,62,F,2026-02-01T22:14:22,"If you don't mind, for sure, if we finish the prototype early, we’ll have time to run the user study."
c12,1,B,2026-02-01T22:00:00,Team: let's discuss study design discussion and get aligned before we split tasks.
c12,2,F,2026-02-01T22:01:19,"Honestly, we should collect demographics lightly, if allowed, but keep it minimal. could we."
c12,3,E,2026-02-01T22:02:14,"Quick question: We should collect demographics lightly, if allowed, but keep it minimal?"
c12,4,F,2026-02-01T22:04:00,"We should compute style metrics: verbosity, hedging rate, assertiveness rate. appreciate it."
c12,5,F,2026-02-01T22:05:26,We should randomize which conversation they see to avoid learning effects. thanks.
c12,6,F,2026-02-01T22:06:30,"Would you be able to, readers may think the most-retrieved speaker is the leader, even if they weren’t."
c12,7,G,2026-02-01T22:06:59,I suspect verbose speakers will be retrieved more often just because they contain more keywords.
c12,8,E,2026-02-01T22:08:23,"Small question: If retrieval is skewed, summaries may systematically misrepresent the group?"
c12,9,C,2026-02-01T22:09:19,"If retrieval is skewed, summaries may systematically misrepresent the group. It might feel like extra work now, but it saves time during analysis."
c12,10,B,2026-02-01T22:09:44,"Possibly, i agree. We should track agreement across participants to see if the effect is consistent."
c12,11,E,2026-02-01T22:10:46,"Quick question: Readers may think the most-retrieved speaker is the leader, even if they weren’t?"
c12,12,B,2026-02-01T22:11:50,"Possibly, we should compute style metrics: verbosity, hedging rate, assertiveness rate."
c12,13,G,2026-02-01T22:12:59,"In my view, we can show participants a short system-generated summary and ask perception questions."
c12,14,B,2026-02-01T22:14:40,"Possibly, hedging language might be retrieved less because it sounds less decisive."
c12,15,C,2026-02-01T22:15:36,I agree. Hedging language might be retrieved less because it sounds less decisive. That way we can separate system behavior from human perception effects.
c12,16,E,2026-02-01T22:16:10,"Can we clarify: For sure, if retrieval is skewed, summaries may systematically misrepresent the group?"
c12,17,C,2026-02-01T22:16:34,"We should randomize which conversation they see to avoid learning effects. It might feel like extra work now, but it saves time during analysis."
c12,18,G,2026-02-01T22:18:14,I agree. We can show participants a short system-generated summary and ask perception questions.
c12,19,F,2026-02-01T22:19:35,We can keep it lightweight with a Google Form and short tasks. would you be able to.
c12,20,E,2026-02-01T22:20:32,Just to check: We should track agreement across participants to see if the effect is consistent?
c12,21,G,2026-02-01T22:21:37,"Readers may think the most-retrieved speaker is the leader, even if they weren’t."
c12,22,C,2026-02-01T22:23:23,"For the user study, we can ask who seems most knowledgeable or influential. If we write this down as a checklist, we can avoid back-and-forth later."
c12,23,E,2026-02-01T22:24:44,"Just to check: For the user study, we can ask who seems most knowledgeable or influential?"
c12,24,C,2026-02-01T22:25:32,I'm not fully convinced yet. I suspect verbose speakers will be retrieved more often just because they contain more keywords. This also gives us something concrete to show in the proposal and final report.
c12,25,F,2026-02-01T22:26:21,We can keep it lightweight with a Google Form and short tasks. if you don't mind.
c12,26,G,2026-02-01T22:28:10,We should randomize which conversation they see to avoid learning effects.
c12,27,C,2026-02-01T22:29:09,"We should randomize which conversation they see to avoid learning effects. If we write this down as a checklist, we can avoid back-and-forth later."
c12,28,F,2026-02-01T22:29:29,I'm not fully convinced yet. We should track agreement across participants to see if the effect is consistent. could we.
c12,29,E,2026-02-01T22:29:55,Before we move on: I'm not fully convinced yet. Hedging language might be retrieved less because it sounds less decisive?
c12,30,C,2026-02-01T22:31:31,"We should track agreement across participants to see if the effect is consistent. If we write this down as a checklist, we can avoid back-and-forth later."
c12,31,G,2026-02-01T22:33:05,We should randomize which conversation they see to avoid learning effects.
c12,32,F,2026-02-01T22:34:08,"Definitely, if retrieval is skewed, summaries may systematically misrepresent the group. if you don't mind."
c12,33,E,2026-02-01T22:34:40,"Before we move on: If retrieval is skewed, summaries may systematically misrepresent the group?"
c12,34,E,2026-02-01T22:35:39,"Quick question: For the user study, we can ask who seems most knowledgeable or influential?"
c12,35,C,2026-02-01T22:36:30,"To be clear, we should compute style metrics: verbosity, hedging rate, assertiveness rate. That way we can separate system behavior from human perception effects."
c12,36,B,2026-02-01T22:37:12,"I think, we can compute retrieval share per speaker and compare it to participation share."
c12,37,B,2026-02-01T22:38:31,"I think, i agree. We should randomize which conversation they see to avoid learning effects."
c12,38,B,2026-02-01T22:38:52,"It seems like, we should collect demographics lightly, if allowed, but keep it minimal."
c12,39,C,2026-02-01T22:39:16,We can compute retrieval share per speaker and compare it to participation share. That way we can separate system behavior from human perception effects.
c12,40,G,2026-02-01T22:39:51,I agree. We can show participants a short system-generated summary and ask perception questions.
c12,41,F,2026-02-01T22:41:16,"If you don't mind, i agree. We should collect demographics lightly, if allowed, but keep it minimal."
c12,42,G,2026-02-01T22:41:45,"I agree. For the user study, we can ask who seems most knowledgeable or influential."
c12,43,B,2026-02-01T22:42:40,"Kind of, for sure, we should track agreement across participants to see if the effect is consistent."
c12,44,E,2026-02-01T22:43:40,"Can we clarify: I agree. We should compute style metrics: verbosity, hedging rate, assertiveness rate?"
c12,45,B,2026-02-01T22:44:08,"I think, i'm not fully convinced yet. We should randomize which conversation they see to avoid learning effects."
c12,46,B,2026-02-01T22:45:36,"I think, i'm not fully convinced yet. We can show participants a short system-generated summary and ask perception questions."
c12,47,C,2026-02-01T22:46:46,"For the user study, we can ask who seems most knowledgeable or influential. This also gives us something concrete to show in the proposal and final report."
c12,48,C,2026-02-01T22:47:46,"Readers may think the most-retrieved speaker is the leader, even if they weren’t. It might feel like extra work now, but it saves time during analysis."
c12,49,F,2026-02-01T22:49:31,"Could we, for sure, we can compute retrieval share per speaker and compare it to participation share."
c12,50,F,2026-02-01T22:50:02,"Please, i suspect verbose speakers will be retrieved more often just because they contain more keywords."
c12,51,E,2026-02-01T22:50:30,"Just to check: For sure, readers may think the most-retrieved speaker is the leader, even if they weren’t?"
c12,52,G,2026-02-01T22:51:55,"For the user study, we can ask who seems most knowledgeable or influential."
c12,53,E,2026-02-01T22:53:21,"Can we clarify: Readers may think the most-retrieved speaker is the leader, even if they weren’t?"
c12,54,F,2026-02-01T22:53:51,We should randomize which conversation they see to avoid learning effects. if you don't mind.
c12,55,B,2026-02-01T22:54:40,"I feel like, for the user study, we can ask who seems most knowledgeable or influential."
c12,56,E,2026-02-01T22:55:50,Can we clarify: We should track agreement across participants to see if the effect is consistent?
c12,57,E,2026-02-01T22:57:13,"Small question: For sure, readers may think the most-retrieved speaker is the leader, even if they weren’t?"
c12,58,C,2026-02-01T22:58:21,"I suspect verbose speakers will be retrieved more often just because they contain more keywords. It might feel like extra work now, but it saves time during analysis."
c12,59,G,2026-02-01T22:58:53,We should track agreement across participants to see if the effect is consistent.
c12,60,G,2026-02-01T22:59:17,"If retrieval is skewed, summaries may systematically misrepresent the group."
c12,61,C,2026-02-01T23:01:07,"For the user study, we can ask who seems most knowledgeable or influential. It might feel like extra work now, but it saves time during analysis."
c12,62,G,2026-02-01T23:02:24,"Definitely, i agree. We can compute retrieval share per speaker and compare it to participation share."
c12,63,B,2026-02-01T23:02:48,"Possibly, in my view, we should compute style metrics: verbosity, hedging rate, assertiveness rate."
c12,64,C,2026-02-01T23:04:26,We should track agreement across participants to see if the effect is consistent. This also gives us something concrete to show in the proposal and final report.
c12,65,F,2026-02-01T23:04:58,"Thanks, hedging language might be retrieved less because it sounds less decisive."
c12,66,G,2026-02-01T23:06:33,"If retrieval is skewed, summaries may systematically misrepresent the group."
c12,67,F,2026-02-01T23:07:34,"If retrieval is skewed, summaries may systematically misrepresent the group. could we."
c12,68,E,2026-02-01T23:09:05,Can we clarify: We can compute retrieval share per speaker and compare it to participation share?
c12,69,F,2026-02-01T23:10:30,Hedging language might be retrieved less because it sounds less decisive. thanks.
c12,70,B,2026-02-01T23:11:24,"I think, we can compute retrieval share per speaker and compare it to participation share."
c12,71,C,2026-02-01T23:12:06,"We should compute style metrics: verbosity, hedging rate, assertiveness rate. We can validate it quickly with a small pilot before we scale it up."
c13,1,G,2026-02-01T23:00:00,Team: let's discuss class project planning and get aligned before we split tasks.
c13,2,G,2026-02-01T23:01:21,"Definitely, i agree. We can simulate group chats so we control ground truth and avoid privacy issues."
c13,3,A,2026-02-01T23:02:06,"The best option is definitely, we should include robustness checks by changing retrieval settings."
c13,4,A,2026-02-01T23:03:20,Let's let’s pick one main question and avoid building extra features.
c13,5,F,2026-02-01T23:04:16,"If we overbuild, we’ll have less time for evaluation and writing. if you don't mind."
c13,6,G,2026-02-01T23:04:36,I agree. We need multi-speaker conversations where each person has a distinct style.
c13,7,G,2026-02-01T23:05:22,We should assign owners for each part so work doesn’t overlap.
c13,8,D,2026-02-01T23:05:42,"If we finish the prototype early, we’ll have time to run the user study."
c13,9,A,2026-02-01T23:06:43,Let's let’s decide how many conversations and messages we need for signal.
c13,10,F,2026-02-01T23:07:29,"Thanks, we should decide what success looks like by the end of the semester."
c13,11,G,2026-02-01T23:08:51,"To be clear, we can simulate group chats so we control ground truth and avoid privacy issues."
c13,12,F,2026-02-01T23:09:17,"Please, let’s define a small set of standard questions to ask the system."
c13,13,G,2026-02-01T23:09:44,Let’s define a small set of standard questions to ask the system.
c13,14,G,2026-02-01T23:11:34,Let’s decide how many conversations and messages we need for signal.
c13,15,A,2026-02-01T23:13:16,I recommend i'm not fully convinced yet. We should include robustness checks by changing retrieval settings.
c13,16,F,2026-02-01T23:14:25,"Thanks, honestly, i'm not fully convinced yet. We need time near the end for polishing figures and slides."
c13,17,A,2026-02-01T23:15:00,We should i agree. We need multi-speaker conversations where each person has a distinct style.
c13,18,C,2026-02-01T23:16:29,I agree. We also need a human study to see if summaries change perception. We can validate it quickly with a small pilot before we scale it up.
c13,19,C,2026-02-01T23:17:26,"We can simulate group chats so we control ground truth and avoid privacy issues. If we write this down as a checklist, we can avoid back-and-forth later."
c13,20,G,2026-02-01T23:18:39,I agree. Let’s pick one main question and avoid building extra features.
c13,21,A,2026-02-01T23:19:21,"I recommend in my view, we can simulate group chats so we control ground truth and avoid privacy issues."
c13,22,G,2026-02-01T23:21:09,We need to keep the project focused so we can finish in time.
c13,23,G,2026-02-01T23:22:44,I'm not fully convinced yet. We should include robustness checks by changing retrieval settings.
c13,24,A,2026-02-01T23:24:15,The best option is i'm not fully convinced yet. We should measure who gets retrieved compared to who actually contributed.
c13,25,G,2026-02-01T23:25:07,I'm not fully convinced yet. We also need a human study to see if summaries change perception.
c13,26,C,2026-02-01T23:25:28,"We should store everything in a clean CSV with speaker IDs and timestamps. If we write this down as a checklist, we can avoid back-and-forth later."
c13,27,C,2026-02-01T23:26:05,We can simulate group chats so we control ground truth and avoid privacy issues. This also gives us something concrete to show in the proposal and final report.
c13,28,G,2026-02-01T23:27:23,"If we overbuild, we’ll have less time for evaluation and writing."
c13,29,A,2026-02-01T23:28:24,"I recommend honestly, we need to keep the project focused so we can finish in time."
c13,30,F,2026-02-01T23:29:43,We should measure who gets retrieved compared to who actually contributed. please.
c13,31,F,2026-02-01T23:31:28,"Could we, let’s pick one main question and avoid building extra features."
c13,32,G,2026-02-01T23:32:57,Let’s decide how many conversations and messages we need for signal.
c13,33,C,2026-02-01T23:34:25,We should measure who gets retrieved compared to who actually contributed. We can validate it quickly with a small pilot before we scale it up.
c13,34,F,2026-02-01T23:35:32,"Please, let’s set weekly milestones: data, prototype, analysis, study, writing."
c13,35,C,2026-02-01T23:36:02,"If we overbuild, we’ll have less time for evaluation and writing. That way we can separate system behavior from human perception effects."
c13,36,A,2026-02-01T23:36:57,The best option is we should measure who gets retrieved compared to who actually contributed.
c13,37,A,2026-02-01T23:37:24,We should i'm not fully convinced yet. Let’s pick one main question and avoid building extra features.
c13,38,D,2026-02-01T23:37:56,"Honestly, we need time near the end for polishing figures and slides."
c13,39,D,2026-02-01T23:39:10,We should measure who gets retrieved compared to who actually contributed.
c13,40,A,2026-02-01T23:40:07,The best option is we need to keep the project focused so we can finish in time.
c13,41,C,2026-02-01T23:40:54,"If we finish the prototype early, we’ll have time to run the user study. We can validate it quickly with a small pilot before we scale it up."
c13,42,D,2026-02-01T23:41:21,We should store everything in a clean CSV with speaker IDs and timestamps.
c13,43,F,2026-02-01T23:43:03,"Would you be able to, we should decide what success looks like by the end of the semester."
c13,44,G,2026-02-01T23:44:38,We can simulate group chats so we control ground truth and avoid privacy issues.
c13,45,G,2026-02-01T23:45:30,We should store everything in a clean CSV with speaker IDs and timestamps.
c13,46,F,2026-02-01T23:46:38,"I'm not fully convinced yet. Let’s set weekly milestones: data, prototype, analysis, study, writing. please."
c13,47,A,2026-02-01T23:48:01,I recommend we need multi-speaker conversations where each person has a distinct style.
c13,48,C,2026-02-01T23:49:32,"We should assign owners for each part so work doesn’t overlap. It might feel like extra work now, but it saves time during analysis."
c13,49,G,2026-02-01T23:49:58,Let’s define a small set of standard questions to ask the system.
c13,50,A,2026-02-01T23:51:10,The best option is we should decide what success looks like by the end of the semester.
c13,51,F,2026-02-01T23:51:50,"Please, in my view, we can simulate group chats so we control ground truth and avoid privacy issues."
c13,52,G,2026-02-01T23:53:37,We should decide what success looks like by the end of the semester.
c13,53,F,2026-02-01T23:54:42,Let’s decide how many conversations and messages we need for signal. thanks.
c13,54,G,2026-02-01T23:55:25,"If we finish the prototype early, we’ll have time to run the user study."
c13,55,G,2026-02-01T23:55:53,We also need a human study to see if summaries change perception.
c13,56,G,2026-02-01T23:57:37,I agree. We should include robustness checks by changing retrieval settings.
c13,57,C,2026-02-01T23:58:29,We should measure who gets retrieved compared to who actually contributed. This also gives us something concrete to show in the proposal and final report.
c13,58,F,2026-02-01T23:59:38,"If we overbuild, we’ll have less time for evaluation and writing. if you don't mind."
c13,59,A,2026-02-02T00:00:16,I propose i agree. Let’s pick one main question and avoid building extra features.
c13,60,F,2026-02-02T00:00:56,"If you don't mind, to be clear, i agree. Let’s define a small set of standard questions to ask the system."
c13,61,C,2026-02-02T00:01:17,Let’s decide how many conversations and messages we need for signal. This also gives us something concrete to show in the proposal and final report.
c14,1,C,2026-02-02T00:00:00,Team: let's discuss class project planning and get aligned before we split tasks.
c14,2,B,2026-02-02T00:00:44,"I think, we can simulate group chats so we control ground truth and avoid privacy issues."
c14,3,A,2026-02-02T00:01:10,"The best option is i agree. If we finish the prototype early, we’ll have time to run the user study."
c14,4,B,2026-02-02T00:02:03,"It seems like, let’s decide how many conversations and messages we need for signal."
c14,5,A,2026-02-02T00:02:47,"I recommend i agree. If we overbuild, we’ll have less time for evaluation and writing."
c14,6,B,2026-02-02T00:04:02,"Maybe, we need time near the end for polishing figures and slides."
c14,7,D,2026-02-02T00:05:21,We can simulate group chats so we control ground truth and avoid privacy issues.
c14,8,B,2026-02-02T00:06:52,"Kind of, we also need a human study to see if summaries change perception."
c14,9,D,2026-02-02T00:08:00,We need time near the end for polishing figures and slides.
c14,10,A,2026-02-02T00:08:33,"We need to i agree. If we overbuild, we’ll have less time for evaluation and writing."
c14,11,D,2026-02-02T00:10:19,We should include robustness checks by changing retrieval settings.
c14,12,B,2026-02-02T00:11:26,"I think, we should measure who gets retrieved compared to who actually contributed."
c14,13,E,2026-02-02T00:12:20,Small question: Let’s define a small set of standard questions to ask the system?
c14,14,D,2026-02-02T00:14:04,We should measure who gets retrieved compared to who actually contributed.
c14,15,D,2026-02-02T00:14:24,I agree.
c14,16,A,2026-02-02T00:14:57,Let's we should store everything in a clean CSV with speaker IDs and timestamps.
c14,17,D,2026-02-02T00:15:58,Let’s pick one main question and avoid building extra features.
c14,18,B,2026-02-02T00:16:26,"It seems like, if we finish the prototype early, we’ll have time to run the user study."
c14,19,C,2026-02-02T00:17:29,Let’s define a small set of standard questions to ask the system. This also gives us something concrete to show in the proposal and final report.
c14,20,E,2026-02-02T00:19:17,Can we clarify: We need time near the end for polishing figures and slides?
c14,21,C,2026-02-02T00:21:03,"I agree. If we finish the prototype early, we’ll have time to run the user study. If we write this down as a checklist, we can avoid back-and-forth later."
c14,22,A,2026-02-02T00:21:36,I recommend we should measure who gets retrieved compared to who actually contributed.
c14,23,B,2026-02-02T00:22:18,"It seems like, we can simulate group chats so we control ground truth and avoid privacy issues."
c14,24,C,2026-02-02T00:24:05,"Let’s pick one main question and avoid building extra features. It might feel like extra work now, but it saves time during analysis."
c14,25,D,2026-02-02T00:24:56,"Let’s set weekly milestones: data, prototype, analysis, study, writing."
c14,26,A,2026-02-02T00:26:46,"Let's let’s set weekly milestones: data, prototype, analysis, study, writing."
c14,27,B,2026-02-02T00:28:22,"Possibly, let’s define a small set of standard questions to ask the system."
c14,28,C,2026-02-02T00:29:38,Let’s define a small set of standard questions to ask the system. This also gives us something concrete to show in the proposal and final report.
c14,29,E,2026-02-02T00:30:27,Small question: We need multi-speaker conversations where each person has a distinct style?
c14,30,B,2026-02-02T00:30:58,"I think, to be clear, we should measure who gets retrieved compared to who actually contributed."
c14,31,C,2026-02-02T00:32:23,"If we finish the prototype early, we’ll have time to run the user study. This also gives us something concrete to show in the proposal and final report."
c14,32,D,2026-02-02T00:33:30,I agree.
c14,33,B,2026-02-02T00:35:12,"I think, we need to keep the project focused so we can finish in time."
c14,34,D,2026-02-02T00:37:00,We should decide what success looks like by the end of the semester.
c14,35,A,2026-02-02T00:37:33,"The best option is if we overbuild, we’ll have less time for evaluation and writing."
c14,36,C,2026-02-02T00:38:29,"We should measure who gets retrieved compared to who actually contributed. It might feel like extra work now, but it saves time during analysis."
c14,37,C,2026-02-02T00:39:15,"If we overbuild, we’ll have less time for evaluation and writing. We can validate it quickly with a small pilot before we scale it up."
c14,38,E,2026-02-02T00:39:39,Just to check: We need time near the end for polishing figures and slides?
c14,39,A,2026-02-02T00:40:26,I recommend let’s pick one main question and avoid building extra features.
c14,40,E,2026-02-02T00:41:10,Small question: I agree. We can simulate group chats so we control ground truth and avoid privacy issues?
c14,41,C,2026-02-02T00:42:35,I agree. We also need a human study to see if summaries change perception. That way we can separate system behavior from human perception effects.
c14,42,C,2026-02-02T00:44:01,Let’s define a small set of standard questions to ask the system. This also gives us something concrete to show in the proposal and final report.
c14,43,D,2026-02-02T00:45:19,We should assign owners for each part so work doesn’t overlap.
c14,44,B,2026-02-02T00:45:47,"Possibly, let’s define a small set of standard questions to ask the system."
c14,45,E,2026-02-02T00:46:14,"Just to check: If we finish the prototype early, we’ll have time to run the user study?"
c14,46,C,2026-02-02T00:47:55,We need time near the end for polishing figures and slides. This also gives us something concrete to show in the proposal and final report.
c14,47,C,2026-02-02T00:48:25,"Let’s set weekly milestones: data, prototype, analysis, study, writing. We can validate it quickly with a small pilot before we scale it up."
c14,48,C,2026-02-02T00:49:31,"I agree. Let’s decide how many conversations and messages we need for signal. It might feel like extra work now, but it saves time during analysis."
c14,49,C,2026-02-02T00:50:20,We need multi-speaker conversations where each person has a distinct style. We can validate it quickly with a small pilot before we scale it up.
c14,50,A,2026-02-02T00:52:08,The best option is i agree. We should decide what success looks like by the end of the semester.
c14,51,C,2026-02-02T00:53:46,"In my view, if we overbuild, we’ll have less time for evaluation and writing. That way we can separate system behavior from human perception effects."
c14,52,A,2026-02-02T00:54:44,"The best option is let’s set weekly milestones: data, prototype, analysis, study, writing."
c14,53,D,2026-02-02T00:56:18,We should store everything in a clean CSV with speaker IDs and timestamps.
c14,54,E,2026-02-02T00:57:33,Can we clarify: We need multi-speaker conversations where each person has a distinct style?
c14,55,C,2026-02-02T00:58:27,I'm not fully convinced yet. We should assign owners for each part so work doesn’t overlap. We can validate it quickly with a small pilot before we scale it up.
c14,56,B,2026-02-02T01:00:00,"It seems like, we can simulate group chats so we control ground truth and avoid privacy issues."
c14,57,B,2026-02-02T01:01:39,"Possibly, i agree. We also need a human study to see if summaries change perception."
c14,58,E,2026-02-02T01:02:29,Quick question: I agree. We also need a human study to see if summaries change perception?
c14,59,C,2026-02-02T01:04:13,"Let’s decide how many conversations and messages we need for signal. If we write this down as a checklist, we can avoid back-and-forth later."
c14,60,A,2026-02-02T01:04:34,I propose we should measure who gets retrieved compared to who actually contributed.
c14,61,D,2026-02-02T01:06:14,"Honestly, let’s pick one main question and avoid building extra features."
c15,1,F,2026-02-02T01:00:00,Team: let's discuss study design discussion and get aligned before we split tasks.
c15,2,G,2026-02-02T01:00:33,I'm not fully convinced yet. We should randomize which conversation they see to avoid learning effects.
c15,3,F,2026-02-02T01:02:07,"Could we, i agree. I suspect verbose speakers will be retrieved more often just because they contain more keywords."
c15,4,F,2026-02-02T01:03:06,"Appreciate it, for the user study, we can ask who seems most knowledgeable or influential."
c15,5,E,2026-02-02T01:03:43,"Can we clarify: For the user study, we can ask who seems most knowledgeable or influential?"
c15,6,C,2026-02-02T01:05:06,"To be clear, we can show participants a short system-generated summary and ask perception questions. If we write this down as a checklist, we can avoid back-and-forth later."
c15,7,A,2026-02-02T01:05:44,We should i agree. We can show participants a short system-generated summary and ask perception questions.
c15,8,E,2026-02-02T01:06:36,Before we move on: Hedging language might be retrieved less because it sounds less decisive?
c15,9,C,2026-02-02T01:07:24,I'm not fully convinced yet. We should track agreement across participants to see if the effect is consistent. That way we can separate system behavior from human perception effects.
c15,10,C,2026-02-02T01:08:46,"For the user study, we can ask who seems most knowledgeable or influential. We can validate it quickly with a small pilot before we scale it up."
c15,11,C,2026-02-02T01:09:46,"I agree. We should collect demographics lightly, if allowed, but keep it minimal. We can validate it quickly with a small pilot before we scale it up."
c15,12,A,2026-02-02T01:10:47,We need to we should track agreement across participants to see if the effect is consistent.
c15,13,C,2026-02-02T01:12:13,We should randomize which conversation they see to avoid learning effects. We can validate it quickly with a small pilot before we scale it up.
c15,14,E,2026-02-02T01:12:48,"Small question: For the user study, we can ask who seems most knowledgeable or influential?"
c15,15,E,2026-02-02T01:13:26,Just to check: I suspect verbose speakers will be retrieved more often just because they contain more keywords?
c15,16,F,2026-02-02T01:14:16,"I agree. If retrieval is skewed, summaries may systematically misrepresent the group. could we."
c15,17,F,2026-02-02T01:15:33,"Thanks, i suspect verbose speakers will be retrieved more often just because they contain more keywords."
c15,18,C,2026-02-02T01:16:15,We can keep it lightweight with a Google Form and short tasks. We can validate it quickly with a small pilot before we scale it up.
c15,19,E,2026-02-02T01:17:52,"Quick question: Honestly, hedging language might be retrieved less because it sounds less decisive?"
c15,20,E,2026-02-02T01:19:11,Before we move on: I agree. We can keep it lightweight with a Google Form and short tasks?
c15,21,G,2026-02-02T01:20:19,"For the user study, we can ask who seems most knowledgeable or influential."
c15,22,F,2026-02-02T01:21:25,"If you don't mind, i suspect verbose speakers will be retrieved more often just because they contain more keywords."
c15,23,E,2026-02-02T01:23:01,"Can we clarify: To be clear, i agree. We can keep it lightweight with a Google Form and short tasks?"
c15,24,G,2026-02-02T01:24:01,We should track agreement across participants to see if the effect is consistent.
c15,25,C,2026-02-02T01:25:37,"To be clear, we should collect demographics lightly, if allowed, but keep it minimal. This also gives us something concrete to show in the proposal and final report."
c15,26,G,2026-02-02T01:27:00,We can compute retrieval share per speaker and compare it to participation share.
c15,27,F,2026-02-02T01:27:33,Hedging language might be retrieved less because it sounds less decisive. thanks.
c15,28,A,2026-02-02T01:28:34,Let's we can show participants a short system-generated summary and ask perception questions.
c15,29,C,2026-02-02T01:29:45,"Definitely, i'm not fully convinced yet. We can compute retrieval share per speaker and compare it to participation share. It might feel like extra work now, but it saves time during analysis."
c15,30,A,2026-02-02T01:31:01,"We need to readers may think the most-retrieved speaker is the leader, even if they weren’t."
c15,31,E,2026-02-02T01:32:01,"Small question: Readers may think the most-retrieved speaker is the leader, even if they weren’t?"
c15,32,A,2026-02-02T01:33:33,Let's we can show participants a short system-generated summary and ask perception questions.
c15,33,F,2026-02-02T01:34:51,Hedging language might be retrieved less because it sounds less decisive. appreciate it.
c15,34,G,2026-02-02T01:35:26,"For the user study, we can ask who seems most knowledgeable or influential."
c15,35,F,2026-02-02T01:37:08,We can keep it lightweight with a Google Form and short tasks. thanks.
c15,36,F,2026-02-02T01:38:11,"We should compute style metrics: verbosity, hedging rate, assertiveness rate. thanks."
c15,37,A,2026-02-02T01:39:27,"Let's if retrieval is skewed, summaries may systematically misrepresent the group."
c15,38,E,2026-02-02T01:41:16,Quick question: We should track agreement across participants to see if the effect is consistent?
c15,39,G,2026-02-02T01:41:43,"We should compute style metrics: verbosity, hedging rate, assertiveness rate."
c15,40,F,2026-02-02T01:43:11,We should randomize which conversation they see to avoid learning effects. thanks.
c15,41,F,2026-02-02T01:44:34,"Please, we should collect demographics lightly, if allowed, but keep it minimal."
c15,42,A,2026-02-02T01:45:43,We should we should randomize which conversation they see to avoid learning effects.
c15,43,C,2026-02-02T01:47:21,Hedging language might be retrieved less because it sounds less decisive. That way we can separate system behavior from human perception effects.
c15,44,C,2026-02-02T01:47:48,"We should collect demographics lightly, if allowed, but keep it minimal. This also gives us something concrete to show in the proposal and final report."
c15,45,G,2026-02-02T01:48:40,"For the user study, we can ask who seems most knowledgeable or influential."
c15,46,A,2026-02-02T01:50:09,I recommend we can compute retrieval share per speaker and compare it to participation share.
c15,47,A,2026-02-02T01:50:35,Let's we should randomize which conversation they see to avoid learning effects.
c15,48,E,2026-02-02T01:51:06,Small question: We should track agreement across participants to see if the effect is consistent?
c15,49,E,2026-02-02T01:51:49,Quick question: We can show participants a short system-generated summary and ask perception questions?
c15,50,A,2026-02-02T01:53:13,Let's we can keep it lightweight with a Google Form and short tasks.
c15,51,G,2026-02-02T01:54:53,We should track agreement across participants to see if the effect is consistent.
c15,52,G,2026-02-02T01:56:03,"We should collect demographics lightly, if allowed, but keep it minimal."
c15,53,A,2026-02-02T01:56:24,"The best option is readers may think the most-retrieved speaker is the leader, even if they weren’t."
c15,54,E,2026-02-02T01:58:10,Can we clarify: I agree. We can show participants a short system-generated summary and ask perception questions?
c15,55,A,2026-02-02T01:59:43,"We should for sure, we should randomize which conversation they see to avoid learning effects."
c15,56,A,2026-02-02T02:00:25,I recommend i agree. We can show participants a short system-generated summary and ask perception questions.
c15,57,A,2026-02-02T02:02:03,I propose we can keep it lightweight with a Google Form and short tasks.
c15,58,C,2026-02-02T02:03:16,"We can show participants a short system-generated summary and ask perception questions. If we write this down as a checklist, we can avoid back-and-forth later."
c15,59,E,2026-02-02T02:04:47,"Before we move on: Readers may think the most-retrieved speaker is the leader, even if they weren’t?"
c15,60,F,2026-02-02T02:05:15,"Appreciate it, i suspect verbose speakers will be retrieved more often just because they contain more keywords."
c15,61,F,2026-02-02T02:07:02,"If you don't mind, i'm not fully convinced yet. I suspect verbose speakers will be retrieved more often just because they contain more keywords."
c15,62,E,2026-02-02T02:07:34,Quick question: We can keep it lightweight with a Google Form and short tasks?
c15,63,F,2026-02-02T02:09:23,"Please, we can show participants a short system-generated summary and ask perception questions."
c15,64,E,2026-02-02T02:10:57,"Can we clarify: Readers may think the most-retrieved speaker is the leader, even if they weren’t?"
c15,65,G,2026-02-02T02:11:42,I agree. We should track agreement across participants to see if the effect is consistent.
c15,66,A,2026-02-02T02:13:02,The best option is we should track agreement across participants to see if the effect is consistent.
c15,67,E,2026-02-02T02:13:32,"Small question: For the user study, we can ask who seems most knowledgeable or influential?"
c15,68,G,2026-02-02T02:15:10,"For the user study, we can ask who seems most knowledgeable or influential."
c15,69,C,2026-02-02T02:16:54,"We can show participants a short system-generated summary and ask perception questions. If we write this down as a checklist, we can avoid back-and-forth later."
c15,70,C,2026-02-02T02:17:47,We can keep it lightweight with a Google Form and short tasks. We can validate it quickly with a small pilot before we scale it up.
c15,71,A,2026-02-02T02:18:58,The best option is we should track agreement across participants to see if the effect is consistent.
c16,1,E,2026-02-02T02:00:00,Team: let's discuss class project planning and get aligned before we split tasks.
c16,2,G,2026-02-02T02:00:56,I agree. We should include robustness checks by changing retrieval settings.
c16,3,F,2026-02-02T02:02:40,"Please, we should measure who gets retrieved compared to who actually contributed."
c16,4,F,2026-02-02T02:03:03,"If you don't mind, i'm not fully convinced yet. We should measure who gets retrieved compared to who actually contributed."
c16,5,E,2026-02-02T02:03:23,Can we clarify: We should measure who gets retrieved compared to who actually contributed?
c16,6,F,2026-02-02T02:04:06,I agree. We should decide what success looks like by the end of the semester. could we.
c16,7,A,2026-02-02T02:04:29,I recommend i agree. We should assign owners for each part so work doesn’t overlap.
c16,8,A,2026-02-02T02:05:50,"We should let’s set weekly milestones: data, prototype, analysis, study, writing."
c16,9,E,2026-02-02T02:06:52,"Just to check: For sure, we should measure who gets retrieved compared to who actually contributed?"
c16,10,A,2026-02-02T02:07:23,We need to let’s pick one main question and avoid building extra features.
c16,11,E,2026-02-02T02:08:07,Can we clarify: Let’s pick one main question and avoid building extra features?
c16,12,G,2026-02-02T02:08:59,"I agree. If we finish the prototype early, we’ll have time to run the user study."
c16,13,G,2026-02-02T02:09:38,We need time near the end for polishing figures and slides.
c16,14,D,2026-02-02T02:10:24,Let’s pick one main question and avoid building extra features.
c16,15,A,2026-02-02T02:11:46,Let's i agree. Let’s pick one main question and avoid building extra features.
c16,16,G,2026-02-02T02:12:22,"If we finish the prototype early, we’ll have time to run the user study."
c16,17,F,2026-02-02T02:12:57,"Thanks, we need to keep the project focused so we can finish in time."
c16,18,G,2026-02-02T02:14:44,"If we overbuild, we’ll have less time for evaluation and writing."
c16,19,F,2026-02-02T02:16:27,"Could we, we should measure who gets retrieved compared to who actually contributed."
c16,20,A,2026-02-02T02:18:06,The best option is i'm not fully convinced yet. We also need a human study to see if summaries change perception.
c16,21,A,2026-02-02T02:18:59,I recommend let’s pick one main question and avoid building extra features.
c16,22,A,2026-02-02T02:20:44,"I recommend let’s set weekly milestones: data, prototype, analysis, study, writing."
c16,23,A,2026-02-02T02:21:12,I recommend we should decide what success looks like by the end of the semester.
c16,24,A,2026-02-02T02:21:56,The best option is we need time near the end for polishing figures and slides.
c16,25,A,2026-02-02T02:23:20,"I propose honestly, i agree. Let’s pick one main question and avoid building extra features."
c16,26,G,2026-02-02T02:24:09,I agree. We should assign owners for each part so work doesn’t overlap.
c16,27,G,2026-02-02T02:25:45,"Let’s set weekly milestones: data, prototype, analysis, study, writing."
c16,28,E,2026-02-02T02:27:16,Quick question: We need to keep the project focused so we can finish in time?
c16,29,D,2026-02-02T02:28:54,We should assign owners for each part so work doesn’t overlap.
c16,30,A,2026-02-02T02:29:24,"I propose in my view, let’s define a small set of standard questions to ask the system."
c16,31,F,2026-02-02T02:30:22,I agree. We should include robustness checks by changing retrieval settings. if you don't mind.
c16,32,G,2026-02-02T02:30:55,I agree. Let’s pick one main question and avoid building extra features.
c16,33,E,2026-02-02T02:31:48,Just to check: We should include robustness checks by changing retrieval settings?
c16,34,D,2026-02-02T02:33:22,We should measure who gets retrieved compared to who actually contributed.
c16,35,D,2026-02-02T02:35:04,We should include robustness checks by changing retrieval settings.
c16,36,D,2026-02-02T02:36:25,We should decide what success looks like by the end of the semester.
c16,37,G,2026-02-02T02:37:26,We need to keep the project focused so we can finish in time.
c16,38,E,2026-02-02T02:39:16,Small question: We should include robustness checks by changing retrieval settings?
c16,39,D,2026-02-02T02:39:42,We should measure who gets retrieved compared to who actually contributed.
c16,40,F,2026-02-02T02:41:20,"Could we, if we overbuild, we’ll have less time for evaluation and writing."
c16,41,E,2026-02-02T02:42:18,Quick question: We should assign owners for each part so work doesn’t overlap?
c16,42,A,2026-02-02T02:43:46,We should we also need a human study to see if summaries change perception.
c16,43,F,2026-02-02T02:45:15,"I agree. Let’s set weekly milestones: data, prototype, analysis, study, writing. if you don't mind."
c16,44,D,2026-02-02T02:46:12,We should measure who gets retrieved compared to who actually contributed.
c16,45,A,2026-02-02T02:46:59,"Let's honestly, let’s set weekly milestones: data, prototype, analysis, study, writing."
c16,46,A,2026-02-02T02:48:04,I propose we should assign owners for each part so work doesn’t overlap.
c16,47,F,2026-02-02T02:49:07,We should measure who gets retrieved compared to who actually contributed. if you don't mind.
c16,48,F,2026-02-02T02:50:08,"Could we, i'm not fully convinced yet. Let’s set weekly milestones: data, prototype, analysis, study, writing."
c16,49,D,2026-02-02T02:51:40,We should decide what success looks like by the end of the semester.
c16,50,G,2026-02-02T02:52:51,"If we finish the prototype early, we’ll have time to run the user study."
c16,51,A,2026-02-02T02:53:24,I propose let’s define a small set of standard questions to ask the system.
c16,52,A,2026-02-02T02:53:48,"We should i agree. If we overbuild, we’ll have less time for evaluation and writing."
c16,53,E,2026-02-02T02:55:14,"Small question: In my view, let’s set weekly milestones: data, prototype, analysis, study, writing?"
c16,54,E,2026-02-02T02:55:35,Before we move on: We should include robustness checks by changing retrieval settings?
c16,55,F,2026-02-02T02:56:37,"Could we, we should decide what success looks like by the end of the semester."
c16,56,F,2026-02-02T02:57:02,We also need a human study to see if summaries change perception. would you be able to.
c16,57,D,2026-02-02T02:58:35,Let’s define a small set of standard questions to ask the system.
c16,58,A,2026-02-02T03:00:08,I recommend we need to keep the project focused so we can finish in time.
c16,59,E,2026-02-02T03:01:51,Can we clarify: We need time near the end for polishing figures and slides?
c16,60,D,2026-02-02T03:03:05,We should measure who gets retrieved compared to who actually contributed.
c16,61,E,2026-02-02T03:03:51,"Before we move on: I'm not fully convinced yet. Let’s set weekly milestones: data, prototype, analysis, study, writing?"
c16,62,D,2026-02-02T03:04:29,We should decide what success looks like by the end of the semester.
c16,63,G,2026-02-02T03:05:38,We should decide what success looks like by the end of the semester.
c16,64,F,2026-02-02T03:06:01,"Appreciate it, i agree. Let’s pick one main question and avoid building extra features."
c16,65,A,2026-02-02T03:06:38,"We need to to be clear, we should decide what success looks like by the end of the semester."
c16,66,G,2026-02-02T03:08:11,I agree. We should assign owners for each part so work doesn’t overlap.
c16,67,G,2026-02-02T03:08:33,"Let’s set weekly milestones: data, prototype, analysis, study, writing."
c16,68,G,2026-02-02T03:09:29,Let’s pick one main question and avoid building extra features.
c16,69,A,2026-02-02T03:09:54,I recommend we also need a human study to see if summaries change perception.
c16,70,E,2026-02-02T03:10:15,Quick question: I agree. We should decide what success looks like by the end of the semester?
c16,71,F,2026-02-02T03:11:18,"Please, we should include robustness checks by changing retrieval settings."
c16,72,F,2026-02-02T03:12:25,We should decide what success looks like by the end of the semester. could we.
c16,73,G,2026-02-02T03:13:31,We should include robustness checks by changing retrieval settings.
c16,74,G,2026-02-02T03:14:09,Let’s define a small set of standard questions to ask the system.
c17,1,E,2026-02-02T03:00:00,Team: let's discuss class project planning and get aligned before we split tasks.
c17,2,B,2026-02-02T03:01:22,"Maybe, let’s decide how many conversations and messages we need for signal."
c17,3,D,2026-02-02T03:02:10,"If we finish the prototype early, we’ll have time to run the user study."
c17,4,F,2026-02-02T03:02:31,"Appreciate it, in my view, i agree. If we overbuild, we’ll have less time for evaluation and writing."
c17,5,B,2026-02-02T03:02:52,"It seems like, we need multi-speaker conversations where each person has a distinct style."
c17,6,B,2026-02-02T03:03:46,"I feel like, let’s pick one main question and avoid building extra features."
c17,7,B,2026-02-02T03:05:34,"Possibly, i'm not fully convinced yet. If we overbuild, we’ll have less time for evaluation and writing."
c17,8,F,2026-02-02T03:06:43,"If we overbuild, we’ll have less time for evaluation and writing. if you don't mind."
c17,9,B,2026-02-02T03:08:14,"I'm not sure but, we should measure who gets retrieved compared to who actually contributed."
c17,10,G,2026-02-02T03:10:01,Let’s decide how many conversations and messages we need for signal.
c17,11,E,2026-02-02T03:11:17,Quick question: We need multi-speaker conversations where each person has a distinct style?
c17,12,E,2026-02-02T03:11:56,Quick question: We should include robustness checks by changing retrieval settings?
c17,13,F,2026-02-02T03:12:28,"If you don't mind, i'm not fully convinced yet. We also need a human study to see if summaries change perception."
c17,14,E,2026-02-02T03:13:15,Quick question: I'm not fully convinced yet. We should store everything in a clean CSV with speaker IDs and timestamps?
c17,15,F,2026-02-02T03:14:00,"Could we, we should store everything in a clean CSV with speaker IDs and timestamps."
c17,16,G,2026-02-02T03:15:41,We should decide what success looks like by the end of the semester.
c17,17,F,2026-02-02T03:17:15,"Appreciate it, honestly, we should include robustness checks by changing retrieval settings."
c17,18,E,2026-02-02T03:18:19,"Small question: I'm not fully convinced yet. Let’s set weekly milestones: data, prototype, analysis, study, writing?"
c17,19,B,2026-02-02T03:18:59,"I'm not sure but, i'm not fully convinced yet. Let’s define a small set of standard questions to ask the system."
c17,20,D,2026-02-02T03:20:32,I'm not fully convinced yet.
c17,21,F,2026-02-02T03:21:13,We should include robustness checks by changing retrieval settings. if you don't mind.
c17,22,D,2026-02-02T03:21:53,We should assign owners for each part so work doesn’t overlap.
c17,23,E,2026-02-02T03:23:23,Before we move on: We should decide what success looks like by the end of the semester?
c17,24,F,2026-02-02T03:24:47,"Appreciate it, let’s define a small set of standard questions to ask the system."
c17,25,B,2026-02-02T03:26:37,"I think, let’s set weekly milestones: data, prototype, analysis, study, writing."
c17,26,B,2026-02-02T03:28:00,"It seems like, we need to keep the project focused so we can finish in time."
c17,27,D,2026-02-02T03:28:32,"To be clear, we should measure who gets retrieved compared to who actually contributed."
c17,28,B,2026-02-02T03:30:03,"Possibly, i'm not fully convinced yet. Let’s decide how many conversations and messages we need for signal."
c17,29,B,2026-02-02T03:31:45,"Kind of, if we finish the prototype early, we’ll have time to run the user study."
c17,30,E,2026-02-02T03:32:46,Before we move on: We can simulate group chats so we control ground truth and avoid privacy issues?
c17,31,E,2026-02-02T03:33:16,Small question: We should assign owners for each part so work doesn’t overlap?
c17,32,B,2026-02-02T03:34:01,"I'm not sure but, i agree. Let’s decide how many conversations and messages we need for signal."
c17,33,E,2026-02-02T03:34:47,Before we move on: We need multi-speaker conversations where each person has a distinct style?
c17,34,D,2026-02-02T03:36:35,"Let’s set weekly milestones: data, prototype, analysis, study, writing."
c17,35,F,2026-02-02T03:37:00,We should measure who gets retrieved compared to who actually contributed. could we.
c17,36,E,2026-02-02T03:37:48,"Small question: If we finish the prototype early, we’ll have time to run the user study?"
c17,37,G,2026-02-02T03:38:33,"If we finish the prototype early, we’ll have time to run the user study."
c17,38,E,2026-02-02T03:39:14,Quick question: Let’s pick one main question and avoid building extra features?
c17,39,D,2026-02-02T03:39:49,We should assign owners for each part so work doesn’t overlap.
c17,40,E,2026-02-02T03:41:21,Small question: Let’s define a small set of standard questions to ask the system?
c17,41,B,2026-02-02T03:42:17,"I feel like, let’s pick one main question and avoid building extra features."
c17,42,F,2026-02-02T03:43:12,Let’s pick one main question and avoid building extra features. if you don't mind.
c17,43,E,2026-02-02T03:43:46,Can we clarify: We need multi-speaker conversations where each person has a distinct style?
c17,44,G,2026-02-02T03:45:15,We should include robustness checks by changing retrieval settings.
c17,45,E,2026-02-02T03:46:43,"Small question: If we overbuild, we’ll have less time for evaluation and writing?"
c17,46,B,2026-02-02T03:47:33,"Kind of, in my view, we should decide what success looks like by the end of the semester."
c17,47,B,2026-02-02T03:49:09,"Maybe, we should decide what success looks like by the end of the semester."
c17,48,B,2026-02-02T03:50:43,"Kind of, i'm not fully convinced yet. We should assign owners for each part so work doesn’t overlap."
c17,49,F,2026-02-02T03:52:14,"Let’s set weekly milestones: data, prototype, analysis, study, writing. please."
c17,50,B,2026-02-02T03:53:52,"I think, definitely, we can simulate group chats so we control ground truth and avoid privacy issues."
c17,51,G,2026-02-02T03:55:29,"For sure, if we overbuild, we’ll have less time for evaluation and writing."
c17,52,E,2026-02-02T03:55:55,Can we clarify: I agree. We need to keep the project focused so we can finish in time?
c17,53,G,2026-02-02T03:56:31,We also need a human study to see if summaries change perception.
c17,54,G,2026-02-02T03:57:35,We also need a human study to see if summaries change perception.
c17,55,D,2026-02-02T03:59:13,We can simulate group chats so we control ground truth and avoid privacy issues.
c17,56,F,2026-02-02T03:59:48,We should assign owners for each part so work doesn’t overlap. appreciate it.
c17,57,E,2026-02-02T04:01:26,"Just to check: If we overbuild, we’ll have less time for evaluation and writing?"
c17,58,F,2026-02-02T04:02:22,"If we finish the prototype early, we’ll have time to run the user study. thanks."
c17,59,G,2026-02-02T04:03:12,We should decide what success looks like by the end of the semester.
c17,60,G,2026-02-02T04:04:15,We should assign owners for each part so work doesn’t overlap.
c17,61,D,2026-02-02T04:05:58,We also need a human study to see if summaries change perception.
c18,1,E,2026-02-02T04:00:00,Team: let's discuss choosing tools/stack and get aligned before we split tasks.
c18,2,F,2026-02-02T04:01:12,"Definitely, first we ingest chats, then index, then retrieve, then answer, then analyze logs. if you don't mind."
c18,3,F,2026-02-02T04:02:32,"If we keep the stack simple, we can focus on the analysis. if you don't mind."
c18,4,E,2026-02-02T04:03:36,"Can we clarify: To be clear, we can use a simple vector store and a basic retrieval QA chain?"
c18,5,B,2026-02-02T04:05:16,"Maybe, a more complex system might look impressive but could be risky."
c18,6,G,2026-02-02T04:06:37,"If we keep it simple, we can run more experiments and comparisons."
c18,7,G,2026-02-02T04:07:00,I agree. We can use a simple vector store and a basic retrieval QA chain.
c18,8,B,2026-02-02T04:07:32,"I feel like, i'm not fully convinced yet. We should log every retrieval step so we can explain results."
c18,9,D,2026-02-02T04:08:48,Let’s make the pipeline reproducible with fixed seeds and configs.
c18,10,D,2026-02-02T04:09:38,I agree.
c18,11,E,2026-02-02T04:11:21,"Can we clarify: If we keep it simple, we can run more experiments and comparisons?"
c18,12,F,2026-02-02T04:12:12,"If you don't mind, if we keep the stack simple, we can focus on the analysis."
c18,13,F,2026-02-02T04:13:03,We should trade engineering time for better study design and write-up. would you be able to.
c18,14,B,2026-02-02T04:13:35,"Kind of, if we keep it simple, we can run more experiments and comparisons."
c18,15,F,2026-02-02T04:14:48,We could compare two setups to see if results are robust. would you be able to.
c18,16,E,2026-02-02T04:15:51,"Before we move on: If we keep it simple, we can run more experiments and comparisons?"
c18,17,E,2026-02-02T04:16:49,"Before we move on: If we keep it simple, we can run more experiments and comparisons?"
c18,18,G,2026-02-02T04:18:21,"To be clear, a minimal system plus strong evaluation is probably the best strategy."
c18,19,F,2026-02-02T04:19:25,A minimal system plus strong evaluation is probably the best strategy. could we.
c18,20,E,2026-02-02T04:20:14,Before we move on: I agree. We should choose tools that are stable and easy to reproduce?
c18,21,F,2026-02-02T04:20:35,"First we ingest chats, then index, then retrieve, then answer, then analyze logs. would you be able to."
c18,22,B,2026-02-02T04:21:34,"It seems like, i agree. If we keep the stack simple, we can focus on the analysis."
c18,23,E,2026-02-02T04:23:10,"Just to check: In my view, if we keep the stack simple, we can focus on the analysis?"
c18,24,G,2026-02-02T04:24:34,"For sure, we could compare two setups to see if results are robust."
c18,25,G,2026-02-02T04:25:18,A minimal system plus strong evaluation is probably the best strategy.
c18,26,F,2026-02-02T04:26:21,"Appreciate it, let’s make the pipeline reproducible with fixed seeds and configs."
c18,27,G,2026-02-02T04:27:24,A more complex system might look impressive but could be risky.
c18,28,E,2026-02-02T04:28:39,Quick question: We can use a simple vector store and a basic retrieval QA chain?
c18,29,E,2026-02-02T04:29:11,"Quick question: First we ingest chats, then index, then retrieve, then answer, then analyze logs?"
c18,30,F,2026-02-02T04:30:15,"Thanks, first we ingest chats, then index, then retrieve, then answer, then analyze logs."
c18,31,B,2026-02-02T04:30:42,"I think, we should build a baseline before adding any improvements."
c18,32,F,2026-02-02T04:32:17,We should choose tools that are stable and easy to reproduce. could we.
c18,33,G,2026-02-02T04:32:51,I'm not fully convinced yet. We should choose tools that are stable and easy to reproduce.
c18,34,G,2026-02-02T04:34:16,"If we keep the stack simple, we can focus on the analysis."
c18,35,G,2026-02-02T04:35:52,We should log every retrieval step so we can explain results.
c18,36,F,2026-02-02T04:37:25,A minimal system plus strong evaluation is probably the best strategy. thanks.
c18,37,E,2026-02-02T04:38:50,Quick question: Let’s make the pipeline reproducible with fixed seeds and configs?
c18,38,D,2026-02-02T04:40:32,Let’s make the pipeline reproducible with fixed seeds and configs.
c18,39,G,2026-02-02T04:41:17,We should choose tools that are stable and easy to reproduce.
c18,40,G,2026-02-02T04:42:11,We should trade engineering time for better study design and write-up.
c18,41,G,2026-02-02T04:43:06,We could compare two setups to see if results are robust.
c18,42,E,2026-02-02T04:44:26,Just to check: We should trade engineering time for better study design and write-up?
c18,43,D,2026-02-02T04:46:03,"For sure, we should choose tools that are stable and easy to reproduce."
c18,44,B,2026-02-02T04:46:45,"Kind of, we should choose tools that are stable and easy to reproduce."
c18,45,B,2026-02-02T04:48:03,"I'm not sure but, let’s make the pipeline reproducible with fixed seeds and configs."
c18,46,D,2026-02-02T04:48:39,"If we keep it simple, we can run more experiments and comparisons."
c18,47,E,2026-02-02T04:49:24,Quick question: We should choose tools that are stable and easy to reproduce?
c18,48,D,2026-02-02T04:50:52,We should trade engineering time for better study design and write-up.
c18,49,F,2026-02-02T04:51:13,"Would you be able to, for sure, we can use a simple vector store and a basic retrieval QA chain."
c18,50,D,2026-02-02T04:52:40,A minimal system plus strong evaluation is probably the best strategy.
c18,51,B,2026-02-02T04:54:20,"Maybe, we could compare two setups to see if results are robust."
c18,52,F,2026-02-02T04:56:10,"Please, a minimal system plus strong evaluation is probably the best strategy."
c18,53,B,2026-02-02T04:56:32,"Kind of, in my view, we could compare two setups to see if results are robust."
c18,54,E,2026-02-02T04:58:06,Small question: We should trade engineering time for better study design and write-up?
c18,55,D,2026-02-02T04:58:56,A minimal system plus strong evaluation is probably the best strategy.
c19,1,B,2026-02-02T05:00:00,Team: let's discuss team meeting recap and get aligned before we split tasks.
c19,2,G,2026-02-02T05:00:59,I agree. We still need to decide the retrieval strategy and top-k value.
c19,3,G,2026-02-02T05:02:34,We still need to decide the retrieval strategy and top-k value.
c19,4,A,2026-02-02T05:03:47,"I propose action items: finalize data format, build indexing, and draft pitch."
c19,5,G,2026-02-02T05:04:53,Let’s assign owners and deadlines for each task.
c19,6,A,2026-02-02T05:05:58,"I propose for sure, we should create a shared doc with open questions and next steps."
c19,7,B,2026-02-02T05:07:40,"It seems like, should we analyze message-level retrieval or chunk messages into windows?"
c19,8,E,2026-02-02T05:08:18,Quick question: Let’s assign owners and deadlines for each task?
c19,9,G,2026-02-02T05:09:48,"Action items: finalize data format, build indexing, and draft pitch."
c19,10,B,2026-02-02T05:10:40,"Kind of, i agree. Action items: finalize data format, build indexing, and draft pitch."
c19,11,B,2026-02-02T05:11:47,"Kind of, to be clear, let’s restate what we agreed on before we end the meeting."
c19,12,G,2026-02-02T05:13:17,How many participants do we need for a reasonable user study?
c19,13,A,2026-02-02T05:14:54,We should we should create a shared doc with open questions and next steps.
c19,14,B,2026-02-02T05:15:25,"I think, in my view, we should write down the final scope so everyone is aligned."
c19,15,E,2026-02-02T05:15:45,"Before we move on: Action items: finalize data format, build indexing, and draft pitch?"
c19,16,G,2026-02-02T05:16:22,Let’s restate what we agreed on before we end the meeting.
c19,17,A,2026-02-02T05:17:11,"Let's we should capture the reasoning behind the decision, not just the outcome."
c19,18,B,2026-02-02T05:18:50,"Kind of, we should write down the final scope so everyone is aligned."
c19,19,G,2026-02-02T05:19:49,"We should capture the reasoning behind the decision, not just the outcome."
c19,20,B,2026-02-02T05:21:08,"Possibly, let’s assign owners and deadlines for each task."
c19,21,G,2026-02-02T05:22:17,"Action items: finalize data format, build indexing, and draft pitch."
c19,22,A,2026-02-02T05:23:03,I propose i agree. Can someone summarize today’s discussion in a few bullets?
c19,23,A,2026-02-02T05:23:31,The best option is the main decision is which project idea we commit to.
c19,24,G,2026-02-02T05:25:02,Let’s assign owners and deadlines for each task.
c19,25,B,2026-02-02T05:25:41,"Kind of, we should create a shared doc with open questions and next steps."
c19,26,B,2026-02-02T05:26:07,"Possibly, can someone summarize today’s discussion in a few bullets?"
c19,27,A,2026-02-02T05:26:40,"We should in my view, let’s restate what we agreed on before we end the meeting."
c19,28,D,2026-02-02T05:27:17,"We should capture the reasoning behind the decision, not just the outcome."
c19,29,E,2026-02-02T05:28:56,Small question: We still need to decide the retrieval strategy and top-k value?
c19,30,B,2026-02-02T05:29:56,"It seems like, action items: finalize data format, build indexing, and draft pitch."
c19,31,B,2026-02-02T05:31:31,"It seems like, we should capture the reasoning behind the decision, not just the outcome."
c19,32,B,2026-02-02T05:33:00,"I feel like, can someone summarize today’s discussion in a few bullets?"
c19,33,A,2026-02-02T05:33:57,I recommend i agree. Let’s assign owners and deadlines for each task.
c19,34,E,2026-02-02T05:34:57,Quick question: The main decision is which project idea we commit to?
c19,35,B,2026-02-02T05:35:50,"Maybe, let’s assign owners and deadlines for each task."
c19,36,G,2026-02-02T05:36:15,How many participants do we need for a reasonable user study?
c19,37,G,2026-02-02T05:36:53,Can someone summarize today’s discussion in a few bullets?
c19,38,B,2026-02-02T05:38:36,"I think, we still need to decide the retrieval strategy and top-k value."
c19,39,G,2026-02-02T05:39:33,How many participants do we need for a reasonable user study?
c19,40,G,2026-02-02T05:41:06,We should write down the final scope so everyone is aligned.
c19,41,E,2026-02-02T05:42:37,"Small question: Action items: finalize data format, build indexing, and draft pitch?"
c19,42,G,2026-02-02T05:44:16,I'm not fully convinced yet. Let’s assign owners and deadlines for each task.
c19,43,E,2026-02-02T05:45:57,"Can we clarify: I'm not fully convinced yet. Action items: finalize data format, build indexing, and draft pitch?"
c19,44,G,2026-02-02T05:47:23,I'm not fully convinced yet. We should create a shared doc with open questions and next steps.
c19,45,E,2026-02-02T05:48:11,Before we move on: I'm not fully convinced yet. We should write down the final scope so everyone is aligned?
c19,46,B,2026-02-02T05:48:37,"Possibly, honestly, the main decision is which project idea we commit to."
c19,47,E,2026-02-02T05:49:51,Small question: I'm not fully convinced yet. We should write down the final scope so everyone is aligned?
c19,48,B,2026-02-02T05:50:45,"It seems like, how do we define 'important' contributions in a fair way?"
c19,49,B,2026-02-02T05:51:11,"Kind of, we should create a shared doc with open questions and next steps."
c19,50,A,2026-02-02T05:52:12,I recommend i agree. Let’s restate what we agreed on before we end the meeting.
c19,51,D,2026-02-02T05:53:56,"Action items: finalize data format, build indexing, and draft pitch."
c19,52,B,2026-02-02T05:54:39,"It seems like, i agree. We should capture the reasoning behind the decision, not just the outcome."
c19,53,E,2026-02-02T05:55:16,"Small question: Action items: finalize data format, build indexing, and draft pitch?"
c19,54,D,2026-02-02T05:57:06,"Action items: finalize data format, build indexing, and draft pitch."
c19,55,A,2026-02-02T05:57:30,The best option is let’s restate what we agreed on before we end the meeting.
c20,1,G,2026-02-02T06:00:00,Team: let's discuss study design discussion and get aligned before we split tasks.
c20,2,C,2026-02-02T06:01:11,We can show participants a short system-generated summary and ask perception questions. We can validate it quickly with a small pilot before we scale it up.
c20,3,F,2026-02-02T06:01:38,"We should collect demographics lightly, if allowed, but keep it minimal. if you don't mind."
c20,4,F,2026-02-02T06:03:03,"If you don't mind, to be clear, i agree. Readers may think the most-retrieved speaker is the leader, even if they weren’t."
c20,5,D,2026-02-02T06:04:39,"If retrieval is skewed, summaries may systematically misrepresent the group."
c20,6,F,2026-02-02T06:06:20,"Could we, i'm not fully convinced yet. Readers may think the most-retrieved speaker is the leader, even if they weren’t."
c20,7,C,2026-02-02T06:07:46,I agree. We should randomize which conversation they see to avoid learning effects. We can validate it quickly with a small pilot before we scale it up.
c20,8,F,2026-02-02T06:08:26,We should track agreement across participants to see if the effect is consistent. could we.
c20,9,F,2026-02-02T06:10:01,"Please, i agree. We can keep it lightweight with a Google Form and short tasks."
c20,10,F,2026-02-02T06:10:43,"Please, we can keep it lightweight with a Google Form and short tasks."
c20,11,C,2026-02-02T06:11:45,"We should track agreement across participants to see if the effect is consistent. It might feel like extra work now, but it saves time during analysis."
c20,12,F,2026-02-02T06:12:31,"Would you be able to, i suspect verbose speakers will be retrieved more often just because they contain more keywords."
c20,13,F,2026-02-02T06:14:02,"Please, we should collect demographics lightly, if allowed, but keep it minimal."
c20,14,B,2026-02-02T06:14:49,"Possibly, hedging language might be retrieved less because it sounds less decisive."
c20,15,G,2026-02-02T06:15:11,"We should collect demographics lightly, if allowed, but keep it minimal."
c20,16,C,2026-02-02T06:16:05,I suspect verbose speakers will be retrieved more often just because they contain more keywords. That way we can separate system behavior from human perception effects.
c20,17,G,2026-02-02T06:17:40,"In my view, i agree. We should collect demographics lightly, if allowed, but keep it minimal."
c20,18,F,2026-02-02T06:18:11,We should track agreement across participants to see if the effect is consistent. would you be able to.
c20,19,C,2026-02-02T06:19:34,"We should compute style metrics: verbosity, hedging rate, assertiveness rate. It might feel like extra work now, but it saves time during analysis."
c20,20,B,2026-02-02T06:19:54,"I feel like, if retrieval is skewed, summaries may systematically misrepresent the group."
c20,21,C,2026-02-02T06:21:25,"In my view, we should collect demographics lightly, if allowed, but keep it minimal. We can validate it quickly with a small pilot before we scale it up."
c20,22,F,2026-02-02T06:22:51,"Definitely, i'm not fully convinced yet. For the user study, we can ask who seems most knowledgeable or influential. thanks."
c20,23,G,2026-02-02T06:23:22,I suspect verbose speakers will be retrieved more often just because they contain more keywords.
c20,24,D,2026-02-02T06:23:45,I'm not fully convinced yet.
c20,25,B,2026-02-02T06:24:39,"I'm not sure but, we can compute retrieval share per speaker and compare it to participation share."
c20,26,G,2026-02-02T06:25:00,I suspect verbose speakers will be retrieved more often just because they contain more keywords.
c20,27,C,2026-02-02T06:26:12,I suspect verbose speakers will be retrieved more often just because they contain more keywords. That way we can separate system behavior from human perception effects.
c20,28,C,2026-02-02T06:26:47,"I agree. If retrieval is skewed, summaries may systematically misrepresent the group. We can validate it quickly with a small pilot before we scale it up."
c20,29,B,2026-02-02T06:27:51,"I'm not sure but, we can keep it lightweight with a Google Form and short tasks."
c20,30,C,2026-02-02T06:29:11,"We should collect demographics lightly, if allowed, but keep it minimal. If we write this down as a checklist, we can avoid back-and-forth later."
c20,31,F,2026-02-02T06:30:02,"For sure, we should collect demographics lightly, if allowed, but keep it minimal. would you be able to."
c20,32,C,2026-02-02T06:30:44,We can keep it lightweight with a Google Form and short tasks. This also gives us something concrete to show in the proposal and final report.
c20,33,F,2026-02-02T06:31:37,"Appreciate it, i agree. We should randomize which conversation they see to avoid learning effects."
c20,34,F,2026-02-02T06:33:26,"Appreciate it, readers may think the most-retrieved speaker is the leader, even if they weren’t."
c20,35,D,2026-02-02T06:35:04,I'm not fully convinced yet.
c20,36,G,2026-02-02T06:36:36,"Honestly, we should compute style metrics: verbosity, hedging rate, assertiveness rate."
c20,37,D,2026-02-02T06:38:10,We should track agreement across participants to see if the effect is consistent.
c20,38,B,2026-02-02T06:38:50,"Kind of, i suspect verbose speakers will be retrieved more often just because they contain more keywords."
c20,39,D,2026-02-02T06:40:14,"For the user study, we can ask who seems most knowledgeable or influential."
c20,40,G,2026-02-02T06:40:42,"Readers may think the most-retrieved speaker is the leader, even if they weren’t."
c20,41,D,2026-02-02T06:42:14,We can show participants a short system-generated summary and ask perception questions.
c20,42,C,2026-02-02T06:43:17,"We should track agreement across participants to see if the effect is consistent. It might feel like extra work now, but it saves time during analysis."
c20,43,G,2026-02-02T06:43:49,"Definitely, if retrieval is skewed, summaries may systematically misrepresent the group."
c20,44,F,2026-02-02T06:44:38,"Appreciate it, for sure, for the user study, we can ask who seems most knowledgeable or influential."
c20,45,G,2026-02-02T06:45:25,"Readers may think the most-retrieved speaker is the leader, even if they weren’t."
c20,46,B,2026-02-02T06:46:12,"Possibly, we should collect demographics lightly, if allowed, but keep it minimal."
c20,47,F,2026-02-02T06:46:43,"If you don't mind, we can compute retrieval share per speaker and compare it to participation share."
c20,48,G,2026-02-02T06:48:15,"I agree. For the user study, we can ask who seems most knowledgeable or influential."
c20,49,G,2026-02-02T06:49:15,We can keep it lightweight with a Google Form and short tasks.
c20,50,G,2026-02-02T06:50:53,"If retrieval is skewed, summaries may systematically misrepresent the group."
c20,51,G,2026-02-02T06:52:33,I agree. We can compute retrieval share per speaker and compare it to participation share.
c20,52,C,2026-02-02T06:54:02,We should randomize which conversation they see to avoid learning effects. That way we can separate system behavior from human perception effects.
c20,53,B,2026-02-02T06:55:02,"I think, hedging language might be retrieved less because it sounds less decisive."
c20,54,B,2026-02-02T06:56:52,"I think, we should compute style metrics: verbosity, hedging rate, assertiveness rate."
c20,55,D,2026-02-02T06:57:39,"Readers may think the most-retrieved speaker is the leader, even if they weren’t."
c20,56,C,2026-02-02T06:59:29,"I suspect verbose speakers will be retrieved more often just because they contain more keywords. If we write this down as a checklist, we can avoid back-and-forth later."
c21,1,D,2026-02-02T07:00:00,Team: let's discuss study design discussion and get aligned before we split tasks.
c21,2,C,2026-02-02T07:01:26,"We should track agreement across participants to see if the effect is consistent. It might feel like extra work now, but it saves time during analysis."
c21,3,D,2026-02-02T07:03:06,"In my view, readers may think the most-retrieved speaker is the leader, even if they weren’t."
c21,4,A,2026-02-02T07:04:49,I recommend we can keep it lightweight with a Google Form and short tasks.
c21,5,F,2026-02-02T07:06:23,"Thanks, honestly, readers may think the most-retrieved speaker is the leader, even if they weren’t."
c21,6,E,2026-02-02T07:07:20,"Before we move on: For the user study, we can ask who seems most knowledgeable or influential?"
c21,7,C,2026-02-02T07:08:58,Hedging language might be retrieved less because it sounds less decisive. We can validate it quickly with a small pilot before we scale it up.
c21,8,E,2026-02-02T07:09:36,"Just to check: In my view, for the user study, we can ask who seems most knowledgeable or influential?"
c21,9,D,2026-02-02T07:10:22,"We should collect demographics lightly, if allowed, but keep it minimal."
c21,10,C,2026-02-02T07:10:46,"I'm not fully convinced yet. We should randomize which conversation they see to avoid learning effects. If we write this down as a checklist, we can avoid back-and-forth later."
c21,11,E,2026-02-02T07:11:12,"Just to check: Readers may think the most-retrieved speaker is the leader, even if they weren’t?"
c21,12,F,2026-02-02T07:12:01,"Thanks, we can compute retrieval share per speaker and compare it to participation share."
c21,13,C,2026-02-02T07:13:46,"I agree. We should randomize which conversation they see to avoid learning effects. It might feel like extra work now, but it saves time during analysis."
c21,14,E,2026-02-02T07:15:04,"Before we move on: For the user study, we can ask who seems most knowledgeable or influential?"
c21,15,C,2026-02-02T07:15:33,We can compute retrieval share per speaker and compare it to participation share. We can validate it quickly with a small pilot before we scale it up.
c21,16,C,2026-02-02T07:16:21,"I agree. We can keep it lightweight with a Google Form and short tasks. It might feel like extra work now, but it saves time during analysis."
c21,17,C,2026-02-02T07:17:09,"I'm not fully convinced yet. We should track agreement across participants to see if the effect is consistent. If we write this down as a checklist, we can avoid back-and-forth later."
c21,18,D,2026-02-02T07:18:46,"We should compute style metrics: verbosity, hedging rate, assertiveness rate."
c21,19,D,2026-02-02T07:19:32,I suspect verbose speakers will be retrieved more often just because they contain more keywords.
c21,20,A,2026-02-02T07:21:10,I recommend we should track agreement across participants to see if the effect is consistent.
c21,21,C,2026-02-02T07:22:24,"We can keep it lightweight with a Google Form and short tasks. If we write this down as a checklist, we can avoid back-and-forth later."
c21,22,A,2026-02-02T07:22:50,The best option is hedging language might be retrieved less because it sounds less decisive.
c21,23,A,2026-02-02T07:23:17,I recommend we can keep it lightweight with a Google Form and short tasks.
c21,24,D,2026-02-02T07:24:08,I suspect verbose speakers will be retrieved more often just because they contain more keywords.
c21,25,E,2026-02-02T07:24:46,Before we move on: I suspect verbose speakers will be retrieved more often just because they contain more keywords?
c21,26,C,2026-02-02T07:26:06,We can show participants a short system-generated summary and ask perception questions. That way we can separate system behavior from human perception effects.
c21,27,A,2026-02-02T07:26:40,Let's we can compute retrieval share per speaker and compare it to participation share.
c21,28,C,2026-02-02T07:28:08,"I'm not fully convinced yet. If retrieval is skewed, summaries may systematically misrepresent the group. We can validate it quickly with a small pilot before we scale it up."
c21,29,E,2026-02-02T07:29:29,Quick question: We can show participants a short system-generated summary and ask perception questions?
c21,30,C,2026-02-02T07:30:33,"We should track agreement across participants to see if the effect is consistent. It might feel like extra work now, but it saves time during analysis."
c21,31,E,2026-02-02T07:32:21,"Small question: I agree. For the user study, we can ask who seems most knowledgeable or influential?"
c21,32,C,2026-02-02T07:33:37,"For the user study, we can ask who seems most knowledgeable or influential. This also gives us something concrete to show in the proposal and final report."
c21,33,E,2026-02-02T07:34:09,Can we clarify: We should randomize which conversation they see to avoid learning effects?
c21,34,D,2026-02-02T07:35:29,I agree.
c21,35,C,2026-02-02T07:35:52,"I agree. If retrieval is skewed, summaries may systematically misrepresent the group. We can validate it quickly with a small pilot before we scale it up."
c21,36,C,2026-02-02T07:36:31,"We should randomize which conversation they see to avoid learning effects. If we write this down as a checklist, we can avoid back-and-forth later."
c21,37,F,2026-02-02T07:37:07,"We should compute style metrics: verbosity, hedging rate, assertiveness rate. appreciate it."
c21,38,C,2026-02-02T07:37:40,"We should collect demographics lightly, if allowed, but keep it minimal. This also gives us something concrete to show in the proposal and final report."
c21,39,A,2026-02-02T07:38:17,"Let's definitely, for the user study, we can ask who seems most knowledgeable or influential."
c21,40,A,2026-02-02T07:39:21,"We need to honestly, i'm not fully convinced yet. Readers may think the most-retrieved speaker is the leader, even if they weren’t."
c21,41,E,2026-02-02T07:39:47,Just to check: We can show participants a short system-generated summary and ask perception questions?
c21,42,F,2026-02-02T07:40:36,"Would you be able to, readers may think the most-retrieved speaker is the leader, even if they weren’t."
c21,43,C,2026-02-02T07:41:02,"Honestly, we should randomize which conversation they see to avoid learning effects. It might feel like extra work now, but it saves time during analysis."
c21,44,C,2026-02-02T07:41:50,"We should compute style metrics: verbosity, hedging rate, assertiveness rate. If we write this down as a checklist, we can avoid back-and-forth later."
c21,45,E,2026-02-02T07:43:23,"Quick question: For the user study, we can ask who seems most knowledgeable or influential?"
c21,46,E,2026-02-02T07:44:40,Just to check: I suspect verbose speakers will be retrieved more often just because they contain more keywords?
c21,47,C,2026-02-02T07:45:48,"We should collect demographics lightly, if allowed, but keep it minimal. We can validate it quickly with a small pilot before we scale it up."
c21,48,F,2026-02-02T07:46:23,We should track agreement across participants to see if the effect is consistent. thanks.
c21,49,C,2026-02-02T07:47:42,"For the user study, we can ask who seems most knowledgeable or influential. That way we can separate system behavior from human perception effects."
c21,50,A,2026-02-02T07:48:57,I recommend we should track agreement across participants to see if the effect is consistent.
c21,51,A,2026-02-02T07:50:16,"We need to i agree. For the user study, we can ask who seems most knowledgeable or influential."
c21,52,A,2026-02-02T07:51:28,"We should readers may think the most-retrieved speaker is the leader, even if they weren’t."
c21,53,F,2026-02-02T07:53:01,"If retrieval is skewed, summaries may systematically misrepresent the group. could we."
c21,54,D,2026-02-02T07:53:40,I'm not fully convinced yet.
c21,55,E,2026-02-02T07:54:38,"Small question: I'm not fully convinced yet. We should compute style metrics: verbosity, hedging rate, assertiveness rate?"
c21,56,E,2026-02-02T07:55:26,"Just to check: Honestly, we can show participants a short system-generated summary and ask perception questions?"
c21,57,F,2026-02-02T07:56:36,"Please, if retrieval is skewed, summaries may systematically misrepresent the group."
c21,58,E,2026-02-02T07:57:56,Quick question: We can keep it lightweight with a Google Form and short tasks?
c21,59,F,2026-02-02T07:58:53,I suspect verbose speakers will be retrieved more often just because they contain more keywords. please.
c21,60,C,2026-02-02T08:00:31,"If retrieval is skewed, summaries may systematically misrepresent the group. It might feel like extra work now, but it saves time during analysis."
c21,61,F,2026-02-02T08:01:38,We can compute retrieval share per speaker and compare it to participation share. could we.
c21,62,F,2026-02-02T08:03:19,"Please, hedging language might be retrieved less because it sounds less decisive."
c21,63,E,2026-02-02T08:03:59,"Quick question: Definitely, we should collect demographics lightly, if allowed, but keep it minimal?"
c21,64,A,2026-02-02T08:04:44,"I recommend i agree. If retrieval is skewed, summaries may systematically misrepresent the group."
c22,1,E,2026-02-02T08:00:00,Team: let's discuss study design discussion and get aligned before we split tasks.
c22,2,F,2026-02-02T08:00:31,"Please, we should randomize which conversation they see to avoid learning effects."
c22,3,F,2026-02-02T08:01:38,"For the user study, we can ask who seems most knowledgeable or influential. appreciate it."
c22,4,E,2026-02-02T08:02:29,Quick question: We can keep it lightweight with a Google Form and short tasks?
c22,5,C,2026-02-02T08:03:28,We should track agreement across participants to see if the effect is consistent. This also gives us something concrete to show in the proposal and final report.
c22,6,E,2026-02-02T08:04:03,Small question: Hedging language might be retrieved less because it sounds less decisive?
c22,7,D,2026-02-02T08:05:20,"For the user study, we can ask who seems most knowledgeable or influential."
c22,8,E,2026-02-02T08:06:06,Before we move on: We should randomize which conversation they see to avoid learning effects?
c22,9,G,2026-02-02T08:07:25,"If retrieval is skewed, summaries may systematically misrepresent the group."
c22,10,E,2026-02-02T08:08:58,"Before we move on: For the user study, we can ask who seems most knowledgeable or influential?"
c22,11,C,2026-02-02T08:10:01,"We can compute retrieval share per speaker and compare it to participation share. If we write this down as a checklist, we can avoid back-and-forth later."
c22,12,C,2026-02-02T08:10:46,Hedging language might be retrieved less because it sounds less decisive. This also gives us something concrete to show in the proposal and final report.
c22,13,E,2026-02-02T08:12:22,"Quick question: For the user study, we can ask who seems most knowledgeable or influential?"
c22,14,G,2026-02-02T08:13:22,We can show participants a short system-generated summary and ask perception questions.
c22,15,C,2026-02-02T08:14:03,"We can show participants a short system-generated summary and ask perception questions. If we write this down as a checklist, we can avoid back-and-forth later."
c22,16,C,2026-02-02T08:14:39,We can show participants a short system-generated summary and ask perception questions. That way we can separate system behavior from human perception effects.
c22,17,G,2026-02-02T08:14:59,"If retrieval is skewed, summaries may systematically misrepresent the group."
c22,18,G,2026-02-02T08:15:26,We can show participants a short system-generated summary and ask perception questions.
c22,19,E,2026-02-02T08:16:58,"Just to check: We should compute style metrics: verbosity, hedging rate, assertiveness rate?"
c22,20,G,2026-02-02T08:17:31,"We should collect demographics lightly, if allowed, but keep it minimal."
c22,21,D,2026-02-02T08:19:12,We can keep it lightweight with a Google Form and short tasks.
c22,22,G,2026-02-02T08:19:48,"If retrieval is skewed, summaries may systematically misrepresent the group."
c22,23,G,2026-02-02T08:21:34,I agree. We can show participants a short system-generated summary and ask perception questions.
c22,24,E,2026-02-02T08:23:16,Small question: I agree. I suspect verbose speakers will be retrieved more often just because they contain more keywords?
c22,25,F,2026-02-02T08:23:43,"Could we, we should randomize which conversation they see to avoid learning effects."
c22,26,F,2026-02-02T08:25:25,I agree. Hedging language might be retrieved less because it sounds less decisive. please.
c22,27,C,2026-02-02T08:26:24,I suspect verbose speakers will be retrieved more often just because they contain more keywords. This also gives us something concrete to show in the proposal and final report.
c22,28,C,2026-02-02T08:26:49,"We should collect demographics lightly, if allowed, but keep it minimal. It might feel like extra work now, but it saves time during analysis."
c22,29,G,2026-02-02T08:27:27,"Definitely, we can show participants a short system-generated summary and ask perception questions."
c22,30,E,2026-02-02T08:28:59,"Just to check: For sure, we can keep it lightweight with a Google Form and short tasks?"
c22,31,G,2026-02-02T08:29:20,"If retrieval is skewed, summaries may systematically misrepresent the group."
c22,32,G,2026-02-02T08:31:09,We can show participants a short system-generated summary and ask perception questions.
c22,33,E,2026-02-02T08:32:33,Quick question: We can keep it lightweight with a Google Form and short tasks?
c22,34,G,2026-02-02T08:34:05,"We should compute style metrics: verbosity, hedging rate, assertiveness rate."
c22,35,C,2026-02-02T08:35:20,We can compute retrieval share per speaker and compare it to participation share. That way we can separate system behavior from human perception effects.
c22,36,E,2026-02-02T08:36:52,"Small question: We should compute style metrics: verbosity, hedging rate, assertiveness rate?"
c22,37,D,2026-02-02T08:37:12,"For sure, for the user study, we can ask who seems most knowledgeable or influential."
c22,38,C,2026-02-02T08:38:23,Hedging language might be retrieved less because it sounds less decisive. That way we can separate system behavior from human perception effects.
c22,39,D,2026-02-02T08:39:02,Hedging language might be retrieved less because it sounds less decisive.
c22,40,G,2026-02-02T08:39:50,"I'm not fully convinced yet. For the user study, we can ask who seems most knowledgeable or influential."
c22,41,G,2026-02-02T08:41:23,"For the user study, we can ask who seems most knowledgeable or influential."
c22,42,D,2026-02-02T08:42:02,Hedging language might be retrieved less because it sounds less decisive.
c22,43,E,2026-02-02T08:42:52,Just to check: I suspect verbose speakers will be retrieved more often just because they contain more keywords?
c22,44,E,2026-02-02T08:44:29,Can we clarify: We can compute retrieval share per speaker and compare it to participation share?
c22,45,E,2026-02-02T08:45:35,"Can we clarify: We should compute style metrics: verbosity, hedging rate, assertiveness rate?"
c22,46,E,2026-02-02T08:45:55,"Just to check: If retrieval is skewed, summaries may systematically misrepresent the group?"
c22,47,F,2026-02-02T08:47:04,"If you don't mind, for the user study, we can ask who seems most knowledgeable or influential."
c22,48,D,2026-02-02T08:48:23,We can keep it lightweight with a Google Form and short tasks.
c22,49,C,2026-02-02T08:48:48,"We should collect demographics lightly, if allowed, but keep it minimal. This also gives us something concrete to show in the proposal and final report."
c22,50,C,2026-02-02T08:49:24,"We should randomize which conversation they see to avoid learning effects. It might feel like extra work now, but it saves time during analysis."
c22,51,C,2026-02-02T08:50:23,"Readers may think the most-retrieved speaker is the leader, even if they weren’t. We can validate it quickly with a small pilot before we scale it up."
c22,52,C,2026-02-02T08:51:59,"I'm not fully convinced yet. We can compute retrieval share per speaker and compare it to participation share. It might feel like extra work now, but it saves time during analysis."
c22,53,E,2026-02-02T08:52:23,Just to check: We can compute retrieval share per speaker and compare it to participation share?
c22,54,F,2026-02-02T08:54:10,"Please, for sure, if retrieval is skewed, summaries may systematically misrepresent the group."
c22,55,C,2026-02-02T08:55:51,"I'm not fully convinced yet. We should compute style metrics: verbosity, hedging rate, assertiveness rate. If we write this down as a checklist, we can avoid back-and-forth later."
c22,56,E,2026-02-02T08:56:43,"Quick question: We should compute style metrics: verbosity, hedging rate, assertiveness rate?"
c22,57,G,2026-02-02T08:58:18,"We should compute style metrics: verbosity, hedging rate, assertiveness rate."
c22,58,G,2026-02-02T08:59:13,"Definitely, i agree. I suspect verbose speakers will be retrieved more often just because they contain more keywords."
c23,1,B,2026-02-02T09:00:00,Team: let's discuss study design discussion and get aligned before we split tasks.
c23,2,A,2026-02-02T09:01:14,"Let's we should compute style metrics: verbosity, hedging rate, assertiveness rate."
c23,3,D,2026-02-02T09:02:17,Hedging language might be retrieved less because it sounds less decisive.
c23,4,D,2026-02-02T09:03:08,"In my view, i suspect verbose speakers will be retrieved more often just because they contain more keywords."
c23,5,A,2026-02-02T09:03:42,We should we can keep it lightweight with a Google Form and short tasks.
c23,6,A,2026-02-02T09:05:04,"We need to for sure, i'm not fully convinced yet. We should track agreement across participants to see if the effect is consistent."
c23,7,F,2026-02-02T09:05:53,I agree. We can keep it lightweight with a Google Form and short tasks. could we.
c23,8,C,2026-02-02T09:07:16,We should track agreement across participants to see if the effect is consistent. We can validate it quickly with a small pilot before we scale it up.
c23,9,C,2026-02-02T09:08:06,I suspect verbose speakers will be retrieved more often just because they contain more keywords. We can validate it quickly with a small pilot before we scale it up.
c23,10,F,2026-02-02T09:09:38,"If you don't mind, if retrieval is skewed, summaries may systematically misrepresent the group."
c23,11,B,2026-02-02T09:10:04,"I think, i'm not fully convinced yet. We can compute retrieval share per speaker and compare it to participation share."
c23,12,F,2026-02-02T09:11:06,"Thanks, we should compute style metrics: verbosity, hedging rate, assertiveness rate."
c23,13,C,2026-02-02T09:11:38,"I agree. We should compute style metrics: verbosity, hedging rate, assertiveness rate. It might feel like extra work now, but it saves time during analysis."
c23,14,C,2026-02-02T09:12:35,"We can compute retrieval share per speaker and compare it to participation share. It might feel like extra work now, but it saves time during analysis."
c23,15,C,2026-02-02T09:13:27,"We should collect demographics lightly, if allowed, but keep it minimal. It might feel like extra work now, but it saves time during analysis."
c23,16,B,2026-02-02T09:14:45,"I feel like, we can keep it lightweight with a Google Form and short tasks."
c23,17,B,2026-02-02T09:15:41,"I feel like, we should track agreement across participants to see if the effect is consistent."
c23,18,C,2026-02-02T09:16:52,We should track agreement across participants to see if the effect is consistent. This also gives us something concrete to show in the proposal and final report.
c23,19,A,2026-02-02T09:18:16,"We should if retrieval is skewed, summaries may systematically misrepresent the group."
c23,20,B,2026-02-02T09:19:29,"Maybe, we can compute retrieval share per speaker and compare it to participation share."
c23,21,F,2026-02-02T09:20:26,"Please, we should track agreement across participants to see if the effect is consistent."
c23,22,A,2026-02-02T09:21:48,We should i suspect verbose speakers will be retrieved more often just because they contain more keywords.
c23,23,B,2026-02-02T09:22:24,"Maybe, if retrieval is skewed, summaries may systematically misrepresent the group."
c23,24,B,2026-02-02T09:23:23,"I'm not sure but, we can keep it lightweight with a Google Form and short tasks."
c23,25,C,2026-02-02T09:25:04,"In my view, i'm not fully convinced yet. We can keep it lightweight with a Google Form and short tasks. If we write this down as a checklist, we can avoid back-and-forth later."
c23,26,B,2026-02-02T09:26:53,"I feel like, hedging language might be retrieved less because it sounds less decisive."
c23,27,C,2026-02-02T09:27:23,"Readers may think the most-retrieved speaker is the leader, even if they weren’t. If we write this down as a checklist, we can avoid back-and-forth later."
c23,28,F,2026-02-02T09:28:13,"Would you be able to, we should compute style metrics: verbosity, hedging rate, assertiveness rate."
c23,29,A,2026-02-02T09:30:02,Let's i suspect verbose speakers will be retrieved more often just because they contain more keywords.
c23,30,F,2026-02-02T09:30:42,"Honestly, we should compute style metrics: verbosity, hedging rate, assertiveness rate. appreciate it."
c23,31,A,2026-02-02T09:31:08,"We should we should compute style metrics: verbosity, hedging rate, assertiveness rate."
c23,32,C,2026-02-02T09:32:49,"I'm not fully convinced yet. For the user study, we can ask who seems most knowledgeable or influential. That way we can separate system behavior from human perception effects."
c23,33,A,2026-02-02T09:34:31,We need to i suspect verbose speakers will be retrieved more often just because they contain more keywords.
c23,34,F,2026-02-02T09:34:51,"Thanks, we should randomize which conversation they see to avoid learning effects."
c23,35,F,2026-02-02T09:36:32,"Would you be able to, we should track agreement across participants to see if the effect is consistent."
c23,36,A,2026-02-02T09:37:46,"We need to if retrieval is skewed, summaries may systematically misrepresent the group."
c23,37,C,2026-02-02T09:38:15,"Hedging language might be retrieved less because it sounds less decisive. It might feel like extra work now, but it saves time during analysis."
c23,38,A,2026-02-02T09:39:23,"The best option is readers may think the most-retrieved speaker is the leader, even if they weren’t."
c23,39,B,2026-02-02T09:41:07,"It seems like, hedging language might be retrieved less because it sounds less decisive."
c23,40,F,2026-02-02T09:42:04,"Thanks, i agree. We can keep it lightweight with a Google Form and short tasks."
c23,41,A,2026-02-02T09:42:24,I recommend i suspect verbose speakers will be retrieved more often just because they contain more keywords.
c23,42,C,2026-02-02T09:44:09,"We can keep it lightweight with a Google Form and short tasks. If we write this down as a checklist, we can avoid back-and-forth later."
c23,43,D,2026-02-02T09:45:19,I agree.
c23,44,F,2026-02-02T09:46:36,I suspect verbose speakers will be retrieved more often just because they contain more keywords. appreciate it.
c23,45,B,2026-02-02T09:47:07,"It seems like, we should collect demographics lightly, if allowed, but keep it minimal."
c23,46,B,2026-02-02T09:48:02,"Maybe, we can show participants a short system-generated summary and ask perception questions."
c23,47,A,2026-02-02T09:49:47,We should we can keep it lightweight with a Google Form and short tasks.
c23,48,F,2026-02-02T09:51:08,"Thanks, hedging language might be retrieved less because it sounds less decisive."
c23,49,A,2026-02-02T09:52:17,"I recommend definitely, for the user study, we can ask who seems most knowledgeable or influential."
c23,50,A,2026-02-02T09:53:09,"We need to honestly, i agree. We should compute style metrics: verbosity, hedging rate, assertiveness rate."
c23,51,C,2026-02-02T09:54:44,"I agree. Hedging language might be retrieved less because it sounds less decisive. It might feel like extra work now, but it saves time during analysis."
c23,52,A,2026-02-02T09:55:40,We should i agree. We should randomize which conversation they see to avoid learning effects.
c23,53,A,2026-02-02T09:57:21,"Let's for sure, we should compute style metrics: verbosity, hedging rate, assertiveness rate."
c23,54,A,2026-02-02T09:58:54,We should i suspect verbose speakers will be retrieved more often just because they contain more keywords.
c23,55,B,2026-02-02T10:00:05,"It seems like, we should collect demographics lightly, if allowed, but keep it minimal."
c23,56,F,2026-02-02T10:01:33,"Would you be able to, i suspect verbose speakers will be retrieved more often just because they contain more keywords."
c23,57,A,2026-02-02T10:03:01,Let's we should track agreement across participants to see if the effect is consistent.
c23,58,C,2026-02-02T10:03:47,"We should randomize which conversation they see to avoid learning effects. It might feel like extra work now, but it saves time during analysis."
c23,59,A,2026-02-02T10:05:20,"The best option is if retrieval is skewed, summaries may systematically misrepresent the group."
c23,60,F,2026-02-02T10:06:44,"If retrieval is skewed, summaries may systematically misrepresent the group. would you be able to."
c24,1,E,2026-02-02T10:00:00,Team: let's discuss choosing tools/stack and get aligned before we split tasks.
c24,2,C,2026-02-02T10:01:17,We should build a baseline before adding any improvements. We can validate it quickly with a small pilot before we scale it up.
c24,3,E,2026-02-02T10:02:00,Just to check: We should log every retrieval step so we can explain results?
c24,4,E,2026-02-02T10:03:05,"Just to check: First we ingest chats, then index, then retrieve, then answer, then analyze logs?"
c24,5,F,2026-02-02T10:03:40,"Thanks, we can use a simple vector store and a basic retrieval QA chain."
c24,6,A,2026-02-02T10:05:07,"I propose first we ingest chats, then index, then retrieve, then answer, then analyze logs."
c24,7,F,2026-02-02T10:05:41,"Could we, a more complex system might look impressive but could be risky."
c24,8,A,2026-02-02T10:06:37,I recommend we should trade engineering time for better study design and write-up.
c24,9,E,2026-02-02T10:08:03,Quick question: We should trade engineering time for better study design and write-up?
c24,10,F,2026-02-02T10:09:07,"Appreciate it, we should log every retrieval step so we can explain results."
c24,11,F,2026-02-02T10:09:30,A minimal system plus strong evaluation is probably the best strategy. would you be able to.
c24,12,B,2026-02-02T10:10:50,"I think, a minimal system plus strong evaluation is probably the best strategy."
c24,13,C,2026-02-02T10:11:20,"We should log every retrieval step so we can explain results. It might feel like extra work now, but it saves time during analysis."
c24,14,F,2026-02-02T10:12:05,A minimal system plus strong evaluation is probably the best strategy. if you don't mind.
c24,15,E,2026-02-02T10:13:07,Quick question: I agree. A more complex system might look impressive but could be risky?
c24,16,E,2026-02-02T10:14:37,Small question: We should trade engineering time for better study design and write-up?
c24,17,E,2026-02-02T10:15:21,"Before we move on: I'm not fully convinced yet. If we keep it simple, we can run more experiments and comparisons?"
c24,18,C,2026-02-02T10:16:46,"I agree. If we keep the stack simple, we can focus on the analysis. This also gives us something concrete to show in the proposal and final report."
c24,19,C,2026-02-02T10:18:23,"If we keep the stack simple, we can focus on the analysis. If we write this down as a checklist, we can avoid back-and-forth later."
c24,20,B,2026-02-02T10:19:20,"I'm not sure but, i'm not fully convinced yet. We should trade engineering time for better study design and write-up."
c24,21,F,2026-02-02T10:19:59,"If we keep it simple, we can run more experiments and comparisons. would you be able to."
c24,22,F,2026-02-02T10:20:47,"If you don't mind, we can use a simple vector store and a basic retrieval QA chain."
c24,23,E,2026-02-02T10:21:44,Quick question: We could compare two setups to see if results are robust?
c24,24,E,2026-02-02T10:22:06,"Before we move on: If we keep the stack simple, we can focus on the analysis?"
c24,25,F,2026-02-02T10:23:31,"Thanks, i'm not fully convinced yet. A more complex system might look impressive but could be risky."
c24,26,E,2026-02-02T10:24:53,Can we clarify: Let’s make the pipeline reproducible with fixed seeds and configs?
c24,27,B,2026-02-02T10:26:43,"Possibly, if we keep it simple, we can run more experiments and comparisons."
c24,28,F,2026-02-02T10:27:44,"Honestly, i agree. We could compare two setups to see if results are robust. thanks."
c24,29,E,2026-02-02T10:28:39,"Quick question: To be clear, we should log every retrieval step so we can explain results?"
c24,30,F,2026-02-02T10:29:01,"Appreciate it, a minimal system plus strong evaluation is probably the best strategy."
c24,31,F,2026-02-02T10:30:21,I agree. We should trade engineering time for better study design and write-up. thanks.
c24,32,F,2026-02-02T10:32:10,"Would you be able to, we should trade engineering time for better study design and write-up."
c24,33,C,2026-02-02T10:33:43,I'm not fully convinced yet. We can use a simple vector store and a basic retrieval QA chain. We can validate it quickly with a small pilot before we scale it up.
c24,34,C,2026-02-02T10:34:27,"Let’s make the pipeline reproducible with fixed seeds and configs. If we write this down as a checklist, we can avoid back-and-forth later."
c24,35,C,2026-02-02T10:35:27,We should build a baseline before adding any improvements. That way we can separate system behavior from human perception effects.
c24,36,B,2026-02-02T10:36:49,"Possibly, we should trade engineering time for better study design and write-up."
c24,37,E,2026-02-02T10:37:32,Small question: Let’s make the pipeline reproducible with fixed seeds and configs?
c24,38,C,2026-02-02T10:37:54,Let’s make the pipeline reproducible with fixed seeds and configs. That way we can separate system behavior from human perception effects.
c24,39,B,2026-02-02T10:39:30,"I think, we should trade engineering time for better study design and write-up."
c24,40,A,2026-02-02T10:40:55,We need to a minimal system plus strong evaluation is probably the best strategy.
c24,41,C,2026-02-02T10:41:50,"We should build a baseline before adding any improvements. It might feel like extra work now, but it saves time during analysis."
c24,42,A,2026-02-02T10:42:59,"We should if we keep it simple, we can run more experiments and comparisons."
c24,43,E,2026-02-02T10:43:48,Quick question: I agree. We should trade engineering time for better study design and write-up?
c24,44,B,2026-02-02T10:44:58,"I feel like, honestly, a more complex system might look impressive but could be risky."
c24,45,C,2026-02-02T10:45:22,"We should choose tools that are stable and easy to reproduce. If we write this down as a checklist, we can avoid back-and-forth later."
c24,46,C,2026-02-02T10:47:10,"We should trade engineering time for better study design and write-up. It might feel like extra work now, but it saves time during analysis."
c24,47,B,2026-02-02T10:48:52,"It seems like, if we keep it simple, we can run more experiments and comparisons."
c24,48,B,2026-02-02T10:50:09,"Maybe, first we ingest chats, then index, then retrieve, then answer, then analyze logs."
c24,49,A,2026-02-02T10:50:36,We need to i'm not fully convinced yet. We should build a baseline before adding any improvements.
c24,50,F,2026-02-02T10:52:15,"If we keep the stack simple, we can focus on the analysis. if you don't mind."
c24,51,A,2026-02-02T10:52:37,"We should if we keep the stack simple, we can focus on the analysis."
c24,52,C,2026-02-02T10:54:20,A more complex system might look impressive but could be risky. We can validate it quickly with a small pilot before we scale it up.
c24,53,E,2026-02-02T10:55:30,Can we clarify: We can use a simple vector store and a basic retrieval QA chain?
c24,54,B,2026-02-02T10:57:11,"Possibly, we should build a baseline before adding any improvements."
c24,55,E,2026-02-02T10:58:22,"Small question: I'm not fully convinced yet. First we ingest chats, then index, then retrieve, then answer, then analyze logs?"
c24,56,E,2026-02-02T11:00:02,"Quick question: To be clear, we should log every retrieval step so we can explain results?"
c24,57,C,2026-02-02T11:01:32,"First we ingest chats, then index, then retrieve, then answer, then analyze logs. That way we can separate system behavior from human perception effects."
c24,58,F,2026-02-02T11:02:30,"Could we, let’s make the pipeline reproducible with fixed seeds and configs."
c24,59,A,2026-02-02T11:03:13,I propose we should trade engineering time for better study design and write-up.
c24,60,F,2026-02-02T11:04:19,"Would you be able to, i agree. We should log every retrieval step so we can explain results."
c24,61,C,2026-02-02T11:05:05,"First we ingest chats, then index, then retrieve, then answer, then analyze logs. This also gives us something concrete to show in the proposal and final report."
c24,62,F,2026-02-02T11:06:46,"Could we, we should choose tools that are stable and easy to reproduce."
c24,63,E,2026-02-02T11:07:33,Just to check: We should trade engineering time for better study design and write-up?
c24,64,B,2026-02-02T11:09:13,"I think, we should trade engineering time for better study design and write-up."
c25,1,E,2026-02-02T11:00:00,Team: let's discuss class project planning and get aligned before we split tasks.
c25,2,C,2026-02-02T11:01:03,"If we finish the prototype early, we’ll have time to run the user study. This also gives us something concrete to show in the proposal and final report."
c25,3,F,2026-02-02T11:01:48,We should decide what success looks like by the end of the semester. thanks.
c25,4,C,2026-02-02T11:03:14,We need multi-speaker conversations where each person has a distinct style. That way we can separate system behavior from human perception effects.
c25,5,E,2026-02-02T11:04:33,Can we clarify: Let’s decide how many conversations and messages we need for signal?
c25,6,C,2026-02-02T11:05:30,"Let’s set weekly milestones: data, prototype, analysis, study, writing. That way we can separate system behavior from human perception effects."
c25,7,C,2026-02-02T11:05:56,We should store everything in a clean CSV with speaker IDs and timestamps. This also gives us something concrete to show in the proposal and final report.
c25,8,E,2026-02-02T11:06:39,"Can we clarify: To be clear, we need multi-speaker conversations where each person has a distinct style?"
c25,9,E,2026-02-02T11:08:02,Quick question: We should assign owners for each part so work doesn’t overlap?
c25,10,C,2026-02-02T11:08:44,"If we overbuild, we’ll have less time for evaluation and writing. If we write this down as a checklist, we can avoid back-and-forth later."
c25,11,F,2026-02-02T11:09:54,"If you don't mind, we need multi-speaker conversations where each person has a distinct style."
c25,12,G,2026-02-02T11:11:37,"I agree. Let’s set weekly milestones: data, prototype, analysis, study, writing."
c25,13,F,2026-02-02T11:12:28,We can simulate group chats so we control ground truth and avoid privacy issues. if you don't mind.
c25,14,G,2026-02-02T11:13:58,I'm not fully convinced yet. Let’s decide how many conversations and messages we need for signal.
c25,15,C,2026-02-02T11:15:33,We need to keep the project focused so we can finish in time. We can validate it quickly with a small pilot before we scale it up.
c25,16,D,2026-02-02T11:16:48,We can simulate group chats so we control ground truth and avoid privacy issues.
c25,17,E,2026-02-02T11:17:36,"Small question: In my view, we can simulate group chats so we control ground truth and avoid privacy issues?"
c25,18,F,2026-02-02T11:18:36,"If you don't mind, i'm not fully convinced yet. We need to keep the project focused so we can finish in time."
c25,19,C,2026-02-02T11:20:07,"If we overbuild, we’ll have less time for evaluation and writing. We can validate it quickly with a small pilot before we scale it up."
c25,20,C,2026-02-02T11:21:51,We should assign owners for each part so work doesn’t overlap. We can validate it quickly with a small pilot before we scale it up.
c25,21,C,2026-02-02T11:23:28,We should assign owners for each part so work doesn’t overlap. That way we can separate system behavior from human perception effects.
c25,22,E,2026-02-02T11:24:00,Before we move on: I'm not fully convinced yet. Let’s decide how many conversations and messages we need for signal?
c25,23,E,2026-02-02T11:24:59,"Small question: In my view, i agree. We can simulate group chats so we control ground truth and avoid privacy issues?"
c25,24,F,2026-02-02T11:26:27,We should decide what success looks like by the end of the semester. would you be able to.
c25,25,D,2026-02-02T11:26:49,We should decide what success looks like by the end of the semester.
c25,26,F,2026-02-02T11:27:56,"Would you be able to, we should decide what success looks like by the end of the semester."
c25,27,D,2026-02-02T11:28:52,"If we finish the prototype early, we’ll have time to run the user study."
c25,28,C,2026-02-02T11:29:59,We should decide what success looks like by the end of the semester. We can validate it quickly with a small pilot before we scale it up.
c25,29,F,2026-02-02T11:31:10,"Would you be able to, let’s set weekly milestones: data, prototype, analysis, study, writing."
c25,30,D,2026-02-02T11:31:52,Let’s decide how many conversations and messages we need for signal.
c25,31,F,2026-02-02T11:32:59,We need to keep the project focused so we can finish in time. thanks.
c25,32,E,2026-02-02T11:34:33,Can we clarify: I'm not fully convinced yet. Let’s pick one main question and avoid building extra features?
c25,33,G,2026-02-02T11:35:46,I'm not fully convinced yet. Let’s decide how many conversations and messages we need for signal.
c25,34,C,2026-02-02T11:36:27,We should decide what success looks like by the end of the semester. We can validate it quickly with a small pilot before we scale it up.
c25,35,D,2026-02-02T11:37:21,"For sure, if we overbuild, we’ll have less time for evaluation and writing."
c25,36,C,2026-02-02T11:38:29,We should decide what success looks like by the end of the semester. We can validate it quickly with a small pilot before we scale it up.
c25,37,E,2026-02-02T11:40:13,"Quick question: If we overbuild, we’ll have less time for evaluation and writing?"
c25,38,C,2026-02-02T11:41:53,We need to keep the project focused so we can finish in time. That way we can separate system behavior from human perception effects.
c25,39,D,2026-02-02T11:42:32,We need time near the end for polishing figures and slides.
c25,40,C,2026-02-02T11:43:52,We can simulate group chats so we control ground truth and avoid privacy issues. This also gives us something concrete to show in the proposal and final report.
c25,41,G,2026-02-02T11:44:58,Let’s decide how many conversations and messages we need for signal.
c25,42,E,2026-02-02T11:45:21,Small question: We should decide what success looks like by the end of the semester?
c25,43,E,2026-02-02T11:46:06,"Small question: In my view, we can simulate group chats so we control ground truth and avoid privacy issues?"
c25,44,C,2026-02-02T11:47:29,"We need multi-speaker conversations where each person has a distinct style. If we write this down as a checklist, we can avoid back-and-forth later."
c25,45,C,2026-02-02T11:47:51,"If we overbuild, we’ll have less time for evaluation and writing. We can validate it quickly with a small pilot before we scale it up."
c25,46,F,2026-02-02T11:49:00,"If you don't mind, we need to keep the project focused so we can finish in time."
c25,47,D,2026-02-02T11:49:53,"Honestly, we should decide what success looks like by the end of the semester."
c25,48,E,2026-02-02T11:51:11,"Can we clarify: In my view, i agree. If we finish the prototype early, we’ll have time to run the user study?"
c25,49,F,2026-02-02T11:52:36,"If we finish the prototype early, we’ll have time to run the user study. would you be able to."
c25,50,E,2026-02-02T11:53:25,"Small question: If we overbuild, we’ll have less time for evaluation and writing?"
c25,51,G,2026-02-02T11:54:26,"Let’s set weekly milestones: data, prototype, analysis, study, writing."
c25,52,G,2026-02-02T11:55:12,I'm not fully convinced yet. We should store everything in a clean CSV with speaker IDs and timestamps.
c25,53,E,2026-02-02T11:55:59,"Can we clarify: I agree. If we finish the prototype early, we’ll have time to run the user study?"
c25,54,E,2026-02-02T11:56:33,"Just to check: Honestly, i agree. We should store everything in a clean CSV with speaker IDs and timestamps?"
c25,55,E,2026-02-02T11:56:58,Just to check: I'm not fully convinced yet. Let’s pick one main question and avoid building extra features?
c25,56,C,2026-02-02T11:57:49,I'm not fully convinced yet. We need to keep the project focused so we can finish in time. We can validate it quickly with a small pilot before we scale it up.
c25,57,C,2026-02-02T11:59:27,"Let’s set weekly milestones: data, prototype, analysis, study, writing. We can validate it quickly with a small pilot before we scale it up."
c25,58,F,2026-02-02T12:00:20,"Could we, let’s set weekly milestones: data, prototype, analysis, study, writing."
c25,59,D,2026-02-02T12:00:46,We need to keep the project focused so we can finish in time.
c25,60,F,2026-02-02T12:02:35,"Thanks, we can simulate group chats so we control ground truth and avoid privacy issues."
c25,61,C,2026-02-02T12:03:42,"We should decide what success looks like by the end of the semester. It might feel like extra work now, but it saves time during analysis."
c25,62,E,2026-02-02T12:05:10,"Small question: I agree. If we finish the prototype early, we’ll have time to run the user study?"
c25,63,D,2026-02-02T12:06:12,"Honestly, we can simulate group chats so we control ground truth and avoid privacy issues."
c25,64,C,2026-02-02T12:07:57,We should store everything in a clean CSV with speaker IDs and timestamps. We can validate it quickly with a small pilot before we scale it up.
c25,65,E,2026-02-02T12:09:30,Can we clarify: We should assign owners for each part so work doesn’t overlap?
c25,66,F,2026-02-02T12:10:28,"Please, if we finish the prototype early, we’ll have time to run the user study."
c25,67,G,2026-02-02T12:11:16,"I agree. If we finish the prototype early, we’ll have time to run the user study."
